blind_id,mechanism,group,year,ic,period,post,intent,primary,secondary,primary_fdaaa,primary_4y,preK_PI,R01,R34,ktrial_direct,ktrial_direct_fdaaa,informative_strict,new_trial_due,new_trial_due_with_results,primary_nihdef,primary_late,nonpi_multisite,ktrial_timely,primary_timely,new_trial_due_results12,nih_new_trial,nih_new_trial_own_grant,ktrial_any_start,ktrial_grant_linked,ktrial_judged_unlinked,R01eq_5y,R01eq_7y,R01eq_or_trialgrant_5y,R01nih_5y,R01nih_7y,R01nih_R35_5y,R01nih_or_trialgrant_5y,followup_7y_complete,besh_only_classifier,preK_PI_nonK,stratum,ktrial_due,ktrial_due_results,ktrial_due_results12,seven_year_sample,new_trial_7y,new_trial_years_5_7_only,new_trial_7y_timely,k_id_field,k_text,k_none,k_no_text,new_no_text,k_excl_covid,new_excl_covid,new_5y_registered,new_7y_registered,dossier_sample,instrument_cell,instrument_state,ref_primary,ref_swap,ref_rater_a,ref_rater_b,intent_sample,call,human_intent,start_ge_2018,start_ge_2017_09,panel_sample,has_k_trial,a_pi_from_registration,b_link_added_later_or_never,c_responsibility_shift,d_insufficient,v0_awardee_pi,other_pi_v0,awardee_added_later,klink_v0,klink_added_later,started,completed,completed_within_5y,stopped,results,published,awardee_first_last
P01861,K23,Not Allowed,2021,NIDDK,post_policy,1,0,0,0,0,0,1,0,0,0,0,0,0,0,0,0,0,0,0,0,0,0,0,0,0,0,0,0,0,0,0,0,0,0,1,post,0,0,0,0,,,,0,0,0,0,0,0,0,0,0,0,none,k0p0,,,,,0,,,1,1,0,,,,,,,,,,,,,,,,,
P01862,K08,Not Allowed,2019,NIAMS,post_policy,1,0,0,0,0,0,0,0,0,0,0,0,0,0,0,0,0,0,0,0,0,0,0,0,0,0,0,0,0,0,0,0,1,0,0,post,0,0,0,1,0,0,0,0,0,0,0,0,0,0,0,0,0,none,k0p0,,,,,0,,,1,1,0,,,,,,,,,,,,,,,,,
P01863,K08,Required,2021,NCI,post_policy,1,1,0,0,0,0,1,1,0,0,0,0,0,0,0,0,0,0,0,0,0,0,1,0,0,1,1,1,1,1,1,1,0,0,0,post,0,0,0,0,,,,0,0,0,0,0,0,0,0,0,0,none,k0p0,,,,,0,,,1,1,0,,,,,,,,,,,,,,,,,
P01864,K08,Required,2021,NCI,post_policy,1,1,0,1,0,0,0,0,0,1,0,0,0,0,0,0,0,1,0,0,0,0,1,1,0,0,0,0,0,0,0,0,0,0,0,post,1,1,1,0,,,,1,0,0,1,0,1,0,0,0,0,ktrial_only,k1p0,,,,,0,,,1,1,0,,,,,,,,,,,,,,,,,
P01865,K08,Not Allowed,2019,NIGMS,post_policy,1,0,0,0,0,0,1,0,0,0,0,0,0,0,0,0,0,0,0,0,0,0,0,0,0,0,0,0,0,0,0,0,1,0,1,post,0,0,0,1,0,0,0,0,0,0,0,0,0,0,0,0,0,none,k0p0,,,,,0,,,1,1,0,,,,,,,,,,,,,,,,,
P01866,K23,Not Allowed,2021,NINDS,post_policy,1,0,0,0,0,0,0,0,0,0,0,0,0,0,0,0,0,0,0,0,0,0,0,0,0,0,0,0,0,0,0,0,0,0,0,post,0,0,0,0,,,,0,0,0,0,0,0,0,0,0,0,none,k0p0,,,,,0,,,1,1,0,,,,,,,,,,,,,,,,,
P01867,K08,Required,2019,NCI,post_policy,1,1,0,1,0,0,0,0,0,1,0,0,0,0,0,0,0,1,0,0,0,0,1,1,0,0,1,0,0,1,0,0,1,0,0,post,1,1,0,1,0,0,0,1,0,0,1,0,1,0,0,0,0,ktrial_only,k1p0,,,,,0,,,1,1,0,,,,,,,,,,,,,,,,,
P01868,K08,Not Allowed,2019,NHLBI,post_policy,1,0,0,0,0,0,0,0,0,0,0,0,0,0,0,0,0,0,0,0,0,0,0,0,0,0,0,0,0,0,0,0,1,0,0,post,0,0,0,1,0,0,0,0,0,0,0,0,0,0,0,0,0,none,k0p0,,,,,0,,,1,1,0,,,,,,,,,,,,,,,,,
P01869,K23,Not Allowed,2020,NINDS,post_policy,1,1,0,0,0,0,0,1,0,0,0,0,0,0,0,0,0,0,0,0,0,0,0,0,0,1,1,1,1,1,1,1,0,0,0,post,0,0,0,0,,,,0,0,0,0,0,0,0,0,0,0,none,k0p0,,,,,0,,,1,1,1,0,0,0,0,0,0,0,0,0,0,0,0,0,0,0,0,0
P01870,K08,Not Allowed,2021,NIA,post_policy,1,0,0,0,0,0,0,0,0,0,0,0,0,0,0,0,0,0,0,0,0,0,0,0,0,0,0,0,0,0,0,0,0,0,0,post,0,0,0,0,,,,0,0,0,0,0,0,0,0,0,0,none,k0p0,,,,,0,,,1,1,0,,,,,,,,,,,,,,,,,
P01871,K23,Not Allowed,2020,NIDDK,post_policy,1,0,0,0,0,0,0,0,0,0,0,0,0,0,0,0,0,0,0,0,0,0,0,0,0,0,0,0,0,0,0,0,0,0,0,post,0,0,0,0,,,,0,0,0,0,0,0,0,0,0,0,none,k0p0,,,,,0,,,1,1,0,,,,,,,,,,,,,,,,,
P01872,K08,Not Allowed,2019,NHLBI,post_policy,1,0,0,0,0,0,0,0,0,0,0,0,0,0,0,0,0,0,0,0,0,0,0,0,0,0,0,0,0,0,0,0,1,0,0,post,0,0,0,1,0,0,0,0,0,0,0,0,0,0,0,0,0,none,k0p0,,,,,0,,,1,1,0,,,,,,,,,,,,,,,,,
P01873,K08,Not Allowed,2019,NIDA,post_policy,1,0,1,1,0,1,0,1,0,0,0,0,0,0,1,0,0,0,1,0,0,0,0,0,0,1,1,1,1,1,1,1,1,0,0,post,0,0,0,1,1,0,1,0,0,0,0,1,0,0,1,1,0,new_trial,k0p1,,,,,0,,,1,1,0,,,,,,,,,,,,,,,,,
P01874,K23,Required,2020,NHLBI,post_policy,1,1,1,1,0,1,0,0,0,0,0,0,1,0,1,1,0,0,1,0,0,0,0,0,0,0,0,0,0,0,0,0,0,0,0,post,0,0,0,0,,,,0,0,0,0,1,0,1,1,1,0,new_trial,k0p1,,,,,0,,,1,1,1,0,0,0,0,0,0,0,0,0,0,0,0,0,0,0,0,0
P01875,K08,Not Allowed,2021,NIAID,post_policy,1,0,0,0,0,0,0,0,0,0,0,0,0,0,0,0,0,0,0,0,0,0,0,0,0,0,0,0,0,0,0,0,0,0,0,post,0,0,0,0,,,,0,0,0,0,0,0,0,0,0,0,none,k0p0,,,,,0,,,1,1,0,,,,,,,,,,,,,,,,,
P01876,K23,Not Allowed,2021,NIMH,post_policy,1,0,0,0,0,0,0,0,0,0,0,0,0,0,0,0,0,0,0,0,0,0,0,0,0,0,0,0,0,0,0,0,0,0,0,post,0,0,0,0,,,,0,0,0,0,0,0,0,0,0,0,none,k0p0,,,,,0,,,1,1,0,,,,,,,,,,,,,,,,,
P01877,K08,Not Allowed,2021,NIAID,post_policy,1,0,0,0,0,0,0,1,0,0,0,0,0,0,0,0,0,0,0,0,0,0,0,0,0,1,1,1,1,1,1,1,0,0,0,post,0,0,0,0,,,,0,0,0,0,0,0,0,0,0,0,none,k0p0,,,,,0,,,1,1,0,,,,,,,,,,,,,,,,,
P01878,K23,Required,2020,NINDS,post_policy,1,1,0,1,0,0,0,0,0,1,0,0,0,0,0,0,0,1,0,0,0,0,1,1,0,0,1,0,0,1,0,0,0,0,0,post,1,1,1,0,,,,1,0,0,1,0,1,0,0,0,0,ktrial_only,k1p0,,,,,0,,,1,1,1,1,1,0,0,0,1,0,0,1,0,1,1,1,0,1,1,1
P01879,K23,Not Allowed,2019,NICHD,post_policy,1,0,1,1,0,1,0,0,0,0,0,0,1,1,1,1,0,0,1,1,1,0,0,0,0,0,0,0,0,0,0,0,1,0,0,post,0,0,0,1,1,0,1,0,0,0,0,1,0,1,1,1,0,new_trial,k0p1,,,,,0,,,1,1,0,,,,,,,,,,,,,,,,,
P01880,K08,Not Allowed,2020,NCI,post_policy,1,0,0,0,0,0,0,1,0,0,0,0,0,0,0,0,0,0,0,0,0,0,0,0,0,1,1,1,1,1,1,1,0,0,0,post,0,0,0,0,,,,0,0,0,0,0,0,0,0,0,0,none,k0p0,,,,,0,,,1,1,0,,,,,,,,,,,,,,,,,
P01881,K23,Not Allowed,2020,NEI,post_policy,1,0,0,0,0,0,0,0,0,0,0,0,0,0,0,0,0,0,0,0,0,0,0,0,0,0,0,0,0,0,0,0,0,0,0,post,0,0,0,0,,,,0,0,0,0,0,0,0,0,0,0,none,k0p0,,,,,0,,,1,1,0,,,,,,,,,,,,,,,,,
P01882,K23,Required,2021,NHLBI,post_policy,1,1,0,1,0,0,1,0,0,1,1,0,0,0,0,0,0,1,0,0,0,0,1,1,0,0,1,0,0,1,0,0,0,0,1,post,1,0,0,0,,,,1,0,0,1,0,1,0,0,0,0,ktrial_only,k1p0,,,,,0,,,1,1,1,1,1,1,0,0,1,0,0,1,1,1,1,1,0,0,1,1
P01883,K08,Not Allowed,2020,NIAID,post_policy,1,0,0,0,0,0,0,0,0,0,0,0,0,0,0,0,0,0,0,0,0,0,0,0,0,0,1,0,0,1,0,0,0,0,0,post,0,0,0,0,,,,0,0,0,0,0,0,0,0,0,0,none,k0p0,,,,,0,,,1,1,0,,,,,,,,,,,,,,,,,
P01884,K08,Not Allowed,2019,NIAID,post_policy,1,0,0,0,0,0,0,0,0,0,0,0,0,0,0,0,0,0,0,0,0,0,0,0,0,0,0,0,0,0,0,0,1,0,0,post,0,0,0,1,0,0,0,0,0,0,0,0,0,0,0,0,0,none,k0p0,,,,,0,,,1,1,0,,,,,,,,,,,,,,,,,
P01885,K08,Not Allowed,2021,NHLBI,post_policy,1,0,0,0,0,0,0,0,0,0,0,0,0,0,0,0,0,0,0,0,0,0,0,0,0,0,0,0,0,0,0,0,0,0,0,post,0,0,0,0,,,,0,0,0,0,0,0,0,0,0,0,none,k0p0,,,,,0,,,1,1,0,,,,,,,,,,,,,,,,,
P01886,K23,Not Allowed,2021,NIMH,post_policy,1,0,0,0,0,0,0,0,0,0,0,0,0,0,0,0,0,0,0,0,0,0,0,0,0,0,0,0,0,0,0,0,0,0,0,post,0,0,0,0,,,,0,0,0,0,0,0,0,0,0,0,none,k0p0,,,,,0,,,1,1,0,,,,,,,,,,,,,,,,,
P01887,K08,Not Allowed,2021,NIDDK,post_policy,1,0,0,0,0,0,0,1,0,0,0,0,0,0,0,0,0,0,0,0,0,0,0,0,0,1,1,1,1,1,1,1,0,0,0,post,0,0,0,0,,,,0,0,0,0,0,0,0,0,0,0,none,k0p0,,,,,0,,,1,1,0,,,,,,,,,,,,,,,,,
P01888,K08,Not Allowed,2020,NINDS,post_policy,1,0,0,0,0,0,0,0,0,0,0,0,0,0,0,0,0,0,0,0,0,0,0,0,0,0,0,0,0,0,0,0,0,0,0,post,0,0,0,0,,,,0,0,0,0,0,0,0,0,0,0,none,k0p0,,,,,0,,,1,1,0,,,,,,,,,,,,,,,,,
P01889,K08,Not Allowed,2021,NHLBI,post_policy,1,0,0,0,0,0,0,0,0,0,0,0,0,0,0,0,1,0,0,0,0,0,0,0,0,0,0,1,0,0,0,1,0,0,0,post,0,0,0,0,,,,0,0,0,0,0,0,0,0,0,0,none,k0p0,,,,,0,,,1,1,0,,,,,,,,,,,,,,,,,
P01890,K08,Not Allowed,2020,NIDDK,post_policy,1,0,0,0,0,0,0,0,0,0,0,0,0,0,0,0,0,0,0,0,0,0,0,0,0,0,1,0,0,1,0,0,0,0,0,post,0,0,0,0,,,,0,0,0,0,0,0,0,0,0,0,none,k0p0,,,,,0,,,1,1,0,,,,,,,,,,,,,,,,,
P01891,K08,Not Allowed,2019,NIAID,post_policy,1,0,0,0,0,0,0,0,0,0,0,0,0,0,0,0,0,0,0,0,0,0,0,0,0,0,0,0,0,0,0,0,1,0,0,post,0,0,0,1,0,0,0,0,0,0,0,0,0,0,0,0,0,none,k0p0,,,,,0,,,1,1,0,,,,,,,,,,,,,,,,,
P01892,K23,Not Allowed,2020,NIGMS,post_policy,1,0,0,0,0,0,0,0,0,0,0,0,0,0,0,0,0,0,0,0,0,0,0,0,0,0,1,0,0,1,0,0,0,0,0,post,0,0,0,0,,,,0,0,0,0,0,0,0,0,0,0,none,k0p0,,,,,0,,,1,1,0,,,,,,,,,,,,,,,,,
P01893,K23,Required,2020,NHLBI,post_policy,1,1,0,1,0,0,1,0,0,1,0,0,0,0,0,0,0,1,0,0,0,0,1,1,0,0,0,0,0,0,0,0,0,0,1,post,1,1,0,0,,,,1,0,0,1,0,1,0,0,0,0,ktrial_only,k1p0,,,,,0,,,1,1,1,1,1,0,0,0,1,0,0,1,0,1,1,1,0,1,1,1
P01894,K08,Not Allowed,2020,NIDDK,post_policy,1,0,0,0,0,0,0,0,0,0,0,0,0,0,0,0,0,0,0,0,0,0,0,0,0,0,0,0,0,0,0,0,0,0,0,post,0,0,0,0,,,,0,0,0,0,0,0,0,0,0,0,none,k0p0,,,,,0,,,1,1,0,,,,,,,,,,,,,,,,,
P01895,K08,Not Allowed,2018,NIMH,post_policy,1,0,0,0,0,0,0,1,0,0,0,0,0,0,0,0,0,0,0,0,0,0,0,0,0,1,1,1,1,1,1,1,1,0,0,post,0,0,0,1,0,0,0,0,0,0,0,0,0,0,0,0,0,none,k0p0,,,,,0,,,1,1,0,,,,,,,,,,,,,,,,,
P01896,K08,Not Allowed,2020,NIMH,post_policy,1,0,0,0,0,0,0,0,0,0,0,0,0,0,0,0,0,0,0,0,0,0,0,0,0,0,0,0,1,1,1,1,0,0,0,post,0,0,0,0,,,,0,0,0,0,0,0,0,0,0,0,none,k0p0,,,,,0,,,1,1,0,,,,,,,,,,,,,,,,,
P01897,K08,Not Allowed,2019,NHLBI,post_policy,1,0,0,0,0,0,0,1,0,0,0,0,0,0,0,0,0,0,0,0,0,0,0,0,0,1,1,1,1,1,1,1,1,0,0,post,0,0,0,1,0,0,0,0,0,0,0,0,0,0,0,0,0,none,k0p0,,,,,0,,,1,1,0,,,,,,,,,,,,,,,,,
P01898,K23,Not Allowed,2020,NHLBI,post_policy,1,0,0,0,0,0,0,1,0,0,0,0,0,0,0,0,0,0,0,0,0,0,0,0,0,1,1,1,1,1,1,1,0,0,0,post,0,0,0,0,,,,0,0,0,0,0,0,0,0,0,0,none,k0p0,,,,,0,,,1,1,0,,,,,,,,,,,,,,,,,
P01899,K23,Not Allowed,2019,NICHD,post_policy,1,0,0,0,0,0,0,0,0,0,0,0,0,0,0,0,0,0,0,0,0,0,0,0,0,0,0,0,0,0,0,0,1,0,0,post,0,0,0,1,0,0,0,0,0,0,0,0,0,0,0,0,0,none,k0p0,,,,,0,,,1,1,0,,,,,,,,,,,,,,,,,
P01900,K23,Not Allowed,2020,NHLBI,post_policy,1,0,0,0,0,0,0,0,0,0,0,0,0,0,0,0,0,0,0,0,0,0,0,0,0,0,0,0,0,0,0,0,0,0,0,post,0,0,0,0,,,,0,0,0,0,0,0,0,0,0,0,none,k0p0,,,,,0,,,1,1,0,,,,,,,,,,,,,,,,,
P01901,K08,Not Allowed,2019,NINDS,post_policy,1,0,0,0,0,0,0,1,0,0,0,0,0,0,0,0,0,0,0,0,0,0,0,0,0,1,1,1,1,1,1,1,0,0,0,post,0,0,0,0,,,,0,0,0,0,0,0,0,0,0,0,none,k0p0,,,,,0,,,1,1,0,,,,,,,,,,,,,,,,,
P01902,K08,Not Allowed,2020,NCI,post_policy,1,0,0,0,0,0,1,0,0,0,0,0,0,0,0,0,0,0,0,0,0,0,1,0,0,0,0,0,0,0,0,0,0,0,0,post,0,0,0,0,,,,0,0,0,0,0,0,0,0,0,0,none,k0p0,,,,,0,,,1,1,0,,,,,,,,,,,,,,,,,
P01903,K08,Not Allowed,2018,NINDS,post_policy,1,0,0,0,0,0,0,1,0,0,0,0,0,0,0,0,0,0,0,0,0,0,0,0,0,1,1,1,1,1,1,1,1,0,0,post,0,0,0,1,0,0,0,0,0,0,0,0,0,0,0,0,0,none,k0p0,,,,,0,,,1,1,0,,,,,,,,,,,,,,,,,
P01904,K08,Not Allowed,2019,NHLBI,post_policy,1,0,0,0,0,0,0,0,0,0,0,0,0,0,0,0,0,0,0,0,0,0,0,0,0,0,0,0,0,0,0,0,1,0,0,post,0,0,0,1,0,0,0,0,0,0,0,0,0,0,0,0,0,none,k0p0,,,,,0,,,1,1,0,,,,,,,,,,,,,,,,,
P01905,K23,Required,2021,NHLBI,post_policy,1,1,0,0,0,0,0,0,0,0,0,0,0,0,0,0,0,0,0,0,0,0,0,0,0,0,0,0,0,0,0,0,0,0,0,post,0,0,0,0,,,,0,0,0,0,0,0,0,0,0,0,none,k0p0,,,,,0,,,1,1,1,0,0,0,0,0,0,0,0,0,0,0,0,0,0,0,0,0
P01906,K08,Not Allowed,2020,NHLBI,post_policy,1,0,0,0,0,0,0,0,0,0,0,0,0,0,0,0,0,0,0,0,0,0,0,0,0,0,0,0,0,0,0,0,0,0,0,post,0,0,0,0,,,,0,0,0,0,0,0,0,0,0,0,none,k0p0,,,,,0,,,1,1,0,,,,,,,,,,,,,,,,,
P01907,K08,Not Allowed,2019,NCI,post_policy,1,0,1,1,0,1,0,0,0,0,0,0,0,0,1,1,0,0,1,0,1,0,0,0,0,0,0,0,0,0,0,0,1,0,0,post,0,0,0,1,1,0,1,0,0,0,0,1,0,1,1,1,0,new_trial,k0p1,,,,,0,,,1,1,0,,,,,,,,,,,,,,,,,
P01908,K23,Not Allowed,2021,NEI,post_policy,1,0,0,0,0,0,0,0,0,0,0,0,0,0,0,0,0,0,0,0,0,0,0,0,0,0,1,0,0,1,0,0,0,0,0,post,0,0,0,0,,,,0,0,0,0,0,0,0,0,0,0,none,k0p0,,,,,0,,,1,1,0,,,,,,,,,,,,,,,,,
P01909,K23,Required,2019,NIDDK,post_policy,1,1,0,1,0,0,0,0,0,1,0,0,0,0,0,0,0,1,0,0,0,0,1,1,0,0,0,0,0,0,0,0,1,0,0,post,1,1,0,1,0,0,0,1,0,0,1,0,1,0,0,0,0,ktrial_only,k1p0,,,,,0,,,1,1,1,1,1,0,0,0,1,0,0,1,0,1,1,1,0,1,0,0
P01910,K23,Not Allowed,2020,NHLBI,post_policy,1,0,1,1,1,1,0,0,0,0,0,1,0,0,1,0,0,0,1,0,0,0,0,0,0,0,0,0,0,0,0,0,0,0,0,post,0,0,0,0,,,,0,0,0,0,1,0,0,1,1,0,new_trial,k0p1,,,,,0,,,1,1,0,,,,,,,,,,,,,,,,,
P01911,K23,Required,2021,NHLBI,post_policy,1,1,1,1,1,0,0,0,0,1,0,0,0,0,1,1,0,1,1,0,0,0,1,1,0,0,0,0,0,0,0,0,0,0,0,post,0,0,0,0,,,,1,0,0,1,1,1,1,1,1,1,new_trial,k1p1,k1p0,k1p0,k1p0,k1p0,0,,,1,1,1,1,1,0,0,0,1,0,0,1,0,1,0,0,0,0,0,0
P01912,K23,Required,2020,NIMH,post_policy,1,1,1,1,0,0,1,0,1,1,0,0,0,0,1,1,0,1,1,0,1,1,1,1,0,0,0,0,0,0,0,0,0,0,1,post,0,0,0,0,,,,1,0,0,1,1,0,1,1,1,0,new_trial,k1p1,,,,,0,,,1,1,1,1,1,0,0,0,1,0,0,1,0,1,1,0,0,0,0,0
P01913,K08,Not Allowed,2021,NIMH,post_policy,1,0,0,0,0,0,0,0,0,0,0,0,0,0,0,0,0,0,0,0,0,0,0,0,0,0,0,0,0,0,0,0,0,0,0,post,0,0,0,0,,,,0,0,0,0,0,0,0,0,0,0,none,k0p0,,,,,0,,,1,1,0,,,,,,,,,,,,,,,,,
P01914,K23,Not Allowed,2020,NIDDK,post_policy,1,0,0,0,0,0,0,0,0,0,0,0,0,0,0,0,0,0,0,0,0,0,0,0,0,0,0,0,0,0,0,0,0,0,0,post,0,0,0,0,,,,0,0,0,0,0,0,0,0,0,0,none,k0p0,,,,,0,,,1,1,0,,,,,,,,,,,,,,,,,
P01915,K08,Not Allowed,2019,NICHD,post_policy,1,0,0,0,0,0,0,0,0,0,0,0,0,0,0,0,0,0,0,0,0,0,0,0,0,0,0,0,0,0,0,0,1,0,0,post,0,0,0,1,0,0,0,0,0,0,0,0,0,0,0,0,0,none,k0p0,,,,,0,,,1,1,0,,,,,,,,,,,,,,,,,
P01916,K23,Required,2019,NHLBI,post_policy,1,1,0,1,0,0,0,0,0,1,0,0,0,0,0,0,0,1,0,0,0,0,1,1,0,0,0,0,0,0,0,0,1,0,0,post,1,0,0,1,0,0,0,1,0,0,1,0,1,0,0,0,1,ktrial_only,k1p0,k1p0,k1p0,k1p0,k1p0,0,,,1,1,1,1,1,0,0,0,1,0,0,1,0,1,1,0,0,0,0,0
P01917,K23,Not Allowed,2020,NHLBI,post_policy,1,0,1,1,1,1,0,1,0,0,0,0,1,1,1,0,1,0,1,0,0,0,0,0,0,1,1,1,1,1,1,1,0,0,0,post,0,0,0,0,,,,0,0,0,0,1,0,1,1,1,0,new_trial,k0p1,,,,,0,,,1,1,0,,,,,,,,,,,,,,,,,
P01918,K08,Not Allowed,2019,NHLBI,post_policy,1,0,0,0,0,0,0,0,0,0,0,0,0,0,0,0,0,0,0,0,0,0,0,0,0,0,0,0,0,0,0,0,1,0,0,post,0,0,0,1,0,0,0,0,0,0,0,0,0,0,0,0,0,none,k0p0,,,,,0,,,1,1,0,,,,,,,,,,,,,,,,,
P01919,K23,Not Allowed,2019,NIDDK,post_policy,1,0,0,0,0,0,0,0,0,0,0,0,0,0,0,0,0,0,0,0,0,0,0,0,0,0,0,0,0,0,0,0,1,0,0,post,0,0,0,1,0,0,0,0,0,0,0,0,0,0,0,0,0,none,k0p0,,,,,0,,,1,1,0,,,,,,,,,,,,,,,,,
P01920,K23,Required,2021,NHLBI,post_policy,1,1,1,1,1,1,0,0,0,1,0,0,0,0,1,1,0,1,1,0,0,0,1,1,0,0,0,0,0,0,0,0,0,0,0,post,0,0,0,0,,,,1,0,0,1,1,1,1,1,1,0,new_trial,k1p1,,,,,0,,,1,1,1,1,0,0,0,1,0,0,1,0,1,1,0,0,0,0,0,0
P01921,K23,Required,2020,NHLBI,post_policy,1,0,0,1,0,0,0,0,0,1,0,0,0,0,0,0,0,1,0,0,0,0,1,0,1,0,0,0,0,0,0,0,0,0,0,post,0,0,0,0,,,,0,0,1,1,0,0,0,0,0,1,ktrial_only,k1p0,k1p0,k1p0,k1p0,k1p0,0,,,1,1,0,,,,,,,,,,,,,,,,,
P01922,K08,Required,2020,NCI,post_policy,1,1,0,1,0,0,0,0,0,1,0,0,0,0,0,0,0,1,0,0,0,0,1,1,0,0,0,0,0,0,0,0,0,0,0,post,0,0,0,0,,,,1,0,0,1,0,1,0,0,0,0,ktrial_only,k1p0,,,,,0,,,1,1,0,,,,,,,,,,,,,,,,,
P01923,K08,Not Allowed,2021,NIAMS,post_policy,1,0,0,0,0,0,0,0,0,0,0,0,0,0,0,0,0,0,0,0,0,0,0,0,0,0,0,0,0,0,0,0,0,0,0,post,0,0,0,0,,,,0,0,0,0,0,0,0,0,0,0,none,k0p0,,,,,0,,,1,1,0,,,,,,,,,,,,,,,,,
P01924,K08,Not Allowed,2019,NINDS,post_policy,1,0,0,0,0,0,0,0,0,0,0,0,0,0,0,0,0,0,0,0,0,0,0,0,0,0,0,0,0,0,0,0,0,0,0,post,0,0,0,0,,,,0,0,0,0,0,0,0,0,0,0,none,k0p0,,,,,0,,,1,1,0,,,,,,,,,,,,,,,,,
P01925,K23,Not Allowed,2019,NIAID,post_policy,1,0,0,0,0,0,0,1,0,0,0,0,0,0,0,0,0,0,0,0,0,0,0,0,0,1,1,1,1,1,1,1,1,0,0,post,0,0,0,1,0,0,0,0,0,0,0,0,0,0,0,0,0,none,k0p0,,,,,0,,,1,1,0,,,,,,,,,,,,,,,,,
P01926,K08,Not Allowed,2021,NCI,post_policy,1,0,0,0,0,0,0,0,0,0,0,0,0,0,0,0,0,0,0,0,0,0,0,0,0,0,0,0,0,0,0,0,0,0,0,post,0,0,0,0,,,,0,0,0,0,0,0,0,0,0,0,none,k0p0,,,,,0,,,1,1,0,,,,,,,,,,,,,,,,,
P01927,K08,Not Allowed,2020,NIAMS,post_policy,1,0,0,0,0,0,0,0,0,0,0,0,0,0,0,0,0,0,0,0,0,0,0,0,0,0,0,0,0,0,0,0,0,0,0,post,0,0,0,0,,,,0,0,0,0,0,0,0,0,0,0,none,k0p0,,,,,0,,,1,1,0,,,,,,,,,,,,,,,,,
P01928,K08,Not Allowed,2021,NCI,post_policy,1,0,0,0,0,0,0,0,0,0,0,0,0,0,0,0,0,0,0,0,0,0,0,0,0,0,0,0,0,0,0,0,0,0,0,post,0,0,0,0,,,,0,0,0,0,0,0,0,0,0,0,none,k0p0,,,,,0,,,1,1,0,,,,,,,,,,,,,,,,,
P01929,K23,Required,2021,NHLBI,post_policy,1,1,0,1,0,0,0,0,0,1,0,0,0,0,0,0,0,1,0,0,0,0,1,0,1,0,0,0,0,0,0,0,0,0,0,post,1,0,0,0,,,,0,0,1,1,0,1,0,0,0,0,ktrial_only,k1p0,,,,,0,,,1,1,1,1,0,1,0,0,1,0,0,0,0,1,1,1,0,0,0,0
P01930,K08,Not Allowed,2021,NHLBI,post_policy,1,0,0,0,0,0,0,0,0,0,0,0,0,0,0,0,0,0,0,0,0,0,0,0,0,0,0,0,0,0,0,0,0,0,0,post,0,0,0,0,,,,0,0,0,0,0,0,0,0,0,0,none,k0p0,,,,,0,,,1,1,0,,,,,,,,,,,,,,,,,
P01931,K23,Not Allowed,2021,NIAID,post_policy,1,0,0,0,0,0,1,1,0,0,0,0,0,0,0,0,0,0,0,0,0,0,0,0,0,1,1,1,1,1,1,1,0,0,1,post,0,0,0,0,,,,0,0,0,0,0,0,0,0,0,0,none,k0p0,,,,,0,,,1,1,0,,,,,,,,,,,,,,,,,
P01932,K08,Not Allowed,2021,NIDDK,post_policy,1,0,0,0,0,0,0,0,0,0,0,0,0,0,0,0,0,0,0,0,0,0,0,0,0,0,1,0,0,1,0,0,0,0,0,post,0,0,0,0,,,,0,0,0,0,0,0,0,0,0,0,none,k0p0,,,,,0,,,1,1,0,,,,,,,,,,,,,,,,,
P01933,K08,Required,2019,NCI,post_policy,1,1,1,1,0,1,1,1,0,1,0,1,1,1,1,1,0,1,1,1,1,1,1,1,0,1,1,1,1,1,1,1,1,0,1,post,1,1,1,1,1,0,1,1,0,0,1,1,1,1,1,1,0,new_trial,k1p1,,,,,0,,,1,1,0,,,,,,,,,,,,,,,,,
P01934,K23,Required,2020,NIAMS,post_policy,1,1,1,1,0,1,0,0,0,0,0,0,1,0,1,0,0,0,1,0,0,0,0,0,0,0,1,0,0,1,0,0,0,0,0,post,0,0,0,0,,,,0,0,0,0,1,0,0,1,1,0,new_trial,k0p1,,,,,0,,,1,1,1,0,0,0,0,0,0,0,0,0,0,0,0,0,0,0,0,0
P01935,K23,Not Allowed,2019,NINDS,post_policy,1,0,0,0,0,0,0,1,0,0,0,0,0,0,0,0,0,0,0,0,0,0,0,0,0,1,1,1,1,1,1,1,0,0,0,post,0,0,0,0,,,,0,0,0,0,0,0,0,0,0,0,none,k0p0,,,,,0,,,1,1,0,,,,,,,,,,,,,,,,,
P01936,K08,Not Allowed,2021,NEI,post_policy,1,0,0,0,0,0,0,0,0,0,0,0,0,0,0,0,0,0,0,0,0,0,0,0,0,0,0,0,0,0,0,0,0,0,0,post,0,0,0,0,,,,0,0,0,0,0,0,0,0,0,0,none,k0p0,,,,,0,,,1,1,0,,,,,,,,,,,,,,,,,
P01937,K23,Not Allowed,2019,NINDS,post_policy,1,0,0,0,0,0,0,1,0,0,0,0,0,0,0,0,0,0,0,0,0,0,0,0,0,1,1,1,1,1,1,1,1,0,0,post,0,0,0,1,0,0,0,0,0,0,0,0,0,0,0,0,0,none,k0p0,,,,,0,,,1,1,0,,,,,,,,,,,,,,,,,
P01938,K08,Not Allowed,2021,NHLBI,post_policy,1,0,0,0,0,0,0,0,0,0,0,0,0,0,0,0,0,0,0,0,0,0,0,0,0,0,0,0,0,0,0,0,0,0,0,post,0,0,0,0,,,,0,0,0,0,0,0,0,0,0,0,none,k0p0,,,,,0,,,1,1,0,,,,,,,,,,,,,,,,,
P01939,K23,Not Allowed,2019,NIAMS,post_policy,1,0,1,1,1,1,0,0,0,0,0,0,1,0,1,0,0,0,1,0,0,0,0,0,0,0,0,0,0,0,0,0,1,0,0,post,0,0,0,1,1,0,1,0,0,0,0,1,0,1,1,1,0,new_trial,k0p1,,,,,0,,,1,1,0,,,,,,,,,,,,,,,,,
P01940,K08,Not Allowed,2019,NIMH,post_policy,1,0,0,0,0,0,0,1,0,0,0,0,0,0,0,0,0,0,0,0,0,0,0,0,0,1,1,1,1,1,1,1,1,0,0,post,0,0,0,1,0,0,0,0,0,0,0,0,0,0,0,0,0,none,k0p0,,,,,0,,,1,1,0,,,,,,,,,,,,,,,,,
P01941,K23,Required,2021,NIDDK,post_policy,1,1,1,1,0,1,0,0,0,0,0,0,0,0,1,0,0,0,1,0,0,0,0,0,0,0,0,0,0,0,0,0,0,0,0,post,0,0,0,0,,,,0,0,0,0,1,0,1,1,1,0,new_trial,k0p1,,,,,0,,,1,1,1,0,0,0,0,0,0,0,0,0,0,0,0,0,0,0,0,0
P01942,K23,Not Allowed,2019,NHLBI,post_policy,1,0,0,0,0,0,0,1,0,0,0,0,0,0,0,0,0,0,0,0,0,0,0,0,0,1,1,1,1,1,1,1,1,0,0,post,0,0,0,1,0,0,0,0,0,0,0,0,0,0,0,0,0,none,k0p0,,,,,0,,,1,1,0,,,,,,,,,,,,,,,,,
P01943,K23,Not Allowed,2020,NIMH,post_policy,1,0,0,0,0,0,0,0,0,0,0,0,0,0,0,0,0,0,0,0,0,0,0,0,0,0,0,0,0,0,0,0,0,0,0,post,0,0,0,0,,,,0,0,0,0,0,0,0,0,0,0,none,k0p0,,,,,0,,,1,1,0,,,,,,,,,,,,,,,,,
P01944,K23,Not Allowed,2019,NIAID,post_policy,1,0,1,1,0,1,1,0,0,0,0,0,1,1,1,0,0,0,1,1,0,0,0,0,0,0,1,0,0,1,0,0,0,0,1,post,0,0,0,0,,,,0,0,0,0,1,0,1,1,1,0,new_trial,k0p1,,,,,0,,,1,1,0,,,,,,,,,,,,,,,,,
P01945,K08,Not Allowed,2020,NIDDK,post_policy,1,0,0,0,0,0,0,0,0,0,0,0,0,0,0,0,0,0,0,0,0,0,0,0,0,0,1,0,0,1,0,0,0,0,0,post,0,0,0,0,,,,0,0,0,0,0,0,0,0,0,0,none,k0p0,,,,,0,,,1,1,0,,,,,,,,,,,,,,,,,
P01946,K23,Required,2020,NHLBI,post_policy,1,1,1,1,1,1,1,1,0,0,0,0,1,0,1,0,0,0,1,0,0,0,1,0,0,1,1,1,1,1,1,1,0,0,0,post,0,0,0,0,,,,0,0,0,0,1,0,0,1,1,0,new_trial,k0p1,,,,,0,,,1,1,1,0,0,0,0,0,0,0,0,0,0,0,0,0,0,0,0,0
P01947,K23,Not Allowed,2021,NHLBI,post_policy,1,0,0,0,0,0,0,1,0,0,0,0,0,0,0,0,0,0,0,0,0,0,0,0,0,1,1,1,1,1,1,1,0,0,0,post,0,0,0,0,,,,0,0,0,0,0,0,0,0,0,0,none,k0p0,,,,,0,,,1,1,0,,,,,,,,,,,,,,,,,
P01948,K23,Not Allowed,2021,NINDS,post_policy,1,0,0,0,0,0,0,0,0,0,0,0,0,0,0,0,0,0,0,0,0,0,0,0,0,0,0,0,0,0,0,0,0,0,0,post,0,0,0,0,,,,0,0,0,0,0,0,0,0,0,0,none,k0p0,,,,,0,,,1,1,0,,,,,,,,,,,,,,,,,
P01949,K08,Not Allowed,2019,NIAID,post_policy,1,0,1,1,1,0,0,1,0,0,0,0,0,0,1,1,0,0,1,0,1,1,0,0,0,1,1,1,1,1,1,1,1,0,0,post,0,0,0,1,1,0,1,0,0,0,0,1,0,1,1,1,0,new_trial,k0p1,,,,,0,,,1,1,0,,,,,,,,,,,,,,,,,
P01950,K08,Not Allowed,2020,NCI,post_policy,1,0,0,0,0,0,0,0,0,0,0,0,0,0,0,0,0,0,0,0,0,0,0,0,0,0,0,0,0,0,0,0,0,0,0,post,0,0,0,0,,,,0,0,0,0,0,0,0,0,0,0,none,k0p0,,,,,0,,,1,1,0,,,,,,,,,,,,,,,,,
P01951,K08,Not Allowed,2019,NINDS,post_policy,1,0,0,0,0,0,0,0,0,0,0,0,0,0,0,0,0,0,0,0,0,0,0,0,0,0,0,0,0,0,0,0,0,0,0,post,0,0,0,0,,,,0,0,0,0,0,0,0,0,0,0,none,k0p0,,,,,0,,,1,1,0,,,,,,,,,,,,,,,,,
P01952,K23,Required,2020,NHLBI,post_policy,1,0,0,0,0,0,1,0,0,0,0,0,0,0,0,0,0,0,0,0,0,0,0,0,0,0,0,0,0,0,0,0,0,0,1,post,0,0,0,0,,,,0,0,0,0,0,0,0,0,0,1,none,k0p0,k0p0,k0p0,k0p0,k0p0,0,,,1,1,0,,,,,,,,,,,,,,,,,
P01953,K23,Not Allowed,2021,NIDDK,post_policy,1,0,0,0,0,0,0,0,0,0,0,0,0,0,0,0,0,0,0,0,0,0,0,0,0,0,1,0,0,1,0,0,0,0,0,post,0,0,0,0,,,,0,0,0,0,0,0,0,0,0,1,none,k0p0,k0p0,k0p0,k0p0,k0p0,0,,,1,1,0,,,,,,,,,,,,,,,,,
P01954,K23,Required,2020,NIDDK,post_policy,1,1,0,0,0,0,0,0,0,0,0,0,0,0,0,0,0,0,0,0,0,0,0,0,0,0,0,0,0,0,0,0,0,0,0,post,0,0,0,0,,,,0,0,0,0,0,0,0,0,0,0,none,k0p0,,,,,0,,,1,1,1,0,0,0,0,0,0,0,0,0,0,0,0,0,0,0,0,0
P01955,K23,Not Allowed,2021,NIA,post_policy,1,0,0,0,0,0,0,0,0,0,0,0,0,0,0,0,0,0,0,0,0,0,0,0,0,0,1,0,0,1,0,0,0,0,0,post,0,0,0,0,,,,0,0,0,0,0,0,0,0,0,0,none,k0p0,,,,,0,,,1,1,0,,,,,,,,,,,,,,,,,
P01956,K23,Not Allowed,2021,NIAMS,post_policy,1,0,1,1,1,1,0,0,0,0,0,0,1,1,1,0,0,0,1,1,0,0,0,0,0,0,0,0,0,0,0,0,0,0,0,post,0,0,0,0,,,,0,0,0,0,1,0,0,1,1,0,new_trial,k0p1,,,,,0,,,1,1,0,,,,,,,,,,,,,,,,,
P01957,K08,Not Allowed,2021,NCI,post_policy,1,0,1,1,0,1,0,0,0,0,0,0,0,0,1,1,0,0,1,0,0,0,0,0,0,0,0,1,0,0,0,1,0,0,0,post,0,0,0,0,,,,0,0,0,0,1,0,1,1,1,0,new_trial,k0p1,,,,,0,,,1,1,0,,,,,,,,,,,,,,,,,
P01958,K23,Not Allowed,2021,NIMH,post_policy,1,0,0,0,0,0,0,0,0,0,0,0,0,0,0,0,0,0,0,0,0,0,0,0,0,0,1,0,0,1,0,0,0,0,0,post,0,0,0,0,,,,0,0,0,0,0,0,0,0,0,0,none,k0p0,,,,,0,,,1,1,0,,,,,,,,,,,,,,,,,
P01959,K23,Required,2020,NIA,post_policy,1,1,0,1,0,0,0,0,0,1,0,0,0,0,0,0,0,1,0,0,0,0,1,1,0,0,0,0,0,0,0,0,0,0,0,post,0,0,0,0,,,,1,0,0,1,0,1,0,0,0,0,ktrial_only,k1p0,,,,,0,,,1,1,1,1,1,0,0,0,1,0,0,1,0,1,0,0,0,0,1,1
P01960,K08,Not Allowed,2020,NIDDK,post_policy,1,0,0,0,0,0,0,0,0,0,0,0,0,0,0,0,0,0,0,0,0,0,0,0,0,0,1,0,0,1,0,0,0,0,0,post,0,0,0,0,,,,0,0,0,0,0,0,0,0,0,0,none,k0p0,,,,,0,,,1,1,0,,,,,,,,,,,,,,,,,
P01961,K23,Not Allowed,2020,NIAAA,post_policy,1,0,0,0,0,0,0,0,0,0,0,0,0,0,0,0,0,0,0,0,0,0,0,0,0,0,0,0,0,0,0,0,0,0,0,post,0,0,0,0,,,,0,0,0,0,0,0,0,0,0,0,none,k0p0,,,,,0,,,1,1,0,,,,,,,,,,,,,,,,,
P01962,K08,Not Allowed,2021,NHLBI,post_policy,1,0,0,0,0,0,0,0,0,0,0,0,0,0,0,0,0,0,0,0,0,0,0,0,0,0,0,0,0,0,0,0,0,0,0,post,0,0,0,0,,,,0,0,0,0,0,0,0,0,0,0,none,k0p0,,,,,0,,,1,1,0,,,,,,,,,,,,,,,,,
P01963,K08,Not Allowed,2021,NIAMS,post_policy,1,0,0,0,0,0,0,0,0,0,0,0,0,0,0,0,0,0,0,0,0,0,0,0,0,0,0,0,0,0,0,0,0,0,0,post,0,0,0,0,,,,0,0,0,0,0,0,0,0,0,0,none,k0p0,,,,,0,,,1,1,0,,,,,,,,,,,,,,,,,
P01964,K08,Not Allowed,2021,NIDDK,post_policy,1,0,0,0,0,0,0,0,0,0,0,0,0,0,0,0,0,0,0,0,0,0,0,0,0,0,1,0,0,1,0,0,0,0,0,post,0,0,0,0,,,,0,0,0,0,0,0,0,0,0,0,none,k0p0,,,,,0,,,1,1,0,,,,,,,,,,,,,,,,,
P01965,K23,Required,2019,NIMH,post_policy,1,1,0,1,0,0,0,0,0,1,0,0,0,0,0,0,0,1,0,0,0,0,1,1,0,0,0,0,0,0,0,0,1,0,0,post,1,0,0,1,0,0,0,1,0,0,1,0,0,0,0,0,0,ktrial_only,k1p0,,,,,0,,,1,1,1,1,1,0,0,0,1,0,0,1,0,1,1,1,1,0,0,0
P01966,K08,Not Allowed,2020,NCI,post_policy,1,0,0,0,0,0,0,1,0,0,0,0,0,0,0,0,0,0,0,0,0,0,0,0,0,1,1,1,1,1,1,1,0,0,0,post,0,0,0,0,,,,0,0,0,0,0,0,0,0,0,0,none,k0p0,,,,,0,,,1,1,0,,,,,,,,,,,,,,,,,
P01967,K23,Required,2020,NHLBI,post_policy,1,1,1,1,1,0,1,0,0,1,1,0,1,1,1,1,0,1,1,1,0,0,1,0,1,0,0,0,0,0,0,0,0,0,1,post,0,0,0,0,,,,0,0,1,1,1,0,1,1,1,0,new_trial,k1p1,,,,,0,,,1,1,1,1,0,1,0,0,1,1,0,0,0,1,0,0,0,0,0,0
P01968,K23,Required,2020,NHLBI,post_policy,1,1,1,1,0,1,0,1,0,1,0,0,1,0,1,0,0,1,0,0,0,0,1,1,0,1,1,1,1,1,1,1,0,0,0,post,1,1,0,0,,,,1,0,0,1,1,0,0,1,1,0,new_trial,k1p1,,,,,0,,,1,1,1,1,0,1,0,0,1,0,0,0,1,1,1,1,0,1,0,0
P01969,K08,Not Allowed,2019,NCI,post_policy,1,0,0,0,0,0,0,0,0,0,0,0,0,0,0,0,0,0,0,0,0,0,0,0,0,0,0,0,0,0,0,0,1,0,0,post,0,0,0,1,0,0,0,0,0,0,0,0,0,0,0,0,0,none,k0p0,,,,,0,,,1,1,0,,,,,,,,,,,,,,,,,
P01970,K08,Not Allowed,2020,NHLBI,post_policy,1,0,0,0,0,0,0,0,0,0,0,0,0,0,0,0,0,0,0,0,0,0,0,0,0,0,0,0,0,0,0,0,0,0,0,post,0,0,0,0,,,,0,0,0,0,0,0,0,0,0,0,none,k0p0,,,,,0,,,1,1,0,,,,,,,,,,,,,,,,,
P01971,K08,Not Allowed,2020,NIGMS,post_policy,1,0,0,0,0,0,0,0,0,0,0,0,0,0,0,0,0,0,0,0,0,0,0,0,0,0,0,0,0,0,0,0,0,0,0,post,0,0,0,0,,,,0,0,0,0,0,0,0,0,0,0,none,k0p0,,,,,0,,,1,1,0,,,,,,,,,,,,,,,,,
P01972,K23,Required,2021,NIA,post_policy,1,1,0,1,0,0,1,0,1,1,0,0,0,0,0,0,0,1,0,0,0,0,1,1,0,0,0,0,0,0,0,0,0,0,1,post,0,0,0,0,,,,1,0,0,1,0,1,0,0,0,0,ktrial_only,k1p0,,,,,0,,,1,1,1,1,1,0,0,0,1,0,0,1,0,1,0,0,0,0,0,0
P01973,K08,Not Allowed,2019,NHLBI,post_policy,1,0,0,0,0,0,0,0,0,0,0,0,0,0,0,0,0,0,0,0,0,0,0,0,0,0,0,0,0,0,0,0,1,0,0,post,0,0,0,1,0,0,0,0,0,0,0,0,0,0,0,0,0,none,k0p0,,,,,0,,,1,1,0,,,,,,,,,,,,,,,,,
P01974,K08,Not Allowed,2018,NCI,post_policy,1,0,0,0,0,0,0,0,0,0,0,0,0,0,0,0,0,0,0,0,0,0,0,0,0,0,0,0,0,0,0,0,1,0,0,post,0,0,0,1,0,0,0,0,0,0,0,0,0,0,0,0,0,none,k0p0,,,,,0,,,1,1,0,,,,,,,,,,,,,,,,,
P01975,K23,Required,2018,NIMH,post_policy,1,1,0,1,0,0,0,0,0,1,1,0,0,0,0,0,0,1,0,0,0,0,1,0,1,0,0,0,0,0,0,0,1,0,0,post,1,1,0,1,0,0,0,0,0,1,1,0,1,0,0,0,1,ktrial_only,k1p0,k0p0,k0p0,k0p0,k0p0,0,,,1,1,1,1,0,0,0,1,0,0,1,0,0,1,1,0,0,1,0,0
P01976,K23,Not Allowed,2020,NHLBI,post_policy,1,0,0,0,0,0,0,0,0,0,0,0,0,0,0,0,0,0,0,0,0,0,0,0,0,0,1,0,0,1,0,0,0,0,0,post,0,0,0,0,,,,0,0,0,0,0,0,0,0,0,0,none,k0p0,,,,,1,0,0,1,1,0,,,,,,,,,,,,,,,,,
P01977,K08,Not Allowed,2020,NIAID,post_policy,1,0,0,0,0,0,0,0,0,0,0,0,0,0,0,0,0,0,0,0,0,0,0,0,0,0,1,0,0,1,0,0,0,0,0,post,0,0,0,0,,,,0,0,0,0,0,0,0,0,0,0,none,k0p0,,,,,0,,,1,1,0,,,,,,,,,,,,,,,,,
P01978,K23,Required,2021,NIDA,post_policy,1,1,0,0,0,0,0,0,0,0,0,0,0,0,0,0,0,0,0,0,0,0,0,0,0,0,0,0,0,0,0,0,0,0,0,post,0,0,0,0,,,,0,0,0,0,0,0,0,0,0,0,none,k0p0,,,,,0,,,1,1,1,0,0,0,0,0,0,0,0,0,0,0,0,0,0,0,0,0
P01979,K23,Not Allowed,2020,NHLBI,post_policy,1,0,0,0,0,0,0,0,0,0,0,0,0,0,0,0,0,0,0,0,0,0,0,0,0,0,0,0,0,0,0,0,0,0,0,post,0,0,0,0,,,,0,0,0,0,0,0,0,0,0,0,none,k0p0,,,,,0,,,1,1,0,,,,,,,,,,,,,,,,,
P01980,K23,Not Allowed,2018,NINDS,post_policy,1,0,0,0,0,0,1,0,0,0,0,0,0,0,0,0,0,0,0,0,0,0,0,0,0,0,0,0,0,0,0,0,1,0,1,post,0,0,0,1,0,0,0,0,0,0,0,0,0,0,0,0,0,none,k0p0,,,,,0,,,1,1,0,,,,,,,,,,,,,,,,,
P01981,K23,Not Allowed,2019,NIDCR,post_policy,1,1,0,0,0,0,0,0,0,0,0,0,0,0,0,0,0,0,0,0,0,0,0,0,0,0,0,0,0,0,0,0,1,0,0,post,0,0,0,1,0,0,0,0,0,0,0,0,0,0,0,0,0,none,k0p0,,,,,0,,,1,1,1,0,0,0,0,0,0,0,0,0,0,0,0,0,0,0,0,0
P01982,K23,Required,2020,NCCIH,post_policy,1,1,1,1,1,1,1,0,0,1,0,1,1,1,1,1,0,1,1,1,1,0,1,1,0,0,1,0,0,1,0,0,0,0,1,post,1,1,1,0,,,,1,0,0,1,1,1,1,1,1,1,new_trial,k1p1,k1p1,k1p1,k1p1,k1p1,0,,,1,1,1,1,1,0,0,0,1,0,0,1,0,1,1,1,0,1,1,1
P01983,K23,Not Allowed,2020,NHLBI,post_policy,1,0,0,0,0,0,0,0,0,0,0,0,0,0,0,0,0,0,0,0,0,0,0,0,0,0,0,0,0,0,0,0,0,0,0,post,0,0,0,0,,,,0,0,0,0,0,0,0,0,0,0,none,k0p0,,,,,0,,,1,1,0,,,,,,,,,,,,,,,,,
P01984,K23,Not Allowed,2021,NIAID,post_policy,1,0,0,0,0,0,0,0,0,0,0,0,0,0,0,0,0,0,0,0,0,0,0,0,0,0,1,0,0,1,0,0,0,0,0,post,0,0,0,0,,,,0,0,0,0,0,0,0,0,0,0,none,k0p0,,,,,0,,,1,1,0,,,,,,,,,,,,,,,,,
P01985,K23,Required,2019,NICHD,post_policy,1,1,0,0,0,0,0,0,0,0,0,0,0,0,0,0,0,0,0,0,0,0,0,0,0,0,0,0,0,0,0,0,1,0,0,post,0,0,0,1,0,0,0,0,0,0,0,0,0,0,0,0,0,none,k0p0,,,,,0,,,1,1,1,0,0,0,0,0,0,0,0,0,0,0,0,0,0,0,0,0
P01986,K08,Not Allowed,2019,NIDDK,post_policy,1,0,0,0,0,0,0,0,0,0,0,0,0,0,0,0,0,0,0,0,0,0,0,0,0,0,0,0,0,0,0,0,1,0,0,post,0,0,0,1,0,0,0,0,0,0,0,0,0,0,0,0,0,none,k0p0,,,,,0,,,1,1,0,,,,,,,,,,,,,,,,,
P01987,K23,Not Allowed,2021,NICHD,post_policy,1,1,0,0,0,0,0,0,0,0,0,0,0,0,0,0,0,0,0,0,0,0,0,0,0,0,1,0,0,1,0,0,0,0,0,post,0,0,0,0,,,,0,0,0,0,0,0,0,0,0,0,none,k0p0,,,,,0,,,1,1,1,0,0,0,0,0,0,0,0,0,0,0,0,0,0,0,0,0
P01988,K23,Not Allowed,2021,NIDCR,post_policy,1,0,0,0,0,0,0,0,0,0,0,0,0,0,0,0,0,0,0,0,0,0,0,0,0,0,0,0,0,0,0,0,0,0,0,post,0,0,0,0,,,,0,0,0,0,0,0,0,0,0,0,none,k0p0,,,,,1,0,0,1,1,0,,,,,,,,,,,,,,,,,
P01989,K08,Not Allowed,2020,NCI,post_policy,1,0,0,0,0,0,0,0,0,0,0,0,0,0,0,0,0,0,0,0,0,0,0,0,0,0,0,0,0,0,0,0,0,0,0,post,0,0,0,0,,,,0,0,0,0,0,0,0,0,0,0,none,k0p0,,,,,0,,,1,1,0,,,,,,,,,,,,,,,,,
P01990,K08,Not Allowed,2019,NHLBI,post_policy,1,0,1,1,0,0,0,0,0,0,0,0,0,0,1,1,0,0,1,0,0,0,0,0,0,0,0,0,0,0,0,0,1,0,0,post,0,0,0,1,1,0,1,0,0,0,0,1,0,1,1,1,0,new_trial,k0p1,,,,,0,,,1,1,0,,,,,,,,,,,,,,,,,
P01991,K23,Required,2021,NIMH,post_policy,1,1,1,1,1,1,0,0,1,1,0,0,1,1,1,1,0,1,1,1,1,1,1,0,1,0,0,0,0,0,0,0,0,0,0,post,1,1,0,0,,,,0,0,1,1,1,0,1,1,1,0,new_trial,k1p1,,,,,0,,,1,1,1,1,0,1,0,0,1,0,0,0,0,1,1,1,0,1,1,1
P01992,K23,Not Allowed,2020,NEI,post_policy,1,0,0,0,0,0,0,0,0,0,0,0,0,0,0,0,0,0,0,0,0,0,0,0,0,0,0,0,0,0,0,0,0,0,0,post,0,0,0,0,,,,0,0,0,0,0,0,0,0,0,0,none,k0p0,,,,,0,,,1,1,0,,,,,,,,,,,,,,,,,
P01993,K23,Required,2020,NIDDK,post_policy,1,1,0,1,0,0,1,0,0,1,0,0,0,0,0,0,0,1,0,0,0,0,1,1,0,0,1,0,0,1,0,0,0,0,0,post,1,0,0,0,,,,1,0,0,1,0,1,0,0,0,0,ktrial_only,k1p0,,,,,0,,,1,1,1,1,1,0,0,0,1,0,0,1,0,1,1,1,0,0,1,1
P01994,K23,Required,2020,NIMH,post_policy,1,1,0,0,0,0,1,0,0,0,0,0,0,0,0,0,0,0,0,0,0,0,0,0,0,0,0,0,0,0,0,0,0,1,1,post,0,0,0,0,,,,0,0,0,0,0,0,0,0,0,0,none,k0p0,,,,,0,,,1,1,0,,,,,,,,,,,,,,,,,
P01995,K23,Required,2020,NIDDK,post_policy,1,1,1,1,1,1,1,0,0,1,0,0,0,0,1,1,0,1,1,0,0,0,1,0,1,0,0,0,0,0,0,0,0,0,1,post,1,1,0,0,,,,0,0,1,1,1,0,1,1,1,0,new_trial,k1p1,,,,,0,,,1,1,1,1,0,1,0,0,1,0,0,0,0,1,1,1,0,1,0,0
P01996,K08,Not Allowed,2021,NINDS,post_policy,1,0,0,0,0,0,0,1,0,0,0,0,0,0,0,0,0,0,0,0,0,0,0,0,0,1,1,1,1,1,1,1,0,0,0,post,0,0,0,0,,,,0,0,0,0,0,0,0,0,0,0,none,k0p0,,,,,0,,,1,1,0,,,,,,,,,,,,,,,,,
P01997,K08,Not Allowed,2020,NIDDK,post_policy,1,0,0,0,0,0,0,1,0,0,0,0,0,0,0,0,0,0,0,0,0,0,0,0,0,1,1,1,1,1,1,1,0,0,0,post,0,0,0,0,,,,0,0,0,0,0,0,0,0,0,0,none,k0p0,,,,,0,,,1,1,0,,,,,,,,,,,,,,,,,
P01998,K23,Not Allowed,2020,NHLBI,post_policy,1,0,0,0,0,0,0,0,0,0,0,0,0,0,0,0,0,0,0,0,0,0,0,0,0,0,0,0,0,0,0,0,0,0,0,post,0,0,0,0,,,,0,0,0,0,0,0,0,0,0,0,none,k0p0,,,,,0,,,1,1,0,,,,,,,,,,,,,,,,,
P01999,K08,Not Allowed,2021,NIAID,post_policy,1,0,0,0,0,0,0,0,0,0,0,0,0,0,0,0,0,0,0,0,0,0,0,0,0,0,0,0,0,0,0,0,0,0,0,post,0,0,0,0,,,,0,0,0,0,0,0,0,0,0,0,none,k0p0,,,,,0,,,1,1,0,,,,,,,,,,,,,,,,,
P02000,K23,Not Allowed,2021,NIA,post_policy,1,0,0,0,0,0,0,0,0,0,0,0,0,0,0,0,0,0,0,0,0,0,0,0,0,0,0,0,0,0,0,0,0,0,0,post,0,0,0,0,,,,0,0,0,0,0,0,0,0,0,0,none,k0p0,,,,,0,,,1,1,0,,,,,,,,,,,,,,,,,
P02001,K23,Not Allowed,2020,NICHD,post_policy,1,0,0,0,0,0,0,0,0,0,0,0,0,0,0,0,0,0,0,0,0,0,0,0,0,0,0,0,0,0,0,0,0,0,0,post,0,0,0,0,,,,0,0,0,0,0,0,0,0,0,0,none,k0p0,,,,,0,,,1,1,0,,,,,,,,,,,,,,,,,
P02002,K08,Not Allowed,2021,NIAMS,post_policy,1,0,0,0,0,0,0,0,0,0,0,0,0,0,0,0,0,0,0,0,0,0,0,0,0,0,0,0,0,0,0,0,0,0,0,post,0,0,0,0,,,,0,0,0,0,0,0,0,0,0,0,none,k0p0,,,,,0,,,1,1,0,,,,,,,,,,,,,,,,,
P02003,K23,Not Allowed,2021,NINR,post_policy,1,0,0,0,0,0,0,0,0,0,0,0,0,0,0,0,0,0,0,0,0,0,0,0,0,0,0,0,0,0,0,0,0,0,0,post,0,0,0,0,,,,0,0,0,0,0,0,0,0,0,0,none,k0p0,,,,,0,,,1,1,0,,,,,,,,,,,,,,,,,
P02004,K23,Required,2020,NIMH,post_policy,1,1,1,1,0,0,0,1,0,1,1,0,0,0,1,1,0,1,1,0,1,1,1,1,0,1,1,1,1,1,1,1,0,0,0,post,1,1,1,0,,,,1,0,0,1,1,1,1,1,1,0,new_trial,k1p1,,,,,0,,,1,1,1,1,1,0,0,0,1,0,0,1,0,1,1,0,0,1,0,0
P02005,K23,Required,2020,NIDDK,post_policy,1,1,1,1,1,1,0,0,0,1,1,0,1,1,1,0,0,1,1,1,0,0,1,1,0,0,1,0,0,1,0,0,0,0,0,post,0,0,0,0,,,,1,0,0,1,1,1,1,1,1,1,new_trial,k1p1,k1p1,k1p1,k1p1,k1p1,0,,,1,1,1,1,1,0,0,0,1,0,0,1,0,0,0,0,0,0,0,0
P02006,K08,Not Allowed,2021,NHLBI,post_policy,1,0,0,0,0,0,0,0,0,0,0,0,0,0,0,0,0,0,0,0,0,0,0,0,0,0,0,0,0,0,0,0,0,0,0,post,0,0,0,0,,,,0,0,0,0,0,0,0,0,0,0,none,k0p0,,,,,0,,,1,1,0,,,,,,,,,,,,,,,,,
P02007,K23,Not Allowed,2020,NIMH,post_policy,1,0,0,0,0,0,0,0,0,0,0,0,0,0,0,0,0,0,0,0,0,0,0,0,0,0,0,0,0,0,0,0,0,0,0,post,0,0,0,0,,,,0,0,0,0,0,0,0,0,0,0,none,k0p0,,,,,0,,,1,1,0,,,,,,,,,,,,,,,,,
P02008,K08,Not Allowed,2021,NIDDK,post_policy,1,0,0,0,0,0,0,0,0,0,0,0,0,0,0,0,0,0,0,0,0,0,0,0,0,0,0,0,0,0,0,0,0,0,0,post,0,0,0,0,,,,0,0,0,0,0,0,0,0,0,0,none,k0p0,,,,,0,,,1,1,0,,,,,,,,,,,,,,,,,
P02009,K08,Not Allowed,2019,NIDDK,post_policy,1,0,0,0,0,0,0,0,0,0,0,0,0,0,0,0,0,0,0,0,0,0,0,0,0,0,0,0,0,0,0,0,1,0,0,post,0,0,0,1,0,0,0,0,0,0,0,0,0,0,0,0,0,none,k0p0,,,,,0,,,1,1,0,,,,,,,,,,,,,,,,,
P02010,K08,Required,2018,NCI,post_policy,1,1,1,1,0,1,1,1,0,0,0,1,1,1,1,1,0,0,1,1,0,0,0,0,0,1,1,1,1,1,1,1,1,0,1,post,0,0,0,1,1,0,1,0,0,0,0,1,0,1,1,1,0,new_trial,k0p1,,,,,0,,,1,1,0,,,,,,,,,,,,,,,,,
P02011,K08,Not Allowed,2019,NCI,post_policy,1,0,0,0,0,0,0,0,0,0,0,0,0,0,0,0,0,0,0,0,0,0,0,0,0,0,0,0,0,0,0,0,1,0,0,post,0,0,0,1,0,0,0,0,0,0,0,0,0,0,0,0,0,none,k0p0,,,,,0,,,1,1,0,,,,,,,,,,,,,,,,,
P02012,K08,Required,2019,NIMH,post_policy,1,1,0,1,0,0,0,1,0,1,0,0,0,0,0,0,0,1,0,0,0,0,1,1,0,1,1,1,1,1,1,1,1,0,0,post,1,0,0,1,0,0,0,1,0,0,1,0,1,0,0,0,0,ktrial_only,k1p0,,,,,0,,,1,1,0,,,,,,,,,,,,,,,,,
P02013,K23,Required,2021,NIDDK,post_policy,1,1,0,1,0,0,1,1,0,1,0,0,0,0,0,0,0,1,0,0,0,0,1,1,0,1,1,1,1,1,1,1,0,0,1,post,0,0,0,0,,,,1,0,0,1,0,1,0,0,0,0,ktrial_only,k1p0,,,,,0,,,1,1,1,1,1,0,0,0,1,0,0,1,0,1,0,0,0,0,0,0
P02014,K23,Required,2019,NIDCD,post_policy,1,0,0,1,0,0,0,0,0,1,0,0,0,0,0,0,0,1,0,0,0,0,1,1,0,0,0,0,0,0,0,0,0,0,0,post,1,0,0,0,,,,1,0,0,1,0,0,0,0,0,1,ktrial_only,k1p0,k1p0,k1p0,k1p0,k1p0,0,,,1,1,0,,,,,,,,,,,,,,,,,
P02015,K08,Not Allowed,2018,NINDS,post_policy,1,0,0,0,0,0,0,1,0,0,0,0,0,0,0,0,0,0,0,0,0,0,0,0,0,1,1,1,1,1,1,1,1,0,0,post,0,0,0,1,0,0,0,0,0,0,0,0,0,0,0,0,0,none,k0p0,,,,,0,,,1,1,0,,,,,,,,,,,,,,,,,
P02016,K23,Not Allowed,2019,NIA,post_policy,1,0,0,0,0,0,0,0,0,0,0,0,0,0,0,0,0,0,0,0,0,0,0,0,0,0,1,0,0,1,0,0,1,0,0,post,0,0,0,1,0,0,0,0,0,0,0,0,0,0,0,0,0,none,k0p0,,,,,0,,,1,1,0,,,,,,,,,,,,,,,,,
P02017,K23,Not Allowed,2019,NIEHS,post_policy,1,0,0,0,0,0,0,0,0,0,0,0,0,0,0,0,0,0,0,0,0,0,0,0,0,0,0,0,0,0,0,0,1,0,0,post,0,0,0,1,0,0,0,0,0,0,0,0,0,0,0,0,0,none,k0p0,,,,,0,,,1,1,0,,,,,,,,,,,,,,,,,
P02018,K23,Not Allowed,2020,NHLBI,post_policy,1,0,1,1,1,1,0,1,0,0,0,1,0,0,1,0,0,0,1,0,0,0,0,0,0,1,1,1,1,1,1,1,0,0,0,post,0,0,0,0,,,,0,0,0,0,1,0,1,1,1,0,new_trial,k0p1,,,,,0,,,1,1,0,,,,,,,,,,,,,,,,,
P02019,K23,Required,2019,NHLBI,post_policy,1,1,1,1,1,1,1,0,0,1,1,0,1,1,1,1,0,1,1,0,0,0,1,1,0,0,0,0,0,0,0,0,1,0,1,post,1,1,0,1,1,0,1,1,0,0,1,1,0,1,1,1,0,new_trial,k1p1,,,,,0,,,1,1,1,1,0,1,0,0,1,0,0,0,1,1,1,0,0,1,0,0
P02020,K23,Required,2019,NIDA,post_policy,1,1,0,1,0,0,0,0,0,1,0,0,0,0,0,0,0,1,0,0,0,0,1,1,0,0,0,0,0,0,0,0,1,0,0,post,1,1,1,1,0,0,0,1,0,0,1,0,1,0,0,0,1,ktrial_only,k1p0,k1p0,k1p0,k1p0,k1p0,0,,,1,1,1,1,1,0,0,0,1,0,0,1,0,1,1,0,0,1,0,0
P02021,K08,Required,2019,NCI,post_policy,1,1,0,1,0,0,0,1,0,1,0,0,0,0,0,0,0,1,0,0,0,0,1,1,0,1,1,1,1,1,1,1,1,0,0,post,1,1,0,1,0,0,0,1,0,0,1,0,0,0,0,0,0,ktrial_only,k1p0,,,,,0,,,1,1,0,,,,,,,,,,,,,,,,,
P02022,K23,Not Allowed,2020,NHLBI,post_policy,1,0,0,0,0,0,0,0,0,0,0,0,0,0,0,0,0,0,0,0,0,0,0,0,0,0,1,0,0,1,0,0,0,0,0,post,0,0,0,0,,,,0,0,0,0,0,0,0,0,0,0,none,k0p0,,,,,0,,,1,1,0,,,,,,,,,,,,,,,,,
P02023,K08,Not Allowed,2020,NIMH,post_policy,1,0,0,0,0,0,0,0,0,0,0,0,0,0,0,0,0,0,0,0,0,0,0,0,0,0,0,0,0,0,0,0,0,0,0,post,0,0,0,0,,,,0,0,0,0,0,0,0,0,0,0,none,k0p0,,,,,0,,,1,1,0,,,,,,,,,,,,,,,,,
P02024,K23,Not Allowed,2018,NIMH,post_policy,1,0,0,0,0,0,0,0,0,0,0,0,0,0,0,0,0,0,0,0,0,0,0,0,0,0,0,0,0,0,0,0,1,0,0,post,0,0,0,1,0,0,0,0,0,0,0,0,0,0,0,0,0,none,k0p0,,,,,0,,,1,1,0,,,,,,,,,,,,,,,,,
P02025,K23,Not Allowed,2021,NHLBI,post_policy,1,0,0,0,0,0,0,0,0,0,0,0,0,0,0,0,0,0,0,0,0,0,0,0,0,0,0,0,0,0,0,0,0,0,0,post,0,0,0,0,,,,0,0,0,0,0,0,0,0,0,0,none,k0p0,,,,,0,,,1,1,0,,,,,,,,,,,,,,,,,
P02026,K08,Required,2020,NCI,post_policy,1,1,1,1,1,0,1,1,0,1,0,0,0,0,1,1,0,1,1,0,1,1,1,0,1,1,1,1,1,1,1,1,0,0,1,post,0,0,0,0,,,,0,0,1,1,1,1,1,1,1,0,new_trial,k1p1,,,,,0,,,1,1,0,,,,,,,,,,,,,,,,,
P02027,K23,Not Allowed,2019,NICHD,post_policy,1,1,1,1,1,0,0,0,0,1,0,0,0,0,1,1,0,1,1,0,0,0,1,0,1,0,0,0,0,0,0,0,1,0,0,post,1,0,0,1,1,0,1,0,0,1,1,1,0,1,1,1,0,new_trial,k1p1,,,,,1,1,1,1,1,1,1,0,0,0,1,0,0,1,0,0,1,1,1,0,0,1,1
P02028,K08,Not Allowed,2020,NIA,post_policy,1,0,0,0,0,0,0,1,0,0,0,0,0,0,0,0,0,0,0,0,0,0,0,0,0,1,1,1,1,1,1,1,0,0,0,post,0,0,0,0,,,,0,0,0,0,0,0,0,0,0,0,none,k0p0,,,,,0,,,1,1,0,,,,,,,,,,,,,,,,,
P02029,K23,Not Allowed,2020,NIMH,post_policy,1,0,0,0,0,0,0,0,0,0,0,0,0,0,0,0,0,0,0,0,0,0,0,0,0,0,0,0,0,0,0,0,0,0,0,post,0,0,0,0,,,,0,0,0,0,0,0,0,0,0,0,none,k0p0,,,,,0,,,1,1,0,,,,,,,,,,,,,,,,,
P02030,K08,Not Allowed,2021,NIA,post_policy,1,0,0,0,0,0,0,0,0,0,0,0,0,0,0,0,0,0,0,0,0,0,0,0,0,0,0,0,0,0,0,0,0,0,0,post,0,0,0,0,,,,0,0,0,0,0,0,0,0,0,0,none,k0p0,,,,,0,,,1,1,0,,,,,,,,,,,,,,,,,
P02031,K23,Not Allowed,2019,NIDA,post_policy,1,0,0,1,0,0,0,0,0,1,0,0,0,0,0,0,0,1,0,0,0,0,1,0,1,0,0,0,0,0,0,0,1,0,0,post,1,0,0,1,0,0,0,0,0,1,1,0,0,0,0,0,1,ktrial_only,k1p0,k0p1,k0p1,k0p1,k0p1,0,,,1,1,0,,,,,,,,,,,,,,,,,
P02032,K23,Required,2021,NIDDK,post_policy,1,0,0,1,0,0,0,0,0,1,0,0,0,0,0,0,0,1,0,0,0,0,1,1,0,0,0,0,0,0,0,0,0,0,0,post,0,0,0,0,,,,1,0,0,1,0,0,0,0,0,0,ktrial_only,k1p0,,,,,0,,,1,1,0,,,,,,,,,,,,,,,,,
P02033,K23,Not Allowed,2020,NICHD,post_policy,1,0,0,0,0,0,0,0,0,0,0,0,0,0,0,0,0,0,0,0,0,0,0,0,0,0,0,0,0,0,0,0,0,0,0,post,0,0,0,0,,,,0,0,0,0,0,0,0,0,0,0,none,k0p0,,,,,0,,,1,1,0,,,,,,,,,,,,,,,,,
P02034,K08,Not Allowed,2021,NIDDK,post_policy,1,0,0,0,0,0,1,0,0,0,0,0,0,0,0,0,0,0,0,0,0,0,0,0,0,0,1,0,0,1,0,0,0,0,1,post,0,0,0,0,,,,0,0,0,0,0,0,0,0,0,0,none,k0p0,,,,,0,,,1,1,0,,,,,,,,,,,,,,,,,
P02035,K08,Not Allowed,2021,NCI,post_policy,1,0,0,0,0,0,0,1,0,0,0,0,0,0,0,0,0,0,0,0,0,0,0,0,0,1,1,1,1,1,1,1,0,0,0,post,0,0,0,0,,,,0,0,0,0,0,0,0,0,0,0,none,k0p0,,,,,0,,,1,1,0,,,,,,,,,,,,,,,,,
P02036,K23,Required,2021,NIMHD,post_policy,1,1,0,0,0,0,0,0,0,0,0,0,0,0,0,0,0,0,0,0,0,0,0,0,0,0,0,0,0,0,0,0,0,0,0,post,0,0,0,0,,,,0,0,0,0,0,0,0,0,0,0,none,k0p0,,,,,1,1,1,1,1,1,0,0,0,0,0,0,0,0,0,0,0,0,0,0,0,0,0
P02037,K08,Not Allowed,2019,NHLBI,post_policy,1,0,0,0,0,0,0,0,0,0,0,0,0,0,0,0,0,0,0,0,0,0,0,0,0,0,1,0,0,1,0,0,1,0,0,post,0,0,0,1,0,0,0,0,0,0,0,0,0,0,0,0,0,none,k0p0,,,,,0,,,1,1,0,,,,,,,,,,,,,,,,,
P02038,K23,Not Allowed,2019,NINDS,post_policy,1,0,0,0,0,0,0,1,0,0,0,0,0,0,0,0,0,0,0,0,0,0,0,0,0,1,1,1,1,1,1,1,0,0,0,post,0,0,0,0,,,,0,0,0,0,0,0,0,0,0,1,none,k0p0,k0p0,k0p0,k0p0,k0p0,0,,,1,1,0,,,,,,,,,,,,,,,,,
P02039,K23,Required,2020,NIDDK,post_policy,1,0,0,1,0,0,0,0,0,1,0,0,0,0,0,0,0,1,0,0,0,0,1,1,0,0,0,0,0,0,0,0,0,0,0,post,1,1,0,0,,,,1,0,0,1,0,1,0,0,0,1,ktrial_only,k1p0,k1p0,k1p0,k1p0,k1p0,0,,,1,1,0,,,,,,,,,,,,,,,,,
P02040,K23,Not Allowed,2021,NIAID,post_policy,1,0,0,0,0,0,0,0,0,0,0,0,0,0,0,0,0,0,0,0,0,0,0,0,0,0,0,0,0,0,0,0,0,0,0,post,0,0,0,0,,,,0,0,0,0,0,0,0,0,0,0,none,k0p0,,,,,0,,,1,1,0,,,,,,,,,,,,,,,,,
P02041,K23,Not Allowed,2019,NEI,post_policy,1,1,0,1,0,0,0,0,0,1,0,0,0,0,0,0,0,1,0,0,0,0,1,1,0,0,0,0,0,0,0,0,1,0,0,post,1,1,1,1,0,0,0,1,0,0,1,0,1,0,0,0,0,ktrial_only,k1p0,,,,,0,,,1,1,1,1,0,1,0,0,1,0,0,0,1,1,1,0,0,1,0,0
P02042,K23,Required,2020,NIDA,post_policy,1,1,1,1,0,0,0,0,1,1,0,1,0,0,1,1,0,1,1,0,1,1,1,1,0,0,0,0,0,0,0,0,0,0,0,post,0,0,0,0,,,,1,0,0,1,1,1,1,1,1,1,new_trial,k1p1,k1p1,k1p1,k1p1,k1p1,0,,,1,1,1,1,1,0,0,0,1,0,0,1,0,1,1,0,0,0,0,0
P02043,K23,Required,2020,NIDDK,post_policy,1,1,0,0,0,0,0,0,0,0,0,0,0,0,0,0,0,0,0,0,0,0,0,0,0,0,0,0,0,0,0,0,0,1,0,post,0,0,0,0,,,,0,0,0,0,0,0,0,0,0,0,none,k0p0,,,,,0,,,1,1,0,,,,,,,,,,,,,,,,,
P02044,K08,Not Allowed,2018,NCI,post_policy,1,0,0,0,0,0,0,0,0,0,0,0,0,0,0,0,0,0,0,0,0,0,0,0,0,0,0,0,0,1,0,0,1,0,0,post,0,0,0,1,0,0,0,0,0,0,0,0,0,0,0,0,0,none,k0p0,,,,,0,,,1,1,0,,,,,,,,,,,,,,,,,
P02045,K08,Not Allowed,2021,NCI,post_policy,1,0,0,0,0,0,0,0,0,0,0,0,0,0,0,0,0,0,0,0,0,0,0,0,0,0,1,0,0,1,0,0,0,0,0,post,0,0,0,0,,,,0,0,0,0,0,0,0,0,0,0,none,k0p0,,,,,0,,,1,1,0,,,,,,,,,,,,,,,,,
P02046,K08,Not Allowed,2020,NIDDK,post_policy,1,0,0,0,0,0,0,0,0,0,0,0,0,0,0,0,0,0,0,0,0,0,0,0,0,0,0,0,0,0,0,0,0,0,0,post,0,0,0,0,,,,0,0,0,0,0,0,0,0,0,0,none,k0p0,,,,,0,,,1,1,0,,,,,,,,,,,,,,,,,
P02047,K23,Not Allowed,2020,NIMH,post_policy,1,0,0,0,0,0,0,1,0,0,0,0,0,0,0,0,0,0,0,0,0,0,0,0,0,1,1,1,1,1,1,1,0,0,0,post,0,0,0,0,,,,0,0,0,0,0,0,0,0,0,0,none,k0p0,,,,,0,,,1,1,0,,,,,,,,,,,,,,,,,
P02048,K08,Not Allowed,2021,NIAMS,post_policy,1,0,0,0,0,0,0,0,0,0,0,0,0,0,0,0,0,0,0,0,0,0,0,0,0,0,0,0,0,0,0,0,0,0,0,post,0,0,0,0,,,,0,0,0,0,0,0,0,0,0,0,none,k0p0,,,,,0,,,1,1,0,,,,,,,,,,,,,,,,,
P02049,K23,Required,2020,NHLBI,post_policy,1,1,0,1,0,0,1,0,0,1,1,0,0,0,0,0,0,1,0,0,0,0,1,0,1,0,0,1,0,0,0,1,0,0,1,post,0,0,0,0,,,,0,0,1,1,0,0,0,0,0,0,ktrial_only,k1p0,,,,,0,,,1,1,1,1,0,1,0,0,1,0,0,0,0,1,0,0,0,0,1,1
P02050,K08,Not Allowed,2020,NHLBI,post_policy,1,0,0,0,0,0,0,1,0,0,0,0,0,0,0,0,0,0,0,0,0,0,0,0,0,1,1,1,1,1,1,1,0,0,0,post,0,0,0,0,,,,0,0,0,0,0,0,0,0,0,0,none,k0p0,,,,,0,,,1,1,0,,,,,,,,,,,,,,,,,
P02051,K08,Not Allowed,2020,NIDDK,post_policy,1,0,0,0,0,0,0,0,0,0,0,0,0,0,0,0,0,0,0,0,0,0,0,0,0,0,1,0,0,1,0,0,0,0,0,post,0,0,0,0,,,,0,0,0,0,0,0,0,0,0,0,none,k0p0,,,,,0,,,1,1,0,,,,,,,,,,,,,,,,,
P02052,K08,Not Allowed,2019,NCI,post_policy,1,0,1,1,0,0,0,0,0,0,0,1,0,0,1,1,0,0,1,0,1,1,0,0,0,0,1,0,1,1,1,1,1,0,0,post,0,0,0,1,1,0,1,0,0,0,0,1,0,1,1,1,0,new_trial,k0p1,,,,,0,,,1,1,0,,,,,,,,,,,,,,,,,
P02053,K23,Required,2021,NICHD,post_policy,1,1,0,1,0,0,1,0,0,1,0,0,0,0,0,0,0,1,0,0,0,0,1,0,1,0,0,0,0,0,0,0,0,0,1,post,0,0,0,0,,,,0,0,1,1,0,1,0,0,0,1,ktrial_only,k1p0,k1p0,k1p0,k1p0,k1p0,0,,,1,1,1,1,0,1,0,0,1,0,0,0,0,1,0,0,0,0,1,1
P02054,K08,Required,2019,NIMH,post_policy,1,1,1,1,1,1,0,0,1,1,0,1,1,1,1,1,0,1,1,1,1,1,1,1,0,0,1,0,0,1,0,0,1,0,0,post,1,1,0,1,1,0,1,1,0,0,1,1,0,1,1,1,0,new_trial,k1p1,,,,,0,,,1,1,0,,,,,,,,,,,,,,,,,
P02055,K08,Not Allowed,2020,NHLBI,post_policy,1,0,0,0,0,0,0,0,0,0,0,0,0,0,0,0,0,0,0,0,0,0,0,0,0,0,0,0,0,0,0,0,0,0,0,post,0,0,0,0,,,,0,0,0,0,0,0,0,0,0,0,none,k0p0,,,,,0,,,1,1,0,,,,,,,,,,,,,,,,,
P02056,K08,Not Allowed,2021,NINDS,post_policy,1,0,0,0,0,0,0,1,0,0,0,0,0,0,0,0,0,0,0,0,0,0,0,0,0,1,1,1,1,1,1,1,0,0,0,post,0,0,0,0,,,,0,0,0,0,0,0,0,0,0,0,none,k0p0,,,,,0,,,1,1,0,,,,,,,,,,,,,,,,,
P02057,K23,Required,2018,NICHD,post_policy,1,1,0,1,0,0,1,0,0,1,0,0,0,0,0,0,0,1,0,0,0,0,1,1,0,0,1,0,0,1,0,0,1,0,0,post,1,1,0,1,1,1,1,1,0,0,1,0,1,0,0,1,1,ktrial_only,k1p0,k1p0,k1p0,k1p0,k1p0,0,,,1,1,1,1,1,0,0,0,1,0,0,1,0,1,1,1,0,1,0,0
P02058,K23,Required,2021,NICHD,post_policy,1,1,0,1,0,0,0,0,0,1,0,0,0,0,0,0,0,1,0,0,0,0,1,0,1,0,1,0,0,1,0,0,0,0,0,post,0,0,0,0,,,,0,0,1,1,0,0,0,0,0,0,ktrial_only,k1p0,,,,,0,,,1,1,1,1,0,1,0,0,1,0,0,0,0,1,0,0,0,0,1,1
P02059,K23,Not Allowed,2021,NIDDK,post_policy,1,0,0,0,0,0,0,1,0,0,0,0,0,0,0,0,0,0,0,0,0,0,0,0,0,1,1,1,1,1,1,1,0,0,0,post,0,0,0,0,,,,0,0,0,0,0,0,0,0,0,0,none,k0p0,,,,,0,,,1,1,0,,,,,,,,,,,,,,,,,
P02060,K23,Not Allowed,2019,NINR,post_policy,1,0,0,0,0,0,0,0,0,0,0,0,0,0,0,0,0,0,0,0,0,0,0,0,0,0,0,0,0,0,0,0,1,0,0,post,0,0,0,1,0,0,0,0,0,0,0,0,0,0,0,0,0,none,k0p0,,,,,0,,,1,1,0,,,,,,,,,,,,,,,,,
P02061,K08,Not Allowed,2021,NHLBI,post_policy,1,0,0,0,0,0,0,0,0,0,0,0,0,0,0,0,0,0,0,0,0,0,0,0,0,0,0,0,0,0,0,0,0,0,0,post,0,0,0,0,,,,0,0,0,0,0,0,0,0,0,0,none,k0p0,,,,,0,,,1,1,0,,,,,,,,,,,,,,,,,
P02062,K08,Not Allowed,2021,NHLBI,post_policy,1,0,0,0,0,0,0,0,0,0,0,0,0,0,0,0,0,0,0,0,0,0,0,0,0,0,0,0,0,0,0,0,0,0,0,post,0,0,0,0,,,,0,0,0,0,0,0,0,0,0,0,none,k0p0,,,,,0,,,1,1,0,,,,,,,,,,,,,,,,,
P02063,K08,Not Allowed,2020,NIDDK,post_policy,1,0,0,0,0,0,0,0,0,0,0,0,0,0,0,0,0,0,0,0,0,0,0,0,0,0,0,0,0,0,0,0,0,0,0,post,0,0,0,0,,,,0,0,0,0,0,0,0,0,0,0,none,k0p0,,,,,0,,,1,1,0,,,,,,,,,,,,,,,,,
P02064,K08,Not Allowed,2020,NIDCR,post_policy,1,0,0,0,0,0,0,1,0,0,0,0,0,0,0,0,0,0,0,0,0,0,0,0,0,1,1,1,1,1,1,1,0,0,0,post,0,0,0,0,,,,0,0,0,0,0,0,0,0,0,0,none,k0p0,,,,,0,,,1,1,0,,,,,,,,,,,,,,,,,
P02065,K08,Required,2019,NICHD,post_policy,1,1,0,1,0,0,0,0,0,1,0,0,0,0,0,0,0,1,0,0,0,0,1,1,0,0,0,0,0,0,0,0,1,0,0,post,1,0,0,1,0,0,0,1,0,0,1,0,0,0,0,0,0,ktrial_only,k1p0,,,,,0,,,1,1,0,,,,,,,,,,,,,,,,,
P02066,K23,Not Allowed,2019,NINR,post_policy,1,0,0,0,0,0,0,0,0,0,0,0,0,0,0,0,0,0,0,0,0,0,0,0,0,0,0,0,0,0,0,0,1,0,0,post,0,0,0,1,0,0,0,0,0,0,0,0,0,0,0,0,0,none,k0p0,,,,,0,,,1,1,0,,,,,,,,,,,,,,,,,
P02067,K23,Not Allowed,2021,NHLBI,post_policy,1,0,0,0,0,0,0,0,0,0,0,0,0,0,0,0,0,0,0,0,0,0,0,0,0,0,0,0,0,0,0,0,0,0,0,post,0,0,0,0,,,,0,0,0,0,0,0,0,0,0,0,none,k0p0,,,,,0,,,1,1,0,,,,,,,,,,,,,,,,,
P02068,K23,Required,2021,NIDDK,post_policy,1,1,1,1,1,1,1,0,0,0,0,0,1,1,1,1,0,0,1,0,1,0,1,0,0,0,0,0,0,0,0,0,0,0,0,post,0,0,0,0,,,,0,0,0,0,1,0,1,1,1,0,new_trial,k0p1,,,,,0,,,1,1,1,0,0,0,0,0,0,0,0,0,0,0,0,0,0,0,0,0
P02069,K08,Not Allowed,2021,NCI,post_policy,1,0,0,0,0,0,0,0,0,0,0,0,0,0,0,0,0,0,0,0,0,0,0,0,0,0,0,0,0,0,0,0,0,0,0,post,0,0,0,0,,,,0,0,0,0,0,0,0,0,0,0,none,k0p0,,,,,0,,,1,1,0,,,,,,,,,,,,,,,,,
P02070,K23,Required,2020,NHLBI,post_policy,1,1,1,1,0,1,1,0,0,1,1,1,1,1,1,1,1,1,1,1,0,0,1,1,0,0,0,0,0,0,0,0,0,0,1,post,1,1,1,0,,,,1,0,0,1,1,1,1,1,1,1,new_trial,k1p1,k1p1,k1p1,k1p1,k1p1,0,,,1,1,1,1,0,1,0,0,1,0,0,0,1,1,1,0,0,1,1,1
P02071,K08,Not Allowed,2020,NHLBI,post_policy,1,0,0,0,0,0,0,0,0,0,0,0,0,0,0,0,0,0,0,0,0,0,0,0,0,0,0,0,0,0,0,0,0,0,0,post,0,0,0,0,,,,0,0,0,0,0,0,0,0,0,0,none,k0p0,,,,,0,,,1,1,0,,,,,,,,,,,,,,,,,
P02072,K08,Not Allowed,2019,NHGRI,post_policy,1,0,0,0,0,0,0,0,0,0,0,0,0,0,0,0,0,0,0,0,0,0,0,0,0,0,0,0,0,0,0,0,1,0,0,post,0,0,0,1,0,0,0,0,0,0,0,0,0,0,0,0,0,none,k0p0,,,,,0,,,1,1,0,,,,,,,,,,,,,,,,,
P02073,K23,Not Allowed,2019,NICHD,post_policy,1,0,1,1,0,1,0,0,0,0,0,0,0,0,1,1,0,0,0,0,0,0,0,0,0,0,0,0,0,0,0,0,1,0,0,post,0,0,0,1,1,0,0,0,0,0,0,1,0,1,1,1,1,new_trial,k0p1,k0p1,k0p1,k0p1,k0p1,0,,,1,1,0,,,,,,,,,,,,,,,,,
P02074,K23,Not Allowed,2019,NHLBI,post_policy,1,0,0,0,0,0,0,0,0,0,0,0,0,0,0,0,0,0,0,0,0,0,0,0,0,0,1,0,0,1,0,0,1,0,0,post,0,0,0,1,0,0,0,0,0,0,0,0,0,0,0,0,0,none,k0p0,,,,,0,,,1,1,0,,,,,,,,,,,,,,,,,
P02075,K23,Required,2020,NIDDK,post_policy,1,1,0,1,0,0,0,0,0,1,1,0,0,0,0,0,0,1,0,0,0,0,1,1,0,0,0,0,0,0,0,0,0,0,0,post,0,0,0,0,,,,1,0,0,1,0,0,0,0,0,0,ktrial_only,k1p0,,,,,0,,,1,1,1,1,1,0,0,0,1,0,0,1,0,1,0,0,1,1,0,0
P02076,K08,Required,2020,NCI,post_policy,1,0,1,1,0,1,1,0,0,1,0,0,0,0,1,1,0,1,1,0,0,0,1,1,0,1,1,1,1,1,1,1,0,0,1,post,0,0,0,0,,,,1,0,0,1,1,0,1,1,1,0,new_trial,k1p1,,,,,0,,,1,1,0,,,,,,,,,,,,,,,,,
P02077,K23,Required,2020,NIMH,post_policy,1,1,0,1,0,0,0,0,0,1,0,0,0,0,0,0,0,1,0,0,0,0,1,1,0,0,0,0,0,0,0,0,0,0,0,post,1,1,1,0,,,,1,0,0,1,0,1,0,0,0,0,ktrial_only,k1p0,,,,,0,,,1,1,1,1,1,0,0,0,1,0,0,1,0,1,1,1,0,1,0,0
P02078,K08,Not Allowed,2020,NIAMS,post_policy,1,0,0,0,0,0,0,1,0,0,0,0,0,0,0,0,0,0,0,0,0,0,0,0,0,1,1,1,1,1,1,1,0,0,0,post,0,0,0,0,,,,0,0,0,0,0,0,0,0,0,0,none,k0p0,,,,,0,,,1,1,0,,,,,,,,,,,,,,,,,
P02079,K23,Not Allowed,2021,NHLBI,post_policy,1,0,0,0,0,0,0,0,0,0,0,0,0,0,0,0,0,0,0,0,0,0,0,0,0,0,0,0,0,0,0,0,0,0,0,post,0,0,0,0,,,,0,0,0,0,0,0,0,0,0,0,none,k0p0,,,,,0,,,1,1,0,,,,,,,,,,,,,,,,,
P02080,K23,Required,2021,NIAMS,post_policy,1,1,1,1,0,1,0,0,0,1,0,0,0,0,1,1,0,1,1,0,0,0,1,1,0,0,0,0,0,0,0,0,0,0,0,post,0,0,0,0,,,,1,0,0,1,1,1,1,1,1,0,new_trial,k1p1,,,,,0,,,1,1,1,1,1,0,0,0,1,0,0,1,0,1,0,0,0,0,0,0
P02081,K23,Required,2019,NIDDK,post_policy,1,1,1,1,1,1,1,0,0,0,0,1,1,1,1,1,0,0,1,1,1,0,0,0,0,0,0,0,1,1,1,1,1,0,1,post,0,0,0,1,1,0,1,0,0,0,0,1,0,1,1,1,1,new_trial,k0p1,k0p1,k0p1,k0p1,k0p1,0,,,1,1,1,0,0,0,0,0,0,0,0,0,0,0,0,0,0,0,0,0
P02082,K23,Not Allowed,2018,NIDDK,post_policy,1,0,1,1,0,1,0,0,0,0,0,1,0,0,1,1,0,0,1,0,0,0,0,0,0,0,1,0,0,1,0,0,1,0,0,post,0,0,0,1,1,0,1,0,0,0,0,1,0,1,1,1,0,new_trial,k0p1,,,,,0,,,1,1,0,,,,,,,,,,,,,,,,,
P02083,K23,Not Allowed,2020,NHLBI,post_policy,1,0,0,0,0,0,0,1,0,0,0,0,0,0,0,0,0,0,0,0,0,0,0,0,0,1,1,1,1,1,1,1,0,0,0,post,0,0,0,0,,,,0,0,0,0,0,0,0,0,0,0,none,k0p0,,,,,0,,,1,1,0,,,,,,,,,,,,,,,,,
P02084,K23,Required,2021,NIMH,post_policy,1,1,0,1,0,0,0,0,0,1,0,0,0,0,0,0,0,1,0,0,0,0,1,1,0,0,1,0,0,1,0,0,0,0,0,post,1,0,0,0,,,,1,0,0,1,0,0,0,0,0,0,ktrial_only,k1p0,,,,,0,,,1,1,1,1,1,0,0,0,1,0,0,1,0,1,1,1,0,0,0,0
P02085,K23,Not Allowed,2019,NIAID,post_policy,1,0,0,0,0,0,0,0,0,0,0,0,0,0,0,0,0,0,0,0,0,0,0,0,0,0,1,0,0,1,0,0,1,0,0,post,0,0,0,1,0,0,0,0,0,0,0,0,0,0,0,0,0,none,k0p0,,,,,0,,,1,1,0,,,,,,,,,,,,,,,,,
P02086,K23,Not Allowed,2019,NHLBI,post_policy,1,0,0,0,0,0,0,0,0,0,0,0,0,0,0,0,0,0,0,0,0,0,0,0,0,0,0,0,0,0,0,0,1,0,0,post,0,0,0,1,0,0,0,0,0,0,0,0,0,0,0,0,0,none,k0p0,,,,,0,,,1,1,0,,,,,,,,,,,,,,,,,
P02087,K23,Not Allowed,2019,NINR,post_policy,1,0,0,0,0,0,0,0,0,0,0,0,0,0,0,0,0,0,0,0,0,0,0,0,0,0,0,0,0,0,0,0,1,0,0,post,0,0,0,1,0,0,0,0,0,0,0,0,0,0,0,0,0,none,k0p0,,,,,0,,,1,1,0,,,,,,,,,,,,,,,,,
P02088,K23,Not Allowed,2021,NINR,post_policy,1,0,0,0,0,0,0,0,0,0,0,0,0,0,0,0,0,0,0,0,0,0,0,0,0,0,0,0,0,0,0,0,0,0,0,post,0,0,0,0,,,,0,0,0,0,0,0,0,0,0,1,none,k0p0,k0p0,k0p0,k0p0,k0p0,0,,,1,1,0,,,,,,,,,,,,,,,,,
P02089,K23,Required,2021,NIAMS,post_policy,1,1,1,1,0,0,0,0,0,1,0,0,0,0,1,1,0,1,1,0,0,0,1,1,1,0,0,0,0,0,0,0,0,0,0,post,0,0,0,0,,,,1,0,1,1,1,1,1,1,1,0,new_trial,k1p1,,,,,0,,,1,1,1,1,1,1,0,0,1,0,0,1,0,1,1,1,0,0,1,1
P02090,K23,Not Allowed,2019,NIGMS,post_policy,1,0,0,1,0,0,0,0,0,1,0,0,0,0,0,0,0,1,0,0,0,0,1,0,1,0,1,0,0,1,0,0,1,0,0,post,1,0,0,1,1,1,1,0,0,1,1,0,0,0,0,1,0,ktrial_only,k1p0,,,,,0,,,1,1,0,,,,,,,,,,,,,,,,,
P02091,K23,Required,2019,NIMH,post_policy,1,1,1,1,1,1,0,1,0,1,1,0,1,1,1,1,0,1,1,0,1,1,1,0,1,1,1,1,1,1,1,1,1,0,0,post,0,0,0,1,1,0,1,0,0,1,1,1,0,1,1,1,1,new_trial,k1p1,k1p0,k1p0,k1p0,k1p0,0,,,1,1,1,1,0,1,0,0,1,0,0,0,0,0,0,0,1,0,0,0
P02092,K08,Not Allowed,2021,NIGMS,post_policy,1,0,0,0,0,0,0,0,0,0,0,0,0,0,0,0,0,0,0,0,0,0,0,0,0,0,0,0,0,0,0,0,0,0,0,post,0,0,0,0,,,,0,0,0,0,0,0,0,0,0,0,none,k0p0,,,,,0,,,1,1,0,,,,,,,,,,,,,,,,,
P02093,K08,Not Allowed,2021,NCI,post_policy,1,0,1,1,1,1,0,0,0,0,0,0,0,0,1,1,0,0,1,0,0,0,0,0,0,0,0,0,0,0,0,0,0,0,0,post,0,0,0,0,,,,0,0,0,0,1,0,1,1,1,0,new_trial,k0p1,,,,,0,,,1,1,0,,,,,,,,,,,,,,,,,
P02094,K08,Not Allowed,2020,NINDS,post_policy,1,0,0,0,0,0,0,0,0,0,0,0,0,0,0,0,0,0,0,0,0,0,0,0,0,0,0,0,0,0,0,0,0,0,0,post,0,0,0,0,,,,0,0,0,0,0,0,0,0,0,0,none,k0p0,,,,,0,,,1,1,0,,,,,,,,,,,,,,,,,
P02095,K08,Not Allowed,2021,NIDDK,post_policy,1,0,0,0,0,0,0,0,0,0,0,0,0,0,0,0,0,0,0,0,0,0,0,0,0,0,0,0,0,0,0,0,0,0,0,post,0,0,0,0,,,,0,0,0,0,0,0,0,0,0,0,none,k0p0,,,,,0,,,1,1,0,,,,,,,,,,,,,,,,,
P02096,K23,Not Allowed,2020,NIAID,post_policy,1,1,0,0,0,0,0,0,0,0,0,0,0,0,0,0,0,0,0,0,0,0,0,0,0,0,1,0,0,1,0,0,0,0,0,post,0,0,0,0,,,,0,0,0,0,0,0,0,0,0,0,none,k0p0,,,,,0,,,1,1,1,0,0,0,0,0,0,0,0,0,0,0,0,0,0,0,0,0
P02097,K23,Required,2020,NHLBI,post_policy,1,1,1,1,0,0,1,0,0,1,0,0,0,0,1,1,0,1,1,0,0,0,1,1,0,0,0,0,0,0,0,0,0,0,1,post,0,0,0,0,,,,1,0,0,1,1,1,1,1,1,1,new_trial,k1p1,k1p1,k1p1,k1p1,k1p1,1,1,1,1,1,1,1,1,0,0,0,1,0,0,1,0,1,0,0,0,0,0,0
P02098,K08,Required,2020,NCI,post_policy,1,1,0,1,0,0,1,0,0,1,0,0,0,0,0,0,0,1,0,0,0,0,1,0,1,0,0,0,0,0,0,0,0,0,0,post,0,0,0,0,,,,0,0,1,1,0,1,0,0,0,0,ktrial_only,k1p0,,,,,0,,,1,1,0,,,,,,,,,,,,,,,,,
P02099,K23,Not Allowed,2019,NIMH,post_policy,1,0,1,1,1,1,0,0,0,0,0,0,1,1,1,1,0,0,1,1,0,0,0,0,0,0,0,0,0,0,0,0,1,0,0,post,0,0,0,1,1,0,1,0,0,0,0,1,0,1,1,1,0,new_trial,k0p1,,,,,0,,,1,1,0,,,,,,,,,,,,,,,,,
P02100,K23,Not Allowed,2019,NIAID,post_policy,1,0,0,0,0,0,0,0,0,0,0,0,0,0,0,0,0,0,0,0,0,0,0,0,0,0,0,0,0,0,0,0,1,0,0,post,0,0,0,1,0,0,0,0,0,0,0,0,0,0,0,0,0,none,k0p0,,,,,0,,,1,1,0,,,,,,,,,,,,,,,,,
P02101,K23,Required,2020,NHLBI,post_policy,1,1,0,1,0,0,0,0,0,1,0,0,0,0,0,0,0,1,0,0,0,0,1,1,0,0,0,0,0,0,0,0,0,0,0,post,1,1,0,0,,,,1,0,0,1,0,1,0,0,0,0,ktrial_only,k1p0,,,,,0,,,1,1,1,1,1,0,0,0,1,1,0,1,0,1,1,1,0,1,1,1
P02102,K23,Not Allowed,2019,NIA,post_policy,1,0,0,0,0,0,0,0,0,0,0,0,0,0,0,0,0,0,0,0,0,0,0,0,0,0,0,0,1,1,1,1,1,0,0,post,0,0,0,1,0,0,0,0,0,0,0,0,0,0,0,0,0,none,k0p0,,,,,0,,,1,1,0,,,,,,,,,,,,,,,,,
P02103,K23,Required,2021,NCCIH,post_policy,1,1,0,1,0,0,0,0,0,1,0,0,0,0,0,0,0,1,0,0,0,0,1,0,1,0,0,0,0,0,0,0,0,0,0,post,0,0,0,0,,,,0,0,1,1,0,1,0,0,0,0,ktrial_only,k1p0,,,,,1,1,1,1,1,1,1,0,1,0,0,1,0,0,0,0,1,1,1,0,0,0,0
P02104,K08,Not Allowed,2019,NHLBI,post_policy,1,0,0,0,0,0,0,0,0,0,0,0,0,0,0,0,0,0,0,0,0,0,0,0,0,0,0,0,0,0,0,0,1,0,0,post,0,0,0,1,0,0,0,0,0,0,0,0,0,0,0,0,0,none,k0p0,,,,,0,,,1,1,0,,,,,,,,,,,,,,,,,
P02105,K23,Not Allowed,2019,NIDA,post_policy,1,0,0,0,0,0,0,0,0,0,0,0,0,0,0,0,0,0,0,0,0,0,0,0,0,0,0,0,0,0,0,0,1,0,0,post,0,0,0,1,0,0,0,0,0,0,0,0,0,0,0,0,0,none,k0p0,,,,,0,,,1,1,0,,,,,,,,,,,,,,,,,
P02106,K08,Not Allowed,2020,NINDS,post_policy,1,0,0,0,0,0,0,0,0,0,0,0,0,0,0,0,0,0,0,0,0,0,0,0,0,0,0,0,0,0,0,0,0,0,0,post,0,0,0,0,,,,0,0,0,0,0,0,0,0,0,0,none,k0p0,,,,,0,,,1,1,0,,,,,,,,,,,,,,,,,
P02107,K08,Not Allowed,2020,NIDDK,post_policy,1,0,0,0,0,0,0,0,0,0,0,0,0,0,0,0,0,0,0,0,0,0,0,0,0,0,0,0,0,0,0,0,0,0,0,post,0,0,0,0,,,,0,0,0,0,0,0,0,0,0,0,none,k0p0,,,,,0,,,1,1,0,,,,,,,,,,,,,,,,,
P02108,K08,Not Allowed,2019,NCI,post_policy,1,0,0,0,0,0,0,0,0,0,0,0,0,0,0,0,0,0,0,0,0,0,0,0,0,0,0,0,0,0,0,0,1,0,0,post,0,0,0,1,0,0,0,0,0,0,0,0,0,0,0,0,0,none,k0p0,,,,,0,,,1,1,0,,,,,,,,,,,,,,,,,
P02109,K23,Required,2021,NIMH,post_policy,1,1,0,1,0,0,1,0,0,1,0,0,0,0,1,0,0,1,0,0,0,0,1,0,1,0,0,0,0,0,0,0,0,0,1,post,0,0,0,0,,,,0,0,1,1,0,0,0,0,0,0,ktrial_only,k1p0,,,,,0,,,1,1,1,1,0,1,0,0,1,0,0,0,0,1,1,1,0,0,0,0
P02110,K08,Not Allowed,2020,NIAID,post_policy,1,0,0,0,0,0,0,0,0,0,0,0,0,0,0,0,0,0,0,0,0,0,0,0,0,0,1,0,0,1,0,0,0,0,0,post,0,0,0,0,,,,0,0,0,0,0,0,0,0,0,0,none,k0p0,,,,,0,,,1,1,0,,,,,,,,,,,,,,,,,
P02111,K08,Not Allowed,2019,NIAMS,post_policy,1,0,0,0,0,0,0,1,0,0,0,0,0,0,0,0,0,0,0,0,0,0,0,0,0,1,1,1,1,1,1,1,1,0,0,post,0,0,0,1,0,0,0,0,0,0,0,0,0,0,0,0,0,none,k0p0,,,,,0,,,1,1,0,,,,,,,,,,,,,,,,,
P02112,K08,Not Allowed,2021,NHLBI,post_policy,1,0,0,0,0,0,0,0,0,0,0,0,0,0,0,0,0,0,0,0,0,0,0,0,0,0,0,0,0,0,0,0,0,0,0,post,0,0,0,0,,,,0,0,0,0,0,0,0,0,0,0,none,k0p0,,,,,0,,,1,1,0,,,,,,,,,,,,,,,,,
P02113,K08,Not Allowed,2020,NIEHS,post_policy,1,0,0,0,0,0,0,0,0,0,0,0,0,0,0,0,0,0,0,0,0,0,0,0,0,0,1,0,0,1,0,0,0,0,0,post,0,0,0,0,,,,0,0,0,0,0,0,0,0,0,0,none,k0p0,,,,,0,,,1,1,0,,,,,,,,,,,,,,,,,
P02114,K23,Not Allowed,2020,NIMH,post_policy,1,0,0,0,0,0,0,0,0,0,0,0,0,0,0,0,0,0,0,0,0,0,0,0,0,0,0,0,0,0,0,0,0,0,0,post,0,0,0,0,,,,0,0,0,0,0,0,0,0,0,0,none,k0p0,,,,,0,,,1,1,0,,,,,,,,,,,,,,,,,
P02115,K23,Not Allowed,2019,NHLBI,post_policy,1,0,0,0,0,0,0,0,0,0,0,0,0,0,0,0,0,0,0,0,0,0,0,0,0,0,0,0,0,0,0,0,1,0,0,post,0,0,0,1,0,0,0,0,0,0,0,0,0,0,0,0,0,none,k0p0,,,,,0,,,1,1,0,,,,,,,,,,,,,,,,,
P02116,K23,Not Allowed,2020,NIDDK,post_policy,1,0,0,0,0,0,0,0,0,0,0,0,0,0,0,0,0,0,0,0,0,0,0,0,0,0,0,0,0,0,0,0,0,0,0,post,0,0,0,0,,,,0,0,0,0,0,0,0,0,0,1,none,k0p0,k0p0,k0p0,k0p0,k0p0,0,,,1,1,0,,,,,,,,,,,,,,,,,
P02117,K08,Not Allowed,2019,NINDS,post_policy,1,0,0,0,0,0,0,0,0,0,0,0,0,0,0,0,0,0,0,0,0,0,0,0,0,0,0,0,0,0,0,0,1,0,0,post,0,0,0,1,0,0,0,0,0,0,0,0,0,0,0,0,0,none,k0p0,,,,,0,,,1,1,0,,,,,,,,,,,,,,,,,
P02118,K08,Not Allowed,2019,NIDCR,post_policy,1,0,0,0,0,0,0,0,0,0,0,0,0,0,0,0,0,0,0,0,0,0,0,0,0,0,0,0,0,1,0,0,1,0,0,post,0,0,0,1,0,0,0,0,0,0,0,0,0,0,0,0,0,none,k0p0,,,,,0,,,1,1,0,,,,,,,,,,,,,,,,,
P02119,K23,Not Allowed,2021,NIMH,post_policy,1,0,1,1,1,1,1,1,0,0,0,0,1,1,1,0,0,0,1,1,0,0,0,0,0,1,1,1,1,1,1,1,0,0,1,post,0,0,0,0,,,,0,0,0,0,1,0,1,1,1,0,new_trial,k0p1,,,,,0,,,1,1,0,,,,,,,,,,,,,,,,,
P02120,K23,Not Allowed,2020,NHLBI,post_policy,1,0,0,0,0,0,0,0,0,0,0,0,0,0,0,0,0,0,0,0,0,0,0,0,0,0,1,0,0,1,0,0,0,0,0,post,0,0,0,0,,,,0,0,0,0,0,0,0,0,0,0,none,k0p0,,,,,0,,,1,1,0,,,,,,,,,,,,,,,,,
P02121,K23,Required,2021,NINR,post_policy,1,1,1,1,1,1,0,0,0,0,0,0,1,1,1,0,0,0,1,0,0,0,0,0,0,0,0,0,0,0,0,0,0,0,0,post,0,0,0,0,,,,0,0,0,0,1,0,1,1,1,1,new_trial,k0p1,k0p1,k0p1,k0p1,k0p1,0,,,1,1,1,0,0,0,0,0,0,0,0,0,0,0,0,0,0,0,0,0
P02122,K08,Not Allowed,2019,NIDDK,post_policy,1,0,0,0,0,0,0,1,0,0,0,0,0,0,0,0,0,0,0,0,0,0,0,0,0,1,1,1,1,1,1,1,1,0,0,post,0,0,0,1,0,0,0,0,0,0,0,0,0,0,0,0,0,none,k0p0,,,,,0,,,1,1,0,,,,,,,,,,,,,,,,,
P02123,K08,Not Allowed,2020,NCI,post_policy,1,0,0,0,0,0,0,0,0,0,0,0,0,0,0,0,0,0,0,0,0,0,0,0,0,0,0,0,0,0,0,0,0,0,0,post,0,0,0,0,,,,0,0,0,0,0,0,0,0,0,0,none,k0p0,,,,,0,,,1,1,0,,,,,,,,,,,,,,,,,
P02124,K23,Not Allowed,2019,NIDA,post_policy,1,1,1,1,0,0,0,0,1,1,0,0,0,0,1,1,0,1,1,0,0,0,1,1,0,0,0,0,0,0,0,0,1,0,0,post,1,0,0,1,1,0,1,1,0,0,1,1,0,1,1,1,1,new_trial,k1p1,k1p1,k1p1,k1p1,k1p1,0,,,1,1,1,1,0,1,0,0,1,0,0,0,1,1,1,1,0,0,1,1
P02125,K23,Required,2019,NINR,post_policy,1,1,0,0,0,0,0,0,0,0,0,0,0,0,0,0,0,0,0,0,0,0,0,0,0,0,0,0,0,0,0,0,1,0,0,post,0,0,0,1,0,0,0,0,0,0,0,0,0,0,0,0,0,none,k0p0,,,,,0,,,1,1,1,0,0,0,0,0,0,0,0,0,0,0,0,0,0,0,0,0
P02126,K08,Not Allowed,2020,NIAID,post_policy,1,0,0,0,0,0,0,0,0,0,0,0,0,0,0,0,0,0,0,0,0,0,0,0,0,0,0,0,0,0,0,0,0,0,0,post,0,0,0,0,,,,0,0,0,0,0,0,0,0,0,0,none,k0p0,,,,,0,,,1,1,0,,,,,,,,,,,,,,,,,
P02127,K08,Not Allowed,2021,NCI,post_policy,1,0,0,0,0,0,0,0,0,0,0,0,0,0,0,0,0,0,0,0,0,0,0,0,0,0,1,0,0,1,0,0,0,0,0,post,0,0,0,0,,,,0,0,0,0,0,0,0,0,0,0,none,k0p0,,,,,0,,,1,1,0,,,,,,,,,,,,,,,,,
P02128,K08,Not Allowed,2020,NINDS,post_policy,1,0,0,0,0,0,0,0,0,0,0,0,0,0,0,0,0,0,0,0,0,0,0,0,0,1,1,1,1,1,1,1,0,0,0,post,0,0,0,0,,,,0,0,0,0,0,0,0,0,0,0,none,k0p0,,,,,0,,,1,1,0,,,,,,,,,,,,,,,,,
P02129,K23,Not Allowed,2020,NIDA,post_policy,1,0,0,0,0,0,0,0,0,0,0,0,0,0,0,0,0,0,0,0,0,0,0,0,0,0,0,0,0,0,0,0,0,0,0,post,0,0,0,0,,,,0,0,0,0,0,0,0,0,0,0,none,k0p0,,,,,0,,,1,1,0,,,,,,,,,,,,,,,,,
P02130,K23,Not Allowed,2020,NICHD,post_policy,1,0,0,0,0,0,0,0,0,0,0,0,0,0,0,0,0,0,0,0,0,0,0,0,0,0,0,0,0,0,0,0,0,0,0,post,0,0,0,0,,,,0,0,0,0,0,0,0,0,0,0,none,k0p0,,,,,0,,,1,1,0,,,,,,,,,,,,,,,,,
P02131,K23,Required,2019,NIDDK,post_policy,1,1,0,1,0,0,0,0,0,1,0,0,0,0,0,0,0,1,0,0,0,0,1,1,0,0,0,0,0,0,0,0,1,0,0,post,1,1,1,1,0,0,0,1,0,0,1,0,1,0,0,0,0,ktrial_only,k1p0,,,,,0,,,1,1,1,1,1,1,0,0,1,0,0,1,1,1,1,1,0,1,0,0
P02132,K08,Required,2021,NCI,post_policy,1,1,0,1,0,0,0,0,0,1,0,0,0,0,0,0,0,1,0,0,0,0,1,1,0,0,0,0,0,0,0,0,0,0,0,post,0,0,0,0,,,,1,0,0,1,0,1,0,0,0,0,ktrial_only,k1p0,,,,,0,,,1,1,0,,,,,,,,,,,,,,,,,
P02133,K23,Not Allowed,2020,NIMH,post_policy,1,0,0,0,0,0,0,0,0,0,0,0,0,0,0,0,0,0,0,0,0,0,0,0,0,0,0,0,0,0,0,0,0,0,0,post,0,0,0,0,,,,0,0,0,0,0,0,0,0,0,0,none,k0p0,,,,,0,,,1,1,0,,,,,,,,,,,,,,,,,
P02134,K23,Not Allowed,2019,NHLBI,post_policy,1,0,0,0,0,0,0,0,0,0,0,0,0,0,0,0,0,0,0,0,0,0,0,0,0,0,0,0,0,0,0,0,1,0,0,post,0,0,0,1,0,0,0,0,0,0,0,0,0,0,0,0,0,none,k0p0,,,,,0,,,1,1,0,,,,,,,,,,,,,,,,,
P02135,K08,Not Allowed,2019,NIAID,post_policy,1,0,0,0,0,0,0,0,0,0,0,0,0,0,0,0,0,0,0,0,0,0,0,0,0,0,0,0,0,0,0,0,1,0,0,post,0,0,0,1,0,0,0,0,0,0,0,0,0,0,0,0,0,none,k0p0,,,,,0,,,1,1,0,,,,,,,,,,,,,,,,,
P02136,K23,Not Allowed,2019,NIAMS,post_policy,1,0,0,0,0,0,0,0,0,0,0,0,0,0,0,0,0,0,0,0,0,0,0,0,0,0,0,0,0,0,0,0,1,0,0,post,0,0,0,1,0,0,0,0,0,0,0,0,0,0,0,0,0,none,k0p0,,,,,1,0,0,1,1,0,,,,,,,,,,,,,,,,,
P02137,K23,Not Allowed,2021,NIMH,post_policy,1,0,0,0,0,0,0,0,0,0,0,0,0,0,0,0,0,0,0,0,0,0,0,0,0,0,0,0,0,0,0,0,0,0,0,post,0,0,0,0,,,,0,0,0,0,0,0,0,0,0,0,none,k0p0,,,,,0,,,1,1,0,,,,,,,,,,,,,,,,,
P02138,K23,Not Allowed,2021,NIAID,post_policy,1,0,0,0,0,0,0,0,0,0,0,0,0,0,0,0,0,0,0,0,0,0,0,0,0,0,0,0,0,0,0,0,0,0,0,post,0,0,0,0,,,,0,0,0,0,0,0,0,0,0,0,none,k0p0,,,,,0,,,1,1,0,,,,,,,,,,,,,,,,,
P02139,K08,Not Allowed,2019,NHLBI,post_policy,1,0,1,1,0,1,0,0,0,0,0,0,0,0,1,0,0,0,1,0,0,0,0,0,0,0,0,0,0,0,0,0,0,0,0,post,0,0,0,0,,,,0,0,0,0,1,0,0,1,1,0,new_trial,k0p1,,,,,0,,,1,1,0,,,,,,,,,,,,,,,,,
P02140,K23,Not Allowed,2020,NIAMS,post_policy,1,0,1,1,1,1,0,0,0,0,0,1,0,0,1,1,0,0,1,0,0,0,0,0,0,0,0,0,1,1,1,1,0,0,0,post,0,0,0,0,,,,0,0,0,0,1,0,1,1,1,0,new_trial,k0p1,,,,,0,,,1,1,0,,,,,,,,,,,,,,,,,
P02141,K08,Not Allowed,2019,NHLBI,post_policy,1,0,0,0,0,0,0,1,0,0,0,0,0,0,0,0,0,0,0,0,0,0,0,0,0,1,1,1,1,1,1,1,1,0,0,post,0,0,0,1,0,0,0,0,0,0,0,0,0,0,0,0,0,none,k0p0,,,,,0,,,1,1,0,,,,,,,,,,,,,,,,,
P02142,K23,Not Allowed,2020,NHLBI,post_policy,1,1,1,1,1,0,0,0,0,0,0,1,0,0,1,1,0,0,1,0,0,0,0,0,0,0,0,0,0,0,0,0,0,0,0,post,0,0,0,0,,,,0,0,0,0,1,0,1,1,1,0,new_trial,k0p1,,,,,0,,,1,1,1,0,0,0,0,0,0,0,0,0,0,0,0,0,0,0,0,0
P02143,K23,Not Allowed,2021,NIA,post_policy,1,0,1,1,1,0,0,1,0,0,0,0,0,0,1,1,0,0,1,0,0,0,0,0,0,1,1,1,1,1,1,1,0,0,0,post,0,0,0,0,,,,0,0,0,0,1,0,1,1,1,0,new_trial,k0p1,,,,,0,,,1,1,0,,,,,,,,,,,,,,,,,
P02144,K08,Not Allowed,2021,NHLBI,post_policy,1,0,0,0,0,0,0,1,0,0,0,0,0,0,0,0,0,0,0,0,0,0,0,0,0,1,1,1,1,1,1,1,0,0,0,post,0,0,0,0,,,,0,0,0,0,0,0,0,0,0,0,none,k0p0,,,,,0,,,1,1,0,,,,,,,,,,,,,,,,,
P02145,K08,Not Allowed,2021,NCI,post_policy,1,0,0,0,0,0,0,0,0,0,0,0,0,0,0,0,0,0,0,0,0,0,0,0,0,0,0,0,0,0,0,0,0,0,0,post,0,0,0,0,,,,0,0,0,0,0,0,0,0,0,0,none,k0p0,,,,,0,,,1,1,0,,,,,,,,,,,,,,,,,
P02146,K08,Not Allowed,2020,NEI,post_policy,1,0,0,0,0,0,0,0,0,0,0,0,0,0,0,0,0,0,0,0,0,0,0,0,0,0,1,0,0,1,0,0,0,0,0,post,0,0,0,0,,,,0,0,0,0,0,0,0,0,0,0,none,k0p0,,,,,0,,,1,1,0,,,,,,,,,,,,,,,,,
P02147,K08,Not Allowed,2020,NCI,post_policy,1,0,0,0,0,0,0,0,0,0,0,0,0,0,0,0,0,0,0,0,0,0,0,0,0,0,0,0,0,0,0,0,0,0,0,post,0,0,0,0,,,,0,0,0,0,0,0,0,0,0,0,none,k0p0,,,,,0,,,1,1,0,,,,,,,,,,,,,,,,,
P02148,K23,Not Allowed,2020,NIA,post_policy,1,0,0,0,0,0,0,0,0,0,0,0,0,0,0,0,0,0,0,0,0,0,0,0,0,0,1,0,0,1,0,0,0,0,0,post,0,0,0,0,,,,0,0,0,0,0,0,0,0,0,0,none,k0p0,,,,,0,,,1,1,0,,,,,,,,,,,,,,,,,
P02149,K23,Required,2021,NIMH,post_policy,1,1,0,1,0,0,0,0,0,1,0,0,0,0,0,0,0,1,0,0,0,0,1,1,0,0,0,0,0,0,0,0,0,0,0,post,0,0,0,0,,,,1,0,0,1,0,1,0,0,0,0,ktrial_only,k1p0,,,,,0,,,1,1,1,1,1,0,0,0,1,0,0,1,0,1,0,0,0,0,0,0
P02150,K08,Not Allowed,2020,NCI,post_policy,1,0,1,1,0,1,0,0,0,0,0,0,0,0,1,1,0,0,1,0,0,0,0,0,0,0,0,0,0,0,0,0,0,0,0,post,0,0,0,0,,,,0,0,0,0,1,0,1,1,1,0,new_trial,k0p1,,,,,0,,,1,1,0,,,,,,,,,,,,,,,,,
P02151,K08,Not Allowed,2019,NINDS,post_policy,1,0,0,0,0,0,0,0,0,0,0,0,0,0,0,0,0,0,0,0,0,0,0,0,0,0,0,0,0,1,0,0,1,0,0,post,0,0,0,1,0,0,0,0,0,0,0,0,0,0,0,0,0,none,k0p0,,,,,0,,,1,1,0,,,,,,,,,,,,,,,,,
P02152,K23,Required,2019,NHLBI,post_policy,1,1,0,0,0,0,0,0,0,0,0,0,0,0,0,0,0,0,0,0,0,0,0,0,0,0,0,0,0,0,0,0,1,0,0,post,0,0,0,1,0,0,0,0,0,0,0,0,0,0,0,0,1,none,k0p0,k0p0,k0p0,k0p0,k0p0,0,,,1,1,1,0,0,0,0,0,0,0,0,0,0,0,0,0,0,0,0,0
P02153,K08,Required,2019,NIMH,post_policy,1,1,0,1,0,0,0,0,1,1,0,0,0,0,0,0,0,1,0,0,0,0,1,1,0,0,0,0,0,0,0,0,1,0,0,post,1,1,1,1,1,1,1,1,0,0,1,0,0,0,0,1,0,ktrial_only,k1p0,,,,,0,,,1,1,0,,,,,,,,,,,,,,,,,
P02154,K08,Not Allowed,2021,NCI,post_policy,1,0,0,0,0,0,0,1,0,0,0,0,0,0,0,0,0,0,0,0,0,0,0,0,0,1,1,1,1,1,1,1,0,0,0,post,0,0,0,0,,,,0,0,0,0,0,0,0,0,0,0,none,k0p0,,,,,0,,,1,1,0,,,,,,,,,,,,,,,,,
P02155,K08,Not Allowed,2019,NHLBI,post_policy,1,0,0,0,0,0,0,0,0,0,0,0,0,0,0,0,0,0,0,0,0,0,0,0,0,0,0,0,0,0,0,0,1,0,0,post,0,0,0,1,0,0,0,0,0,0,0,0,0,0,0,0,0,none,k0p0,,,,,0,,,1,1,0,,,,,,,,,,,,,,,,,
P02156,K08,Not Allowed,2021,NIAID,post_policy,1,0,0,0,0,0,0,0,0,0,0,0,0,0,0,0,0,0,0,0,0,0,0,0,0,0,0,0,0,0,0,0,0,0,0,post,0,0,0,0,,,,0,0,0,0,0,0,0,0,0,0,none,k0p0,,,,,0,,,1,1,0,,,,,,,,,,,,,,,,,
P02157,K08,Not Allowed,2020,NINDS,post_policy,1,0,0,0,0,0,0,1,0,0,0,0,0,0,0,0,0,0,0,0,0,0,0,0,0,1,1,1,1,1,1,1,0,0,0,post,0,0,0,0,,,,0,0,0,0,0,0,0,0,0,0,none,k0p0,,,,,0,,,1,1,0,,,,,,,,,,,,,,,,,
P02158,K08,Not Allowed,2021,NIAID,post_policy,1,0,0,0,0,0,0,1,0,0,0,0,0,0,0,0,0,0,0,0,0,0,0,0,0,1,1,1,1,1,1,1,0,0,0,post,0,0,0,0,,,,0,0,0,0,0,0,0,0,0,0,none,k0p0,,,,,0,,,1,1,0,,,,,,,,,,,,,,,,,
P02159,K08,Not Allowed,2018,NINDS,post_policy,1,0,0,0,0,0,0,0,0,0,0,0,0,0,0,0,0,0,0,0,0,0,0,0,0,0,0,0,0,0,0,0,1,0,0,post,0,0,0,1,0,0,0,0,0,0,0,0,0,0,0,0,0,none,k0p0,,,,,0,,,1,1,0,,,,,,,,,,,,,,,,,
P02160,K23,Not Allowed,2019,NICHD,post_policy,1,0,1,1,1,0,0,0,0,0,0,0,1,0,1,1,0,0,1,0,0,0,0,0,0,0,0,0,0,0,0,0,1,0,0,post,0,0,0,1,1,0,1,0,0,0,0,1,0,1,1,1,0,new_trial,k0p1,,,,,0,,,1,1,0,,,,,,,,,,,,,,,,,
P02161,K08,Not Allowed,2020,NHLBI,post_policy,1,0,0,0,0,0,0,0,0,0,0,0,0,0,0,0,0,0,0,0,0,0,0,0,0,0,1,0,0,1,0,0,0,0,0,post,0,0,0,0,,,,0,0,0,0,0,0,0,0,0,0,none,k0p0,,,,,0,,,1,1,0,,,,,,,,,,,,,,,,,
P02162,K08,Not Allowed,2019,NIGMS,post_policy,1,0,0,0,0,0,0,1,0,0,0,0,0,0,0,0,0,0,0,0,0,0,0,0,0,1,1,1,1,1,1,1,1,0,0,post,0,0,0,1,0,0,0,0,0,0,0,0,0,0,0,0,0,none,k0p0,,,,,0,,,1,1,0,,,,,,,,,,,,,,,,,
P02163,K23,Not Allowed,2020,NIDDK,post_policy,1,0,0,0,0,0,0,0,0,0,0,0,0,0,0,0,0,0,0,0,0,0,0,0,0,0,1,0,0,1,0,0,0,0,0,post,0,0,0,0,,,,0,0,0,0,0,0,0,0,0,0,none,k0p0,,,,,0,,,1,1,0,,,,,,,,,,,,,,,,,
P02164,K08,Not Allowed,2020,NIDCD,post_policy,1,0,0,0,0,0,0,0,0,0,0,0,0,0,0,0,0,0,0,0,0,0,0,0,0,0,1,0,0,1,0,0,0,0,0,post,0,0,0,0,,,,0,0,0,0,0,0,0,0,0,0,none,k0p0,,,,,0,,,1,1,0,,,,,,,,,,,,,,,,,
P02165,K08,Not Allowed,2018,NCI,post_policy,1,0,0,0,0,0,0,0,0,0,0,0,0,0,0,0,0,0,0,0,0,0,0,0,0,0,0,0,0,0,0,0,1,0,0,post,0,0,0,1,0,0,0,0,0,0,0,0,0,0,0,0,0,none,k0p0,,,,,0,,,1,1,0,,,,,,,,,,,,,,,,,
P02166,K08,Not Allowed,2019,NIDDK,post_policy,1,0,0,0,0,0,0,0,0,0,0,0,0,0,0,0,0,0,0,0,0,0,0,0,0,0,0,0,0,0,0,0,1,0,0,post,0,0,0,1,0,0,0,0,0,0,0,0,0,0,0,0,0,none,k0p0,,,,,0,,,1,1,0,,,,,,,,,,,,,,,,,
P02167,K08,Not Allowed,2019,NIAID,post_policy,1,0,0,0,0,0,0,0,0,0,0,0,0,0,0,0,0,0,0,0,0,0,0,0,0,0,0,0,0,0,0,0,1,0,0,post,0,0,0,1,0,0,0,0,0,0,0,0,0,0,0,0,0,none,k0p0,,,,,0,,,1,1,0,,,,,,,,,,,,,,,,,
P02168,K23,Not Allowed,2019,NIMHD,post_policy,1,0,0,0,0,0,0,0,0,0,0,0,0,0,0,0,0,0,0,0,0,0,0,0,0,0,0,0,0,0,0,0,1,0,0,post,0,0,0,1,0,0,0,0,0,0,0,0,0,0,0,0,0,none,k0p0,,,,,0,,,1,1,0,,,,,,,,,,,,,,,,,
P02169,K23,Not Allowed,2020,NIDA,post_policy,1,1,0,0,0,0,0,0,0,0,0,0,0,0,0,0,0,0,0,0,0,0,0,0,0,0,1,0,0,1,0,0,0,0,0,post,0,0,0,0,,,,0,0,0,0,0,0,0,0,0,0,none,k0p0,,,,,0,,,1,1,1,0,0,0,0,0,0,0,0,0,0,0,0,0,0,0,0,0
P02170,K23,Required,2021,NHLBI,post_policy,1,1,0,1,0,0,0,0,0,1,0,0,0,0,0,0,0,1,0,0,0,0,1,1,0,0,1,0,0,1,0,0,0,0,0,post,0,0,0,0,,,,1,0,0,1,0,1,0,0,0,0,ktrial_only,k1p0,,,,,0,,,1,1,1,1,1,0,0,0,1,0,0,1,0,1,0,0,0,0,0,0
P02171,K08,Not Allowed,2020,NIMH,post_policy,1,0,0,0,0,0,0,1,0,0,0,0,0,0,0,0,0,0,0,0,0,0,0,0,0,1,1,1,1,1,1,1,0,0,0,post,0,0,0,0,,,,0,0,0,0,0,0,0,0,0,0,none,k0p0,,,,,0,,,1,1,0,,,,,,,,,,,,,,,,,
P02172,K08,Not Allowed,2019,NEI,post_policy,1,0,0,0,0,0,0,0,0,0,0,0,0,0,0,0,0,0,0,0,0,0,0,0,0,0,0,0,0,0,0,0,1,0,0,post,0,0,0,1,0,0,0,0,0,0,0,0,0,0,0,0,0,none,k0p0,,,,,0,,,1,1,0,,,,,,,,,,,,,,,,,
P02173,K08,Not Allowed,2019,NIDDK,post_policy,1,0,0,0,0,0,0,0,0,0,0,0,0,0,0,0,0,0,0,0,0,0,0,0,0,0,1,0,0,1,0,0,1,0,0,post,0,0,0,1,0,0,0,0,0,0,0,0,0,0,0,0,0,none,k0p0,,,,,0,,,1,1,0,,,,,,,,,,,,,,,,,
P02174,K08,Not Allowed,2020,NHLBI,post_policy,1,0,0,0,0,0,0,0,0,0,0,0,0,0,0,0,0,0,0,0,0,0,0,0,0,0,0,0,0,0,0,0,0,0,0,post,0,0,0,0,,,,0,0,0,0,0,0,0,0,0,0,none,k0p0,,,,,0,,,1,1,0,,,,,,,,,,,,,,,,,
P02175,K23,Not Allowed,2019,NINDS,post_policy,1,0,1,1,0,1,0,0,0,0,0,0,0,0,1,0,0,0,1,0,0,0,0,0,0,0,0,0,0,0,0,0,1,0,0,post,0,0,0,1,1,0,1,0,0,0,0,1,0,1,1,1,0,new_trial,k0p1,,,,,0,,,1,1,0,,,,,,,,,,,,,,,,,
P02176,K23,Required,2020,NHLBI,post_policy,1,1,1,1,0,0,0,1,0,1,0,1,0,0,1,1,0,1,1,0,1,1,1,1,0,1,1,1,1,1,1,1,0,0,0,post,1,1,0,0,,,,1,0,0,1,1,0,1,1,1,0,new_trial,k1p1,,,,,1,1,1,1,1,1,1,0,1,0,0,1,0,0,0,1,1,1,1,0,1,0,0
P02177,K23,Not Allowed,2021,NIA,post_policy,1,0,0,0,0,0,0,0,0,0,0,0,0,0,0,0,0,0,0,0,0,0,0,0,0,0,0,0,0,0,0,0,0,0,0,post,0,0,0,0,,,,0,0,0,0,0,0,0,0,0,1,none,k0p0,k0p0,k0p0,k0p0,k0p0,0,,,1,1,0,,,,,,,,,,,,,,,,,
P02178,K23,Not Allowed,2021,NHLBI,post_policy,1,0,0,0,0,0,0,0,0,0,0,0,0,0,0,0,0,0,0,0,0,0,0,0,0,0,1,0,0,1,0,0,0,0,0,post,0,0,0,0,,,,0,0,0,0,0,0,0,0,0,0,none,k0p0,,,,,0,,,1,1,0,,,,,,,,,,,,,,,,,
P02179,K23,Required,2020,NIDDK,post_policy,1,1,0,0,0,0,1,0,0,0,0,0,0,0,0,0,0,0,0,0,0,0,1,0,0,0,0,0,0,0,0,0,0,0,0,post,0,0,0,0,,,,0,0,0,0,0,0,0,0,0,0,none,k0p0,,,,,0,,,1,1,1,0,0,0,0,0,0,0,0,0,0,0,0,0,0,0,0,0
P02180,K23,Not Allowed,2020,NHLBI,post_policy,1,0,0,0,0,0,0,0,0,0,0,0,0,0,0,0,0,0,0,0,0,0,0,0,0,0,0,0,0,0,0,0,0,0,0,post,0,0,0,0,,,,0,0,0,0,0,0,0,0,0,0,none,k0p0,,,,,0,,,1,1,0,,,,,,,,,,,,,,,,,
P02181,K23,Required,2019,NIDDK,post_policy,1,0,0,0,0,0,0,0,0,0,0,0,0,0,0,0,0,0,0,0,0,0,0,0,0,0,0,0,0,0,0,0,1,0,0,post,0,0,0,1,0,0,0,0,0,0,0,0,0,0,0,0,0,none,k0p0,,,,,0,,,1,1,0,,,,,,,,,,,,,,,,,
P02182,K08,Not Allowed,2020,NIAID,post_policy,1,0,0,0,0,0,0,0,0,0,0,0,0,0,0,0,0,0,0,0,0,0,0,0,0,1,1,1,1,1,1,1,0,0,0,post,0,0,0,0,,,,0,0,0,0,0,0,0,0,0,0,none,k0p0,,,,,0,,,1,1,0,,,,,,,,,,,,,,,,,
P02183,K23,Required,2021,NIAMS,post_policy,1,1,0,1,0,0,0,0,0,1,0,0,0,0,0,0,0,1,0,0,0,0,1,1,0,0,0,0,0,0,0,0,0,0,0,post,0,0,0,0,,,,1,0,0,1,0,1,0,0,0,0,ktrial_only,k1p0,,,,,0,,,1,1,1,1,1,0,0,0,1,0,0,1,0,1,0,0,0,0,1,1
P02184,K23,Not Allowed,2021,NHLBI,post_policy,1,1,0,0,0,0,0,0,0,0,0,0,0,0,0,0,0,0,0,0,0,0,0,0,0,0,0,0,0,0,0,0,0,0,0,post,0,0,0,0,,,,0,0,0,0,0,0,0,0,0,0,none,k0p0,,,,,0,,,1,1,1,0,0,0,0,0,0,0,0,0,0,0,0,0,0,0,0,0
P02185,K08,Not Allowed,2021,NCI,post_policy,1,0,1,1,1,1,1,0,0,0,0,1,0,0,1,1,0,0,1,0,0,0,0,0,0,0,0,0,0,0,0,0,0,0,1,post,0,0,0,0,,,,0,0,0,0,1,0,1,1,1,0,new_trial,k0p1,,,,,0,,,1,1,0,,,,,,,,,,,,,,,,,
P02186,K08,Not Allowed,2021,NCI,post_policy,1,1,0,0,0,0,0,0,0,0,0,0,0,0,0,0,0,0,0,0,0,0,0,0,0,0,0,0,0,0,0,0,0,0,0,post,0,0,0,0,,,,0,0,0,0,0,0,0,0,0,0,none,k0p0,,,,,0,,,1,1,0,,,,,,,,,,,,,,,,,
P02187,K23,Not Allowed,2020,NIA,post_policy,1,0,0,0,0,0,0,1,0,0,0,0,0,0,0,0,0,0,0,0,0,0,0,0,0,1,1,1,1,1,1,1,0,0,0,post,0,0,0,0,,,,0,0,0,0,0,0,0,0,0,0,none,k0p0,,,,,0,,,1,1,0,,,,,,,,,,,,,,,,,
P02188,K08,Not Allowed,2021,NIAID,post_policy,1,0,0,0,0,0,0,0,0,0,0,0,0,0,0,0,0,0,0,0,0,0,0,0,0,0,0,0,0,0,0,0,0,0,0,post,0,0,0,0,,,,0,0,0,0,0,0,0,0,0,0,none,k0p0,,,,,0,,,1,1,0,,,,,,,,,,,,,,,,,
P02189,K08,Not Allowed,2021,NIAAA,post_policy,1,0,0,0,0,0,0,0,0,0,0,0,0,0,0,0,0,0,0,0,0,0,0,0,0,0,1,0,0,1,0,0,0,0,0,post,0,0,0,0,,,,0,0,0,0,0,0,0,0,0,0,none,k0p0,,,,,0,,,1,1,0,,,,,,,,,,,,,,,,,
P02190,K23,Not Allowed,2021,NIDCR,post_policy,1,0,0,0,0,0,1,1,0,0,0,0,0,0,0,0,0,0,0,0,0,0,0,0,0,1,1,1,1,1,1,1,0,0,1,post,0,0,0,0,,,,0,0,0,0,0,0,0,0,0,0,none,k0p0,,,,,0,,,1,1,0,,,,,,,,,,,,,,,,,
P02191,K23,Required,2018,NIDDK,post_policy,1,1,0,1,0,0,0,0,0,1,0,0,0,0,0,0,0,1,0,0,0,0,1,1,0,0,1,0,0,1,0,0,1,0,0,post,0,0,0,1,1,1,1,1,0,0,1,0,1,0,0,1,0,ktrial_only,k1p0,,,,,0,,,1,1,1,1,0,1,0,0,1,0,0,0,1,1,0,0,0,0,0,0
P02192,K23,Required,2021,NIDA,post_policy,1,1,0,1,0,0,0,0,0,1,1,0,0,0,0,0,0,1,0,0,0,0,1,0,1,0,0,0,0,0,0,0,0,0,0,post,0,0,0,0,,,,0,0,1,1,0,1,0,0,0,0,ktrial_only,k1p0,,,,,0,,,1,1,1,1,0,1,0,0,1,0,0,0,0,1,0,0,0,0,0,0
P02193,K23,Not Allowed,2021,NHLBI,post_policy,1,0,1,1,1,1,0,1,0,0,0,0,0,0,1,1,0,0,1,0,0,0,0,0,0,1,1,1,1,1,1,1,0,0,0,post,0,0,0,0,,,,0,0,0,0,1,0,1,1,1,1,new_trial,k0p1,k0p1,k0p1,k0p1,k0p1,0,,,1,1,0,,,,,,,,,,,,,,,,,
P02194,K08,Not Allowed,2019,NIDDK,post_policy,1,0,0,0,0,0,0,0,0,0,0,0,0,0,0,0,0,0,0,0,0,0,0,0,0,0,1,0,0,1,0,0,1,0,0,post,0,0,0,1,0,0,0,0,0,0,0,0,0,0,0,0,0,none,k0p0,,,,,0,,,1,1,0,,,,,,,,,,,,,,,,,
P02195,K08,Not Allowed,2019,NIA,post_policy,1,0,0,0,0,0,0,0,0,0,0,0,0,0,0,0,0,0,0,0,0,0,0,0,0,0,0,0,0,0,0,0,1,0,0,post,0,0,0,1,0,0,0,0,0,0,0,0,0,0,0,0,0,none,k0p0,,,,,0,,,1,1,0,,,,,,,,,,,,,,,,,
P02196,K23,Not Allowed,2020,NIAID,post_policy,1,0,0,0,0,0,0,0,0,0,0,0,0,0,0,0,0,0,0,0,0,0,0,0,0,0,0,0,0,0,0,0,0,0,0,post,0,0,0,0,,,,0,0,0,0,0,0,0,0,0,0,none,k0p0,,,,,0,,,1,1,0,,,,,,,,,,,,,,,,,
P02197,K08,Required,2021,NCI,post_policy,1,1,1,1,0,1,1,1,0,0,0,1,1,1,1,0,0,0,1,1,1,0,0,0,0,1,1,1,1,1,1,1,0,0,1,post,0,0,0,0,,,,0,0,0,0,1,0,1,1,1,0,new_trial,k0p1,,,,,0,,,1,1,0,,,,,,,,,,,,,,,,,
P02198,K23,Not Allowed,2021,NIMH,post_policy,1,0,0,0,0,0,0,0,0,0,0,0,0,0,0,0,0,0,0,0,0,0,0,0,0,0,1,0,0,1,0,0,0,0,0,post,0,0,0,0,,,,0,0,0,0,0,0,0,0,0,0,none,k0p0,,,,,0,,,1,1,0,,,,,,,,,,,,,,,,,
P02199,K08,Not Allowed,2019,NHLBI,post_policy,1,0,0,0,0,0,0,0,0,0,0,0,0,0,0,0,0,0,0,0,0,0,0,0,0,0,0,0,0,0,0,0,1,0,0,post,0,0,0,1,0,0,0,0,0,0,0,0,0,0,0,0,0,none,k0p0,,,,,0,,,1,1,0,,,,,,,,,,,,,,,,,
P02200,K23,Required,2020,NIMH,post_policy,1,0,0,1,0,0,0,0,0,1,0,0,0,0,0,0,0,1,0,0,0,0,1,1,0,0,0,0,0,0,0,0,0,0,0,post,0,0,0,0,,,,1,0,0,1,0,0,0,0,0,1,ktrial_only,k1p0,k0p0,k0p0,k1p0,k0p0,0,,,1,1,0,,,,,,,,,,,,,,,,,
P02201,K08,Not Allowed,2019,NIAID,post_policy,1,0,0,0,0,0,0,1,0,0,0,0,0,0,0,0,0,0,0,0,0,0,0,0,0,1,1,1,1,1,1,1,1,0,0,post,0,0,0,1,1,1,1,0,0,0,0,0,0,0,0,1,0,none,k0p0,,,,,0,,,1,1,0,,,,,,,,,,,,,,,,,
P02202,K08,Required,2021,NIMH,post_policy,1,1,0,0,0,0,0,0,1,0,0,0,0,0,0,0,0,0,0,0,0,0,0,0,0,0,0,0,0,0,0,0,0,0,0,post,0,0,0,0,,,,0,0,0,0,0,0,0,0,0,0,none,k0p0,,,,,0,,,1,1,0,,,,,,,,,,,,,,,,,
P02203,K23,Not Allowed,2019,NINDS,post_policy,1,0,0,0,0,0,0,1,0,0,0,0,0,0,0,0,0,0,0,0,0,0,0,0,0,1,1,1,1,1,1,1,1,0,0,post,0,0,0,1,0,0,0,0,0,0,0,0,0,0,0,0,0,none,k0p0,,,,,0,,,1,1,0,,,,,,,,,,,,,,,,,
P02204,K23,Not Allowed,2021,NIAID,post_policy,1,0,1,1,1,0,1,0,0,0,0,1,0,0,1,1,1,0,1,0,0,0,0,0,0,0,0,0,0,0,0,0,0,0,1,post,0,0,0,0,,,,0,0,0,0,1,0,1,1,1,0,new_trial,k0p1,,,,,0,,,1,1,0,,,,,,,,,,,,,,,,,
P02205,K08,Not Allowed,2020,NIDDK,post_policy,1,0,0,0,0,0,0,0,0,0,0,0,0,0,0,0,0,0,0,0,0,0,0,0,0,0,0,0,0,0,0,0,0,0,0,post,0,0,0,0,,,,0,0,0,0,0,0,0,0,0,0,none,k0p0,,,,,0,,,1,1,0,,,,,,,,,,,,,,,,,
P02206,K08,Not Allowed,2019,NHLBI,post_policy,1,0,0,0,0,0,0,0,0,0,0,0,0,0,0,0,0,0,0,0,0,0,0,0,0,0,0,0,0,0,0,0,1,0,0,post,0,0,0,1,0,0,0,0,0,0,0,0,0,0,0,0,0,none,k0p0,,,,,0,,,1,1,0,,,,,,,,,,,,,,,,,
P02207,K23,Not Allowed,2020,NICHD,post_policy,1,0,0,0,0,0,0,1,0,0,0,0,0,0,0,0,0,0,0,0,0,0,0,0,0,1,1,1,1,1,1,1,0,0,0,post,0,0,0,0,,,,0,0,0,0,0,0,0,0,0,1,none,k0p0,k0p0,k0p0,k0p0,k0p0,0,,,1,1,0,,,,,,,,,,,,,,,,,
P02208,K08,Required,2019,NCI,post_policy,1,0,1,1,1,1,1,0,0,0,0,0,0,0,1,1,0,0,1,0,0,0,1,0,0,0,0,0,0,0,0,0,1,0,0,post,0,0,0,1,1,0,1,0,0,0,0,1,0,1,1,1,0,new_trial,k0p1,,,,,0,,,1,1,0,,,,,,,,,,,,,,,,,
P02209,K08,Not Allowed,2019,NIAID,post_policy,1,0,1,1,1,1,1,0,0,0,0,0,0,0,1,0,0,0,1,0,0,0,0,0,0,0,0,0,0,0,0,0,1,0,1,post,0,0,0,1,1,0,1,0,0,0,0,1,0,1,1,1,0,new_trial,k0p1,,,,,0,,,1,1,0,,,,,,,,,,,,,,,,,
P02210,K23,Not Allowed,2020,NHLBI,post_policy,1,0,0,0,0,0,0,0,0,0,0,0,0,0,0,0,0,0,0,0,0,0,0,0,0,0,1,0,0,1,0,0,0,0,0,post,0,0,0,0,,,,0,0,0,0,0,0,0,0,0,0,none,k0p0,,,,,0,,,1,1,0,,,,,,,,,,,,,,,,,
P02211,K08,Not Allowed,2019,NIAID,post_policy,1,0,0,0,0,0,0,0,0,0,0,0,0,0,0,0,0,0,0,0,0,0,0,0,0,0,1,0,0,1,0,0,1,0,0,post,0,0,0,1,0,0,0,0,0,0,0,0,0,0,0,0,0,none,k0p0,,,,,0,,,1,1,0,,,,,,,,,,,,,,,,,
P02212,K23,Required,2019,NHLBI,post_policy,1,1,0,0,0,0,1,0,0,0,0,0,0,0,0,0,0,0,0,0,0,0,1,0,0,0,0,0,0,0,0,0,1,0,1,post,0,0,0,1,0,0,0,0,0,0,0,0,0,0,0,0,0,none,k0p0,,,,,0,,,1,1,1,0,0,0,0,0,0,0,0,0,0,0,0,0,0,0,0,0
P02213,K23,Not Allowed,2020,NHLBI,post_policy,1,0,1,1,1,1,1,1,0,0,0,1,1,1,1,1,0,0,1,0,0,0,0,0,0,1,1,1,1,1,1,1,0,0,1,post,0,0,0,0,,,,0,0,0,0,1,0,1,1,1,0,new_trial,k0p1,,,,,0,,,1,1,0,,,,,,,,,,,,,,,,,
P02214,K23,Not Allowed,2020,NIMH,post_policy,1,0,0,0,0,0,1,0,0,0,0,0,0,0,0,0,0,0,0,0,0,0,0,0,0,0,0,0,0,0,0,0,0,0,1,post,0,0,0,0,,,,0,0,0,0,0,0,0,0,0,0,none,k0p0,,,,,0,,,1,1,0,,,,,,,,,,,,,,,,,
P02215,K23,Required,2019,NIDDK,post_policy,1,1,1,1,0,1,0,0,0,1,0,0,1,1,1,1,0,1,1,0,0,0,1,0,1,0,1,0,0,1,0,0,1,0,0,post,1,0,0,1,1,0,1,0,0,1,1,1,1,1,1,1,0,new_trial,k1p1,,,,,0,,,1,1,1,1,0,1,0,0,1,0,0,0,0,1,1,0,0,0,0,0
P02216,K23,Not Allowed,2020,NIAID,post_policy,1,0,0,0,0,0,0,0,0,0,0,0,0,0,0,0,0,0,0,0,0,0,0,0,0,0,0,0,0,0,0,0,0,0,0,post,0,0,0,0,,,,0,0,0,0,0,0,0,0,0,0,none,k0p0,,,,,0,,,1,1,0,,,,,,,,,,,,,,,,,
P02217,K23,Not Allowed,2021,NIDDK,post_policy,1,0,0,0,0,0,0,0,0,0,0,0,0,0,0,0,0,0,0,0,0,0,0,0,0,0,0,0,0,0,0,0,0,0,0,post,0,0,0,0,,,,0,0,0,0,0,0,0,0,0,0,none,k0p0,,,,,0,,,1,1,0,,,,,,,,,,,,,,,,,
P02218,K23,Not Allowed,2021,NINDS,post_policy,1,0,0,0,0,0,0,0,0,0,0,0,0,0,0,0,0,0,0,0,0,0,0,0,0,0,0,0,0,0,0,0,0,0,0,post,0,0,0,0,,,,0,0,0,0,0,0,0,0,0,0,none,k0p0,,,,,0,,,1,1,0,,,,,,,,,,,,,,,,,
P02219,K23,Not Allowed,2019,NIDDK,post_policy,1,0,0,0,0,0,0,0,0,0,0,0,0,0,0,0,0,0,0,0,0,0,0,0,0,0,0,0,0,0,0,0,1,0,0,post,0,0,0,1,0,0,0,0,0,0,0,0,0,0,0,0,0,none,k0p0,,,,,0,,,1,1,0,,,,,,,,,,,,,,,,,
P02220,K08,Not Allowed,2020,NIDA,post_policy,1,0,0,0,0,0,0,0,0,0,0,0,0,0,1,0,0,0,0,0,0,0,0,0,0,0,0,0,0,0,0,0,0,0,0,post,0,0,0,0,,,,0,0,0,0,0,0,0,0,0,0,none,k0p0,,,,,0,,,1,1,0,,,,,,,,,,,,,,,,,
P02221,K08,Not Allowed,2019,NINDS,post_policy,1,0,0,0,0,0,0,0,0,0,0,0,0,0,0,0,0,0,0,0,0,0,0,0,0,0,0,0,0,0,0,0,1,0,0,post,0,0,0,1,0,0,0,0,0,0,0,0,0,0,0,0,0,none,k0p0,,,,,0,,,1,1,0,,,,,,,,,,,,,,,,,
P02222,K23,Not Allowed,2021,NIMH,post_policy,1,0,1,1,0,1,0,0,0,0,0,0,0,0,1,1,0,0,1,0,0,0,0,0,0,0,1,0,0,1,0,0,0,0,0,post,0,0,0,0,,,,0,0,0,0,1,0,1,1,1,0,new_trial,k0p1,,,,,0,,,1,1,0,,,,,,,,,,,,,,,,,
P02223,K23,Required,2019,NIGMS,post_policy,1,1,1,1,0,1,0,0,0,0,0,0,1,0,1,0,0,0,0,0,0,0,0,0,0,1,1,1,1,1,1,1,1,1,0,post,0,0,0,1,1,0,1,0,0,0,0,1,0,0,1,1,0,new_trial,k0p1,,,,,0,,,1,1,0,,,,,,,,,,,,,,,,,
P02224,K08,Not Allowed,2018,NCI,post_policy,1,0,0,0,0,0,0,0,0,0,0,0,0,0,0,0,0,0,0,0,0,0,0,0,0,1,1,1,1,1,1,1,1,0,0,post,0,0,0,1,0,0,0,0,0,0,0,0,0,0,0,0,0,none,k0p0,,,,,0,,,1,1,0,,,,,,,,,,,,,,,,,
P02225,K08,Not Allowed,2019,NIAMS,post_policy,1,0,0,0,0,0,0,0,0,0,0,0,0,0,0,0,0,0,0,0,0,0,0,0,0,0,0,0,0,0,0,0,1,0,0,post,0,0,0,1,0,0,0,0,0,0,0,0,0,0,0,0,0,none,k0p0,,,,,0,,,1,1,0,,,,,,,,,,,,,,,,,
P02226,K08,Not Allowed,2020,NICHD,post_policy,1,0,1,1,0,1,0,0,0,0,0,0,1,0,1,0,0,0,1,0,0,0,0,0,0,0,0,0,0,0,0,0,0,0,0,post,0,0,0,0,,,,0,0,0,0,1,0,0,1,1,0,new_trial,k0p1,,,,,0,,,1,1,0,,,,,,,,,,,,,,,,,
P02227,K23,Required,2020,NIMH,post_policy,1,1,0,1,0,0,0,0,0,1,0,0,0,0,0,0,0,1,0,0,0,0,1,1,0,0,0,0,0,0,0,0,0,0,0,post,0,0,0,0,,,,1,0,0,1,0,1,0,0,0,0,ktrial_only,k1p0,,,,,1,1,1,1,1,1,1,1,0,0,0,1,0,0,1,0,1,1,0,0,0,0,0
P02228,K23,Required,2020,NINDS,post_policy,1,1,0,1,0,0,0,0,0,1,1,0,0,0,0,0,0,1,0,0,0,0,1,1,0,0,0,0,0,0,0,0,0,0,0,post,1,1,0,0,,,,1,0,0,1,0,0,0,0,0,0,ktrial_only,k1p0,,,,,0,,,1,1,1,1,0,1,0,0,1,0,0,0,1,1,1,1,0,1,0,0
P02229,K23,Not Allowed,2021,NIMH,post_policy,1,0,1,1,0,1,0,0,0,0,0,0,0,0,1,1,0,0,1,0,0,0,0,0,0,0,0,0,0,0,0,0,0,0,0,post,0,0,0,0,,,,0,0,0,0,1,0,1,1,1,0,new_trial,k0p1,,,,,0,,,1,1,0,,,,,,,,,,,,,,,,,
P02230,K08,Not Allowed,2020,NCI,post_policy,1,0,0,0,0,0,0,0,0,0,0,0,0,0,0,0,0,0,0,0,0,0,0,0,0,0,0,0,0,0,0,0,0,0,0,post,0,0,0,0,,,,0,0,0,0,0,0,0,0,0,0,none,k0p0,,,,,0,,,1,1,0,,,,,,,,,,,,,,,,,
P02231,K08,Not Allowed,2019,NHLBI,post_policy,1,0,0,0,0,0,0,1,0,0,0,0,0,0,0,0,0,0,0,0,0,0,0,0,0,1,1,1,1,1,1,1,1,0,0,post,0,0,0,1,0,0,0,0,0,0,0,0,0,0,0,0,0,none,k0p0,,,,,0,,,1,1,0,,,,,,,,,,,,,,,,,
P02232,K23,Required,2020,NHLBI,post_policy,1,0,0,1,0,0,0,0,0,1,0,0,0,0,0,0,0,1,0,0,0,0,1,0,1,0,1,0,0,1,0,0,0,0,0,post,0,0,0,0,,,,0,0,1,1,0,1,0,0,0,1,ktrial_only,k1p0,k1p0,k1p0,k1p0,k1p0,0,,,1,1,0,,,,,,,,,,,,,,,,,
P02233,K23,Not Allowed,2021,NICHD,post_policy,1,0,0,0,0,0,0,0,0,0,0,0,0,0,0,0,0,0,0,0,0,0,0,0,0,0,0,0,0,0,0,0,0,0,0,post,0,0,0,0,,,,0,0,0,0,0,0,0,0,0,0,none,k0p0,,,,,0,,,1,1,0,,,,,,,,,,,,,,,,,
P02234,K08,Not Allowed,2019,NHLBI,post_policy,1,0,0,0,0,0,1,1,0,0,0,0,0,0,0,0,0,0,0,0,0,0,0,0,0,1,1,1,1,1,1,1,1,0,1,post,0,0,0,1,0,0,0,0,0,0,0,0,0,0,0,0,0,none,k0p0,,,,,0,,,1,1,0,,,,,,,,,,,,,,,,,
P02235,K23,Not Allowed,2019,NIAID,post_policy,1,1,0,0,0,0,0,0,0,0,0,0,0,0,0,0,0,0,0,0,0,0,0,0,0,0,0,0,0,0,0,0,1,0,0,post,0,0,0,1,0,0,0,0,0,0,0,0,0,0,0,0,0,none,k0p0,,,,,1,1,,1,1,1,0,0,0,0,0,0,0,0,0,0,0,0,0,0,0,0,0
P02236,K23,Required,2020,NIDDK,post_policy,1,1,1,1,1,1,1,1,0,0,0,0,0,0,1,1,0,0,1,0,1,1,0,0,0,1,1,1,1,1,1,1,0,0,1,post,0,0,0,0,,,,0,0,0,0,1,0,1,1,1,0,new_trial,k0p1,,,,,0,,,1,1,1,0,0,0,0,0,0,0,0,0,0,0,0,0,0,0,0,0
P02237,K08,Not Allowed,2020,NHLBI,post_policy,1,0,0,0,0,0,0,0,0,0,0,0,0,0,0,0,0,0,0,0,0,0,0,0,0,0,0,0,0,0,0,0,0,0,0,post,0,0,0,0,,,,0,0,0,0,0,0,0,0,0,0,none,k0p0,,,,,0,,,1,1,0,,,,,,,,,,,,,,,,,
P02238,K08,Not Allowed,2020,NCI,post_policy,1,0,0,0,0,0,0,0,0,0,0,0,0,0,0,0,0,0,0,0,0,0,0,0,0,1,1,1,1,1,1,1,0,0,0,post,0,0,0,0,,,,0,0,0,0,0,0,0,0,0,0,none,k0p0,,,,,0,,,1,1,0,,,,,,,,,,,,,,,,,
P02239,K23,Required,2021,NIAAA,post_policy,1,1,0,1,0,0,0,0,0,1,1,0,0,0,0,0,0,1,0,0,0,0,1,1,0,0,0,0,0,0,0,0,0,0,0,post,0,0,0,0,,,,1,0,0,1,0,1,0,0,0,0,ktrial_only,k1p0,,,,,0,,,1,1,1,1,1,0,0,0,1,0,0,1,0,1,0,0,0,0,0,0
P02240,K08,Not Allowed,2021,NIDCD,post_policy,1,0,0,0,0,0,0,0,0,0,0,0,0,0,0,0,0,0,0,0,0,0,0,0,0,0,0,0,0,0,0,0,0,0,0,post,0,0,0,0,,,,0,0,0,0,0,0,0,0,0,0,none,k0p0,,,,,0,,,1,1,0,,,,,,,,,,,,,,,,,
P02241,K23,Not Allowed,2020,NIA,post_policy,1,0,0,0,0,0,0,0,0,0,0,0,0,0,0,0,0,0,0,0,0,0,0,0,0,0,0,0,0,0,0,0,0,0,0,post,0,0,0,0,,,,0,0,0,0,0,0,0,0,0,0,none,k0p0,,,,,0,,,1,1,0,,,,,,,,,,,,,,,,,
P02242,K08,Required,2021,NCI,post_policy,1,1,1,1,0,1,1,0,0,1,1,0,1,0,1,0,0,1,1,0,0,0,1,0,1,0,0,0,0,0,0,0,0,0,1,post,0,0,0,0,,,,0,0,1,1,1,1,0,1,1,0,new_trial,k1p1,,,,,0,,,1,1,0,,,,,,,,,,,,,,,,,
P02243,K08,Not Allowed,2020,NHLBI,post_policy,1,0,0,0,0,0,0,0,0,0,0,0,0,0,0,0,0,0,0,0,0,0,0,0,0,0,0,0,0,0,0,0,0,0,0,post,0,0,0,0,,,,0,0,0,0,0,0,0,0,0,0,none,k0p0,,,,,0,,,1,1,0,,,,,,,,,,,,,,,,,
P02244,K23,Required,2021,NIDDK,post_policy,1,1,0,1,0,0,0,0,0,1,0,0,0,0,0,0,0,1,0,0,0,0,1,0,1,0,0,0,0,0,0,0,0,0,0,post,0,0,0,0,,,,0,0,1,1,0,1,0,0,0,0,ktrial_only,k1p0,,,,,0,,,1,1,1,1,0,1,0,0,1,0,0,0,0,1,0,0,0,0,0,0
P02245,K23,Not Allowed,2021,NIAID,post_policy,1,0,0,0,0,0,0,1,0,0,0,0,0,0,0,0,0,0,0,0,0,0,0,0,0,1,1,1,1,1,1,1,0,0,0,post,0,0,0,0,,,,0,0,0,0,0,0,0,0,0,0,none,k0p0,,,,,0,,,1,1,0,,,,,,,,,,,,,,,,,
P02246,K08,Not Allowed,2020,NIGMS,post_policy,1,0,0,0,0,0,0,0,0,0,0,0,0,0,0,0,0,0,0,0,0,0,0,0,0,1,1,1,1,1,1,1,0,0,0,post,0,0,0,0,,,,0,0,0,0,0,0,0,0,0,0,none,k0p0,,,,,0,,,1,1,0,,,,,,,,,,,,,,,,,
P02247,K23,Required,2021,NHLBI,post_policy,1,1,1,1,0,1,0,0,0,1,1,0,1,0,1,0,0,1,1,0,0,0,1,1,0,0,0,0,0,0,0,0,0,0,0,post,1,0,0,0,,,,1,0,0,1,1,1,1,1,1,1,new_trial,k1p1,k1p1,k1p1,k1p1,k1p1,0,,,1,1,1,1,1,0,0,0,1,0,0,1,0,1,1,1,0,0,0,0
P02248,K23,Not Allowed,2019,NIAID,post_policy,1,0,0,0,0,0,0,0,0,0,0,0,0,0,0,0,0,0,0,0,0,0,0,0,0,0,0,0,0,0,0,0,1,0,0,post,0,0,0,1,0,0,0,0,0,0,0,0,0,0,0,0,1,none,k0p0,k0p0,k0p0,k0p0,k0p0,0,,,1,1,0,,,,,,,,,,,,,,,,,
P02249,K08,Not Allowed,2021,NIA,post_policy,1,0,0,0,0,0,0,0,0,0,0,0,0,0,0,0,0,0,0,0,0,0,0,0,0,0,0,0,0,0,0,0,0,0,0,post,0,0,0,0,,,,0,0,0,0,0,0,0,0,0,0,none,k0p0,,,,,0,,,1,1,0,,,,,,,,,,,,,,,,,
P02250,K23,Required,2018,NIDDK,post_policy,1,1,0,0,0,0,0,0,0,0,0,0,0,0,0,0,0,0,0,0,0,0,0,0,0,0,0,0,0,0,0,0,1,0,0,post,0,0,0,1,0,0,0,0,0,0,0,0,0,0,0,0,0,none,k0p0,,,,,0,,,1,1,1,0,0,0,0,0,0,0,0,0,0,0,0,0,0,0,0,0
P02251,K23,Required,2019,NIDDK,post_policy,1,1,1,1,0,0,1,1,0,1,0,0,0,0,1,1,0,1,1,0,1,1,1,1,0,1,1,1,1,1,1,1,1,0,1,post,1,1,1,1,1,0,1,1,0,0,1,1,0,1,1,1,0,new_trial,k1p1,,,,,0,,,1,1,1,1,1,0,0,0,1,0,0,1,0,1,1,1,0,1,0,0
P02252,K08,Not Allowed,2021,NIDCR,post_policy,1,0,0,0,0,0,0,0,0,0,0,0,0,0,0,0,0,0,0,0,0,0,0,0,0,0,0,0,0,0,0,0,0,0,0,post,0,0,0,0,,,,0,0,0,0,0,0,0,0,0,0,none,k0p0,,,,,0,,,1,1,0,,,,,,,,,,,,,,,,,
P02253,K08,Not Allowed,2020,NHLBI,post_policy,1,0,0,0,0,0,0,0,0,0,0,0,0,0,0,0,0,0,0,0,0,0,0,0,0,0,0,0,0,0,0,0,0,0,0,post,0,0,0,0,,,,0,0,0,0,0,0,0,0,0,0,none,k0p0,,,,,0,,,1,1,0,,,,,,,,,,,,,,,,,
P02254,K23,Not Allowed,2019,NIA,post_policy,1,0,0,0,0,0,0,1,0,0,0,0,0,0,0,0,0,0,0,0,0,0,0,0,0,1,1,1,1,1,1,1,1,0,0,post,0,0,0,1,0,0,0,0,0,0,0,0,0,0,0,0,0,none,k0p0,,,,,0,,,1,1,0,,,,,,,,,,,,,,,,,
P02255,K08,Not Allowed,2020,NEI,post_policy,1,0,0,0,0,0,0,0,0,0,0,0,0,0,0,0,0,0,0,0,0,0,0,0,0,0,0,0,0,0,0,0,0,0,0,post,0,0,0,0,,,,0,0,0,0,0,0,0,0,0,0,none,k0p0,,,,,0,,,1,1,0,,,,,,,,,,,,,,,,,
P02256,K23,Not Allowed,2020,NHLBI,post_policy,1,0,0,0,0,0,0,0,0,0,0,0,0,0,0,0,0,0,0,0,0,0,0,0,0,0,0,0,0,0,0,0,0,0,0,post,0,0,0,0,,,,0,0,0,0,0,0,0,0,0,0,none,k0p0,,,,,0,,,1,1,0,,,,,,,,,,,,,,,,,
P02257,K23,Required,2020,NIDDK,post_policy,1,1,1,1,0,1,0,0,0,1,0,0,0,0,1,0,0,1,1,0,0,0,1,1,0,0,0,0,0,0,0,0,0,0,0,post,1,1,1,0,,,,1,0,0,1,1,0,0,1,1,1,new_trial,k1p1,k1p1,k1p1,k1p1,k1p1,0,,,1,1,1,1,1,0,0,0,1,0,0,1,0,1,1,1,0,1,0,0
P02258,K23,Not Allowed,2019,NIDCR,post_policy,1,0,1,1,0,1,0,0,0,0,0,0,0,0,1,1,0,0,1,0,0,0,0,0,0,0,0,0,0,0,0,0,1,0,0,post,0,0,0,1,1,0,1,0,0,0,0,1,0,1,1,1,1,new_trial,k0p1,k0p1,k0p1,k0p1,k0p1,0,,,1,1,0,,,,,,,,,,,,,,,,,
P02259,K23,Not Allowed,2019,NICHD,post_policy,1,0,0,0,0,0,0,0,0,0,0,0,0,0,0,0,0,0,0,0,0,0,0,0,0,0,0,0,1,1,1,1,1,0,0,post,0,0,0,1,0,0,0,0,0,0,0,0,0,0,0,0,0,none,k0p0,,,,,1,0,0,1,1,0,,,,,,,,,,,,,,,,,
P02260,K23,Required,2019,NIDCD,post_policy,1,1,1,1,1,0,0,0,0,1,1,0,0,0,1,1,0,1,0,0,0,0,1,1,0,0,1,0,0,1,0,0,1,0,0,post,1,1,1,1,1,0,1,1,0,0,1,1,1,1,0,1,0,new_trial,k1p1,,,,,0,,,1,1,1,1,1,0,0,0,1,0,0,1,0,1,1,0,0,1,0,0
P02261,K08,Not Allowed,2019,NIAMS,post_policy,1,0,0,0,0,0,0,0,0,0,0,0,0,0,0,0,0,0,0,0,0,0,0,0,0,0,0,0,0,0,0,0,1,0,0,post,0,0,0,1,0,0,0,0,0,0,0,0,0,0,0,0,0,none,k0p0,,,,,0,,,1,1,0,,,,,,,,,,,,,,,,,
P02262,K08,Not Allowed,2018,NIAID,post_policy,1,0,0,0,0,0,0,1,0,0,0,0,0,0,0,0,0,0,0,0,0,0,0,0,0,1,1,1,1,1,1,1,1,0,0,post,0,0,0,1,0,0,0,0,0,0,0,0,0,0,0,0,0,none,k0p0,,,,,0,,,1,1,0,,,,,,,,,,,,,,,,,
P02263,K08,Not Allowed,2018,NINDS,post_policy,1,0,0,0,0,0,0,0,0,0,0,0,0,0,0,0,0,0,0,0,0,0,0,0,0,0,0,0,0,0,0,0,1,0,0,post,0,0,0,1,0,0,0,0,0,0,0,0,0,0,0,0,0,none,k0p0,,,,,0,,,1,1,0,,,,,,,,,,,,,,,,,
P02264,K23,Required,2019,NIMH,post_policy,1,1,1,1,0,0,0,0,0,1,0,0,1,0,1,1,0,1,1,0,0,0,1,1,0,0,0,0,0,0,0,0,1,0,0,post,1,1,0,1,1,0,1,1,0,0,1,1,0,1,1,1,0,new_trial,k1p1,,,,,0,,,1,1,1,1,1,0,0,0,1,0,0,1,0,1,1,1,0,1,0,0
P02265,K08,Not Allowed,2019,NCI,post_policy,1,0,0,0,0,0,0,1,0,0,0,0,0,0,0,0,0,0,0,0,0,0,0,0,0,1,1,1,1,1,1,1,1,0,0,post,0,0,0,1,0,0,0,0,0,0,0,0,0,0,0,0,0,none,k0p0,,,,,0,,,1,1,0,,,,,,,,,,,,,,,,,
P02266,K08,Not Allowed,2021,NIMH,post_policy,1,0,0,0,0,0,0,0,0,0,0,0,0,0,0,0,0,0,0,0,0,0,0,0,0,0,0,0,0,0,0,0,0,0,0,post,0,0,0,0,,,,0,0,0,0,0,0,0,0,0,0,none,k0p0,,,,,0,,,1,1,0,,,,,,,,,,,,,,,,,
P02267,K23,Not Allowed,2020,NIDDK,post_policy,1,0,1,1,1,1,1,0,0,0,0,0,1,1,1,1,0,0,1,0,1,1,0,0,0,0,1,0,0,1,0,0,0,0,1,post,0,0,0,0,,,,0,0,0,0,1,0,1,1,1,0,new_trial,k0p1,,,,,0,,,1,1,0,,,,,,,,,,,,,,,,,
P02268,K23,Required,2020,NIAAA,post_policy,1,1,0,1,0,0,0,0,0,1,0,0,0,0,0,0,0,0,0,0,0,0,1,1,0,0,0,0,0,0,0,0,0,0,0,post,0,0,0,0,,,,1,0,0,1,0,0,0,0,0,0,ktrial_only,k1p0,,,,,0,,,1,1,1,1,1,0,0,0,1,0,0,1,0,1,0,0,0,0,0,0
P02269,K08,Not Allowed,2020,NIDDK,post_policy,1,0,0,0,0,0,0,0,0,0,0,0,0,0,0,0,0,0,0,0,0,0,0,0,0,0,0,0,0,0,0,0,0,0,0,post,0,0,0,0,,,,0,0,0,0,0,0,0,0,0,0,none,k0p0,,,,,0,,,1,1,0,,,,,,,,,,,,,,,,,
P02270,K23,Not Allowed,2021,NINDS,post_policy,1,0,0,0,0,0,0,0,0,0,0,0,0,0,0,0,0,0,0,0,0,0,0,0,0,0,0,0,0,0,0,0,0,0,0,post,0,0,0,0,,,,0,0,0,0,0,0,0,0,0,0,none,k0p0,,,,,0,,,1,1,0,,,,,,,,,,,,,,,,,
P02271,K23,Required,2020,NIDA,post_policy,1,1,0,1,0,0,0,0,0,1,0,0,0,0,0,0,0,1,0,0,0,0,1,1,0,0,0,0,0,0,0,0,0,0,0,post,0,0,0,0,,,,1,0,0,1,0,1,0,0,0,0,ktrial_only,k1p0,,,,,0,,,1,1,1,1,0,1,0,0,1,0,0,0,1,0,0,0,1,0,0,0
P02272,K23,Required,2021,NIAAA,post_policy,1,1,0,1,0,0,0,0,0,1,0,0,0,0,0,0,0,1,0,0,0,0,1,1,0,0,0,0,0,0,0,0,0,0,0,post,0,0,0,0,,,,1,0,0,1,0,1,0,0,0,0,ktrial_only,k1p0,,,,,0,,,1,1,1,1,1,0,0,0,1,0,0,1,0,1,0,0,0,0,0,0
P02273,K08,Not Allowed,2020,NCI,post_policy,1,0,0,1,0,0,0,0,0,1,1,0,0,0,0,0,0,1,0,0,0,0,1,0,1,0,1,0,0,1,0,0,0,0,0,post,0,0,0,0,,,,0,0,1,1,0,0,0,0,0,0,ktrial_only,k1p0,,,,,0,,,1,1,0,,,,,,,,,,,,,,,,,
P02274,K23,Not Allowed,2019,NIDDK,post_policy,1,0,0,0,0,0,0,0,0,0,0,0,0,0,0,0,0,0,0,0,0,0,0,0,0,0,0,0,0,0,0,0,1,0,0,post,0,0,0,1,0,0,0,0,0,0,0,0,0,0,0,0,0,none,k0p0,,,,,0,,,1,1,0,,,,,,,,,,,,,,,,,
P02275,K23,Not Allowed,2019,NIDDK,post_policy,1,0,0,0,0,0,1,0,0,0,0,0,0,0,0,0,0,0,0,0,0,0,1,0,0,0,0,0,0,0,0,0,1,0,1,post,0,0,0,1,0,0,0,0,0,0,0,0,0,0,0,0,0,none,k0p0,,,,,1,0,0,1,1,0,,,,,,,,,,,,,,,,,
P02276,K08,Not Allowed,2021,NHLBI,post_policy,1,0,0,0,0,0,0,1,0,0,0,0,0,0,0,0,0,0,0,0,0,0,0,0,0,1,1,1,1,1,1,1,0,0,0,post,0,0,0,0,,,,0,0,0,0,0,0,0,0,0,0,none,k0p0,,,,,0,,,1,1,0,,,,,,,,,,,,,,,,,
P02277,K23,Required,2021,NHLBI,post_policy,1,0,0,0,0,0,0,1,0,0,0,0,0,0,0,0,0,0,0,0,0,0,0,0,0,1,1,1,1,1,1,1,0,0,0,post,0,0,0,0,,,,0,0,0,0,0,0,0,0,0,1,none,k0p0,k0p0,k0p0,k0p0,k0p0,0,,,1,1,0,,,,,,,,,,,,,,,,,
P02278,K08,Not Allowed,2018,NCI,post_policy,1,0,0,0,0,0,0,0,0,0,0,0,0,0,0,0,0,0,0,0,0,0,0,0,0,0,0,0,0,0,0,0,1,0,0,post,0,0,0,1,0,0,0,0,0,0,0,0,0,0,0,0,0,none,k0p0,,,,,0,,,1,1,0,,,,,,,,,,,,,,,,,
P02279,K08,Not Allowed,2019,NHLBI,post_policy,1,0,0,0,0,0,0,0,0,0,0,0,0,0,0,0,0,0,0,0,0,0,0,0,0,0,0,0,0,0,0,0,1,0,0,post,0,0,0,1,0,0,0,0,0,0,0,0,0,0,0,0,0,none,k0p0,,,,,0,,,1,1,0,,,,,,,,,,,,,,,,,
P02280,K08,Not Allowed,2019,NCI,post_policy,1,0,0,0,0,0,0,0,0,0,0,0,0,0,0,0,0,0,0,0,0,0,0,0,0,0,0,0,0,0,0,0,1,0,0,post,0,0,0,1,0,0,0,0,0,0,0,0,0,0,0,0,0,none,k0p0,,,,,0,,,1,1,0,,,,,,,,,,,,,,,,,
P02281,K08,Not Allowed,2021,NHLBI,post_policy,1,0,0,0,0,0,0,1,0,0,0,0,0,0,0,0,0,0,0,0,0,0,0,0,0,1,1,1,1,1,1,1,0,0,0,post,0,0,0,0,,,,0,0,0,0,0,0,0,0,0,0,none,k0p0,,,,,0,,,1,1,0,,,,,,,,,,,,,,,,,
P02282,K08,Not Allowed,2021,NINDS,post_policy,1,0,0,0,0,0,0,0,0,0,0,0,0,0,0,0,0,0,0,0,0,0,0,0,0,0,0,0,0,1,0,0,0,0,0,post,0,0,0,0,,,,0,0,0,0,0,0,0,0,0,0,none,k0p0,,,,,0,,,1,1,0,,,,,,,,,,,,,,,,,
P02283,K08,Not Allowed,2021,NIMHD,post_policy,1,0,0,0,0,0,0,0,0,0,0,0,0,0,0,0,0,0,0,0,0,0,0,0,0,0,0,0,0,0,0,0,0,0,0,post,0,0,0,0,,,,0,0,0,0,0,0,0,0,0,0,none,k0p0,,,,,0,,,1,1,0,,,,,,,,,,,,,,,,,
P02284,K23,Not Allowed,2021,NIMH,post_policy,1,0,1,1,0,0,1,0,0,0,0,0,0,0,1,1,0,0,1,0,0,0,0,0,0,0,0,0,0,0,0,0,0,0,1,post,0,0,0,0,,,,0,0,0,0,1,0,1,1,1,0,new_trial,k0p1,,,,,0,,,1,1,0,,,,,,,,,,,,,,,,,
P02285,K23,Required,2020,NIMH,post_policy,1,1,0,1,0,0,0,0,0,1,0,0,0,0,0,0,0,1,0,0,0,0,1,1,0,0,0,0,0,0,0,0,0,0,0,post,1,1,1,0,,,,1,0,0,1,0,0,0,0,0,0,ktrial_only,k1p0,,,,,0,,,1,1,1,1,0,1,0,0,1,0,0,0,1,1,1,1,0,1,0,0
P02286,K08,Not Allowed,2021,NCI,post_policy,1,0,0,0,0,0,0,0,0,0,0,0,0,0,0,0,0,0,0,0,0,0,0,0,0,0,0,0,0,0,0,0,0,0,0,post,0,0,0,0,,,,0,0,0,0,0,0,0,0,0,0,none,k0p0,,,,,0,,,1,1,0,,,,,,,,,,,,,,,,,
P02287,K23,Not Allowed,2021,NIA,post_policy,1,0,0,0,0,0,0,1,0,0,0,0,0,0,0,0,0,0,0,0,0,0,0,0,0,1,1,1,1,1,1,1,0,0,0,post,0,0,0,0,,,,0,0,0,0,0,0,0,0,0,0,none,k0p0,,,,,0,,,1,1,0,,,,,,,,,,,,,,,,,
P02288,K08,Required,2020,NCI,post_policy,1,1,0,0,0,0,1,0,0,0,0,0,0,0,0,0,0,0,0,0,0,0,1,0,0,0,0,0,0,0,0,0,0,0,1,post,0,0,0,0,,,,0,0,0,0,0,0,0,0,0,0,none,k0p0,,,,,0,,,1,1,0,,,,,,,,,,,,,,,,,
P02289,K08,Not Allowed,2021,NINDS,post_policy,1,0,0,0,0,0,0,0,0,0,0,0,0,0,0,0,0,0,0,0,0,0,0,0,0,0,0,0,0,0,0,0,0,0,0,post,0,0,0,0,,,,0,0,0,0,0,0,0,0,0,0,none,k0p0,,,,,0,,,1,1,0,,,,,,,,,,,,,,,,,
P02290,K08,Not Allowed,2019,NCI,post_policy,1,0,0,0,0,0,0,0,0,0,0,0,0,0,0,0,0,0,0,0,0,0,0,0,0,0,0,0,0,0,0,0,1,0,0,post,0,0,0,1,0,0,0,0,0,0,0,0,0,0,0,0,0,none,k0p0,,,,,0,,,1,1,0,,,,,,,,,,,,,,,,,
P02291,K23,Required,2020,NIMHD,post_policy,1,1,0,1,0,0,0,0,0,1,0,0,0,0,0,0,0,1,0,0,0,0,1,1,0,0,0,0,0,0,0,0,0,0,0,post,1,1,0,0,,,,1,0,0,1,0,1,0,0,0,0,ktrial_only,k1p0,,,,,0,,,1,1,1,1,1,0,0,0,1,0,0,1,0,1,1,1,0,1,0,0
P02292,K08,Not Allowed,2019,NHLBI,post_policy,1,0,0,0,0,0,0,0,0,0,0,0,0,0,0,0,0,0,0,0,0,0,0,0,0,0,1,0,0,1,0,0,1,0,0,post,0,0,0,1,0,0,0,0,0,0,0,0,0,0,0,0,0,none,k0p0,,,,,0,,,1,1,0,,,,,,,,,,,,,,,,,
P02293,K08,Not Allowed,2021,NIDCR,post_policy,1,0,0,0,0,0,0,1,0,0,0,0,0,0,0,0,0,0,0,0,0,0,0,0,0,1,1,1,1,1,1,1,0,0,0,post,0,0,0,0,,,,0,0,0,0,0,0,0,0,0,0,none,k0p0,,,,,0,,,1,1,0,,,,,,,,,,,,,,,,,
P02294,K23,Required,2020,NIMH,post_policy,1,1,0,1,0,0,0,0,0,1,0,0,0,0,0,0,0,1,0,0,0,0,1,1,0,0,0,0,0,0,0,0,0,0,0,post,1,1,1,0,,,,1,0,0,1,0,1,0,0,0,0,ktrial_only,k1p0,,,,,0,,,1,1,1,1,1,0,0,0,1,0,0,1,0,1,1,1,0,1,0,0
P02295,K23,Not Allowed,2020,NICHD,post_policy,1,0,0,0,0,0,1,0,0,0,0,0,0,0,0,0,0,0,0,0,0,0,0,0,0,0,0,0,0,0,0,0,0,0,1,post,0,0,0,0,,,,0,0,0,0,0,0,0,0,0,0,none,k0p0,,,,,0,,,1,1,0,,,,,,,,,,,,,,,,,
P02296,K08,Not Allowed,2019,NINDS,post_policy,1,0,0,0,0,0,0,1,0,0,0,0,0,0,0,0,0,0,0,0,0,0,0,0,0,1,1,1,1,1,1,1,1,0,0,post,0,0,0,1,0,0,0,0,0,0,0,0,0,0,0,0,0,none,k0p0,,,,,0,,,1,1,0,,,,,,,,,,,,,,,,,
P02297,K08,Not Allowed,2021,NEI,post_policy,1,0,0,0,0,0,0,1,0,0,0,0,0,0,0,0,0,0,0,0,0,0,0,0,0,1,1,1,1,1,1,1,0,0,0,post,0,0,0,0,,,,0,0,0,0,0,0,0,0,0,0,none,k0p0,,,,,0,,,1,1,0,,,,,,,,,,,,,,,,,
P02298,K23,Required,2021,NHLBI,post_policy,1,1,0,1,0,0,0,0,0,1,1,0,0,0,0,0,0,1,0,0,0,0,1,0,1,0,0,0,0,0,0,0,0,0,0,post,0,0,0,0,,,,0,0,1,1,0,1,0,0,0,1,ktrial_only,k1p0,,,,,0,,,1,1,1,1,0,1,0,0,1,0,0,0,0,1,1,0,0,0,0,0
P02299,K08,Not Allowed,2021,NIDCR,post_policy,1,0,0,0,0,0,0,0,0,0,0,0,0,0,0,0,0,0,0,0,0,0,0,0,0,0,0,0,0,0,0,0,0,0,0,post,0,0,0,0,,,,0,0,0,0,0,0,0,0,0,0,none,k0p0,,,,,0,,,1,1,0,,,,,,,,,,,,,,,,,
P02300,K08,Not Allowed,2019,NHLBI,post_policy,1,0,0,0,0,0,0,0,0,0,0,0,0,0,0,0,0,0,0,0,0,0,0,0,0,0,0,0,0,0,0,0,0,0,0,post,0,0,0,0,,,,0,0,0,0,0,0,0,0,0,0,none,k0p0,,,,,0,,,1,1,0,,,,,,,,,,,,,,,,,
P02301,K08,Not Allowed,2019,NIGMS,post_policy,1,0,1,1,1,1,0,0,0,0,0,0,0,0,1,0,0,0,1,0,1,0,0,0,0,0,0,0,0,0,0,0,1,0,0,post,0,0,0,1,1,0,1,0,0,0,0,1,0,1,1,1,0,new_trial,k0p1,,,,,0,,,1,1,0,,,,,,,,,,,,,,,,,
P02302,K23,Not Allowed,2021,NIAID,post_policy,1,0,0,0,0,0,0,0,0,0,0,0,0,0,0,0,0,0,0,0,0,0,0,0,0,0,0,0,0,0,0,0,0,0,0,post,0,0,0,0,,,,0,0,0,0,0,0,0,0,0,0,none,k0p0,,,,,0,,,1,1,0,,,,,,,,,,,,,,,,,
P02303,K23,Not Allowed,2020,NIDDK,post_policy,1,0,0,0,0,0,1,0,0,0,0,0,0,0,0,0,0,0,0,0,0,0,0,0,0,0,1,0,0,1,0,0,0,0,1,post,0,0,0,0,,,,0,0,0,0,0,0,0,0,0,0,none,k0p0,,,,,0,,,1,1,0,,,,,,,,,,,,,,,,,
P02304,K23,Required,2021,NHLBI,post_policy,1,1,0,1,0,0,0,0,0,1,1,0,0,0,0,0,0,1,0,0,0,0,1,1,0,0,0,0,0,0,0,0,0,0,0,post,0,0,0,0,,,,1,0,0,1,0,1,0,0,0,0,ktrial_only,k1p0,,,,,0,,,1,1,1,1,1,0,0,0,1,0,0,1,0,1,0,0,0,0,0,0
P02305,K23,Not Allowed,2021,NIAID,post_policy,1,0,0,0,0,0,0,0,0,0,0,0,0,0,0,0,0,0,0,0,0,0,0,0,0,0,0,0,0,0,0,0,0,0,0,post,0,0,0,0,,,,0,0,0,0,0,0,0,0,0,0,none,k0p0,,,,,0,,,1,1,0,,,,,,,,,,,,,,,,,
P02306,K23,Required,2021,NIDDK,post_policy,1,1,0,1,0,0,1,0,0,1,0,0,0,0,0,0,0,1,0,0,0,0,1,1,0,0,0,0,0,0,0,0,0,0,1,post,0,0,0,0,,,,1,0,0,1,0,1,0,0,0,1,ktrial_only,k1p0,k1p0,k1p0,k1p0,k1p0,0,,,1,1,1,1,1,0,0,0,1,0,0,1,0,1,1,1,0,0,0,0
P02307,K08,Not Allowed,2020,NICHD,post_policy,1,0,0,0,0,0,0,0,0,0,0,0,0,0,0,0,0,0,0,0,0,0,0,0,0,0,1,0,0,1,0,0,0,0,0,post,0,0,0,0,,,,0,0,0,0,0,0,0,0,0,0,none,k0p0,,,,,0,,,1,1,0,,,,,,,,,,,,,,,,,
P02308,K23,Required,2019,NINDS,post_policy,1,1,1,1,0,1,1,0,0,0,0,0,1,1,1,1,0,0,1,1,1,1,1,0,0,0,0,0,1,1,1,1,1,0,0,post,0,0,0,1,1,0,1,0,0,0,0,1,0,1,1,1,0,new_trial,k0p1,,,,,0,,,1,1,1,0,0,0,0,0,0,0,0,0,0,0,0,0,0,0,0,0
P02309,K23,Not Allowed,2020,NIDDK,post_policy,1,0,0,0,0,0,0,1,0,0,0,0,0,0,0,0,0,0,0,0,0,0,0,0,0,1,1,1,1,1,1,1,0,0,0,post,0,0,0,0,,,,0,0,0,0,0,0,0,0,0,0,none,k0p0,,,,,1,0,0,1,1,0,,,,,,,,,,,,,,,,,
P02310,K23,Required,2020,NIDDK,post_policy,1,1,0,1,0,0,0,1,0,1,0,0,0,0,0,0,0,1,0,0,0,0,1,1,0,1,1,1,1,1,1,1,0,0,0,post,0,0,0,0,,,,1,0,0,1,0,1,0,0,0,1,ktrial_only,k1p0,k1p0,k1p0,k1p0,k1p0,0,,,1,1,1,1,1,0,0,0,1,0,0,1,0,1,0,0,0,0,0,0
P02311,K08,Not Allowed,2020,NIAID,post_policy,1,0,0,0,0,0,0,0,0,0,0,0,0,0,0,0,0,0,0,0,0,0,0,0,0,0,0,0,0,0,0,0,0,0,0,post,0,0,0,0,,,,0,0,0,0,0,0,0,0,0,0,none,k0p0,,,,,0,,,1,1,0,,,,,,,,,,,,,,,,,
P02312,K08,Not Allowed,2020,NCI,post_policy,1,0,0,0,0,0,0,1,0,0,0,0,0,0,0,0,0,0,0,0,0,0,0,0,0,1,1,1,1,1,1,1,0,0,0,post,0,0,0,0,,,,0,0,0,0,0,0,0,0,0,0,none,k0p0,,,,,0,,,1,1,0,,,,,,,,,,,,,,,,,
P02313,K23,Required,2019,NIMH,post_policy,1,1,0,1,0,0,0,0,0,1,0,0,0,0,0,0,0,1,0,0,0,0,1,1,0,0,0,0,0,0,0,0,1,0,0,post,1,1,0,1,0,0,0,1,0,0,1,0,1,0,0,0,0,ktrial_only,k1p0,,,,,1,1,1,1,1,1,1,1,0,0,0,1,0,0,1,0,1,1,1,0,1,0,0
P02314,K08,Not Allowed,2020,NHLBI,post_policy,1,0,0,0,0,0,0,0,0,0,0,0,0,0,0,0,0,0,0,0,0,0,0,0,0,0,0,0,0,0,0,0,0,0,0,post,0,0,0,0,,,,0,0,0,0,0,0,0,0,0,0,none,k0p0,,,,,0,,,1,1,0,,,,,,,,,,,,,,,,,
P02315,K23,Required,2020,NHLBI,post_policy,1,1,0,1,0,0,0,0,0,1,0,0,0,0,0,0,0,1,0,0,0,0,1,1,0,0,0,0,0,0,0,0,0,0,0,post,1,1,1,0,,,,1,0,0,1,0,1,0,0,0,0,ktrial_only,k1p0,,,,,0,,,1,1,1,1,1,1,0,0,1,0,0,1,1,1,1,1,0,1,1,1
P02316,K08,Not Allowed,2019,NINDS,post_policy,1,0,0,0,0,0,0,0,0,0,0,0,0,0,0,0,0,0,0,0,0,0,0,0,0,0,0,0,0,0,0,0,1,0,0,post,0,0,0,1,1,1,1,0,0,0,0,0,0,0,0,1,0,none,k0p0,,,,,0,,,1,1,0,,,,,,,,,,,,,,,,,
P02317,K08,Not Allowed,2020,NCI,post_policy,1,0,0,0,0,0,0,0,0,0,0,0,0,0,0,0,0,0,0,0,0,0,0,0,0,0,0,0,0,0,0,0,0,0,0,post,0,0,0,0,,,,0,0,0,0,0,0,0,0,0,0,none,k0p0,,,,,0,,,1,1,0,,,,,,,,,,,,,,,,,
P02318,K23,Not Allowed,2020,NHLBI,post_policy,1,0,0,0,0,0,0,0,0,0,0,0,0,0,0,0,0,0,0,0,0,0,0,0,0,0,1,0,0,1,0,0,0,0,0,post,0,0,0,0,,,,0,0,0,0,0,0,0,0,0,0,none,k0p0,,,,,0,,,1,1,0,,,,,,,,,,,,,,,,,
P02319,K23,Not Allowed,2019,NIDDK,post_policy,1,0,0,0,0,0,0,0,0,0,0,0,0,0,0,0,0,0,0,0,0,0,0,0,0,0,1,0,0,1,0,0,1,0,0,post,0,0,0,1,0,0,0,0,0,0,0,0,0,0,0,0,0,none,k0p0,,,,,0,,,1,1,0,,,,,,,,,,,,,,,,,
P02320,K23,Required,2021,NHLBI,post_policy,1,1,1,1,0,1,0,0,0,1,0,0,0,0,1,1,0,1,1,0,0,0,1,0,1,0,0,0,0,0,0,0,0,0,0,post,0,0,0,0,,,,0,0,1,1,1,0,1,1,1,0,new_trial,k1p1,,,,,0,,,1,1,1,1,0,1,0,0,1,0,0,0,0,1,0,0,0,0,0,0
P02321,K23,Required,2020,NICHD,post_policy,1,1,0,0,0,0,0,0,0,0,0,0,0,0,0,0,0,0,0,0,0,0,0,0,0,0,0,0,0,0,0,0,0,0,0,post,0,0,0,0,,,,0,0,0,0,0,0,0,0,0,0,none,k0p0,,,,,0,,,1,1,1,0,0,0,0,0,0,0,0,0,0,0,0,0,0,0,0,0
P02322,K08,Not Allowed,2019,NEI,post_policy,1,0,0,0,0,0,0,0,0,0,0,0,0,0,0,0,0,0,0,0,0,0,0,0,0,0,0,0,0,1,0,0,1,0,0,post,0,0,0,1,0,0,0,0,0,0,0,0,0,0,0,0,0,none,k0p0,,,,,0,,,1,1,0,,,,,,,,,,,,,,,,,
P02323,K23,Required,2019,NIA,post_policy,1,0,1,1,0,0,1,0,0,1,0,0,1,1,1,1,0,1,1,1,1,0,1,1,1,0,1,0,0,1,0,0,1,0,1,post,1,1,1,1,1,0,1,1,0,1,1,1,1,1,1,1,0,new_trial,k1p1,,,,,0,,,1,1,0,,,,,,,,,,,,,,,,,
P02324,K23,Required,2020,NIDA,post_policy,1,1,1,1,0,1,0,0,0,1,0,1,1,1,1,1,0,1,1,0,1,1,1,1,0,0,0,0,0,0,0,0,0,0,0,post,1,1,0,0,,,,1,0,0,1,1,1,1,1,1,1,new_trial,k1p1,k1p1,k1p1,k1p1,k1p1,1,1,1,1,1,1,1,1,0,0,0,1,0,0,1,0,1,1,1,0,1,0,0
P02325,K08,Not Allowed,2019,NIDDK,post_policy,1,0,0,0,0,0,0,1,0,0,0,0,0,0,0,0,0,0,0,0,0,0,0,0,0,1,1,1,1,1,1,1,1,0,0,post,0,0,0,1,0,0,0,0,0,0,0,0,0,0,0,0,0,none,k0p0,,,,,0,,,1,1,0,,,,,,,,,,,,,,,,,
P02326,K08,Not Allowed,2021,NIAID,post_policy,1,0,0,0,0,0,0,0,0,0,0,0,0,0,0,0,0,0,0,0,0,0,0,0,0,0,0,0,0,0,0,0,0,0,0,post,0,0,0,0,,,,0,0,0,0,0,0,0,0,0,0,none,k0p0,,,,,0,,,1,1,0,,,,,,,,,,,,,,,,,
P02327,K08,Not Allowed,2019,NEI,post_policy,1,0,0,0,0,0,0,0,0,0,0,0,0,0,0,0,0,0,0,0,0,0,0,0,0,0,0,0,0,0,0,0,1,0,0,post,0,0,0,1,0,0,0,0,0,0,0,0,0,0,0,0,0,none,k0p0,,,,,0,,,1,1,0,,,,,,,,,,,,,,,,,
P02328,K23,Not Allowed,2021,NIAID,post_policy,1,0,0,0,0,0,0,0,0,0,0,0,0,0,0,0,0,0,0,0,0,0,0,0,0,0,0,0,0,0,0,0,0,0,0,post,0,0,0,0,,,,0,0,0,0,0,0,0,0,0,0,none,k0p0,,,,,1,0,0,1,1,0,,,,,,,,,,,,,,,,,
P02329,K23,Not Allowed,2020,NICHD,post_policy,1,0,1,1,0,1,0,0,0,0,0,0,1,0,1,0,0,0,1,0,0,0,0,0,0,0,1,0,0,1,0,0,0,0,0,post,0,0,0,0,,,,0,0,0,0,1,0,0,1,1,0,new_trial,k0p1,,,,,0,,,1,1,0,,,,,,,,,,,,,,,,,
P02330,K23,Required,2021,NIMH,post_policy,1,1,0,1,0,0,0,0,0,1,0,0,0,0,0,0,0,1,0,0,0,0,1,0,1,0,0,0,0,0,0,0,0,0,0,post,0,0,0,0,,,,0,0,1,1,0,1,0,0,0,0,ktrial_only,k1p0,,,,,0,,,1,1,1,1,0,1,0,0,1,0,0,0,0,1,0,0,0,0,0,0
P02331,K08,Not Allowed,2021,NICHD,post_policy,1,0,0,0,0,0,0,0,0,0,0,0,0,0,0,0,0,0,0,0,0,0,0,0,0,0,0,0,0,0,0,0,0,0,0,post,0,0,0,0,,,,0,0,0,0,0,0,0,0,0,0,none,k0p0,,,,,0,,,1,1,0,,,,,,,,,,,,,,,,,
P02332,K08,Not Allowed,2021,NIDDK,post_policy,1,0,0,0,0,0,0,0,0,0,0,0,0,0,0,0,0,0,0,0,0,0,0,0,0,0,0,0,0,0,0,0,0,0,0,post,0,0,0,0,,,,0,0,0,0,0,0,0,0,0,0,none,k0p0,,,,,0,,,1,1,0,,,,,,,,,,,,,,,,,
P02333,K08,Not Allowed,2021,NHLBI,post_policy,1,0,0,0,0,0,0,0,0,0,0,0,0,0,0,0,0,0,0,0,0,0,0,0,0,0,0,0,0,0,0,0,0,0,0,post,0,0,0,0,,,,0,0,0,0,0,0,0,0,0,0,none,k0p0,,,,,0,,,1,1,0,,,,,,,,,,,,,,,,,
P02334,K08,Not Allowed,2020,NEI,post_policy,1,0,0,0,0,0,0,0,0,0,0,0,0,0,0,0,0,0,0,0,0,0,0,0,0,0,0,0,0,0,0,0,0,0,0,post,0,0,0,0,,,,0,0,0,0,0,0,0,0,0,0,none,k0p0,,,,,0,,,1,1,0,,,,,,,,,,,,,,,,,
P02335,K08,Not Allowed,2021,NCI,post_policy,1,0,0,0,0,0,0,0,0,0,0,0,0,0,0,0,0,0,0,0,0,0,0,0,0,0,0,0,0,0,0,0,0,0,0,post,0,0,0,0,,,,0,0,0,0,0,0,0,0,0,0,none,k0p0,,,,,0,,,1,1,0,,,,,,,,,,,,,,,,,
P02336,K23,Not Allowed,2020,NHLBI,post_policy,1,0,0,0,0,0,0,0,0,0,0,0,0,0,0,0,0,0,0,0,0,0,0,0,0,0,1,0,0,1,0,0,0,0,0,post,0,0,0,0,,,,0,0,0,0,0,0,0,0,0,0,none,k0p0,,,,,0,,,1,1,0,,,,,,,,,,,,,,,,,
P02337,K23,Not Allowed,2019,NINR,post_policy,1,0,0,0,0,0,0,1,0,0,0,0,0,0,0,0,0,0,0,0,0,0,0,0,0,1,1,1,1,1,1,1,1,0,0,post,0,0,0,1,0,0,0,0,0,0,0,0,0,0,0,0,0,none,k0p0,,,,,0,,,1,1,0,,,,,,,,,,,,,,,,,
P02338,K23,Not Allowed,2021,NIMHD,post_policy,1,0,0,0,0,0,0,0,0,0,0,0,0,0,0,0,0,0,0,0,0,0,0,0,0,0,0,0,0,0,0,0,0,0,0,post,0,0,0,0,,,,0,0,0,0,0,0,0,0,0,0,none,k0p0,,,,,0,,,1,1,0,,,,,,,,,,,,,,,,,
P02339,K08,Not Allowed,2021,NCI,post_policy,1,0,0,0,0,0,0,0,0,0,0,0,0,0,0,0,0,0,0,0,0,0,0,0,0,0,0,0,0,0,0,0,0,0,0,post,0,0,0,0,,,,0,0,0,0,0,0,0,0,0,0,none,k0p0,,,,,0,,,1,1,0,,,,,,,,,,,,,,,,,
P02340,K23,Required,2020,NIDDK,post_policy,1,1,1,1,0,0,0,1,0,1,0,1,0,0,1,1,0,1,1,0,1,1,1,1,0,1,1,1,1,1,1,1,0,0,0,post,1,1,1,0,,,,1,0,0,1,1,1,1,1,1,0,new_trial,k1p1,,,,,0,,,1,1,1,1,1,0,0,0,1,1,0,1,0,1,1,1,0,1,1,1
P02341,K23,Not Allowed,2021,NHLBI,post_policy,1,0,0,0,0,0,0,0,0,0,0,0,0,0,0,0,0,0,0,0,0,0,0,0,0,0,0,0,0,0,0,0,0,0,0,post,0,0,0,0,,,,0,0,0,0,0,0,0,0,0,0,none,k0p0,,,,,0,,,1,1,0,,,,,,,,,,,,,,,,,
P02342,K23,Required,2021,NINDS,post_policy,1,1,1,1,1,0,1,0,0,1,1,0,0,0,1,1,0,1,1,0,0,0,1,0,1,0,0,0,0,0,0,0,0,0,1,post,0,0,0,0,,,,0,0,1,1,1,1,1,1,1,0,new_trial,k1p1,,,,,0,,,1,1,1,1,0,1,0,0,1,0,0,0,0,1,0,0,0,0,0,0
P02343,K23,Required,2021,NIMHD,post_policy,1,0,0,0,0,0,0,0,0,0,0,0,0,0,0,0,0,0,0,0,0,0,0,0,0,0,0,0,0,0,0,0,0,0,0,post,0,0,0,0,,,,0,0,0,0,0,0,0,0,0,0,none,k0p0,,,,,0,,,1,1,0,,,,,,,,,,,,,,,,,
P02344,K23,Not Allowed,2020,NHLBI,post_policy,1,0,0,0,0,0,0,0,0,0,0,0,0,0,0,0,0,0,0,0,0,0,0,0,0,0,0,0,0,0,0,0,0,0,0,post,0,0,0,0,,,,0,0,0,0,0,0,0,0,0,0,none,k0p0,,,,,0,,,1,1,0,,,,,,,,,,,,,,,,,
P02345,K23,Required,2020,NINR,post_policy,1,1,1,1,0,0,0,0,0,1,0,0,0,0,1,1,0,1,1,0,0,0,1,1,0,0,0,0,0,0,0,0,0,0,0,post,1,1,0,0,,,,1,0,0,1,1,0,1,1,1,1,new_trial,k1p1,k1p1,k1p1,k1p1,k1p1,0,,,1,1,1,1,1,0,0,0,1,0,0,1,0,1,1,1,0,1,0,0
P02346,K08,Not Allowed,2019,NHLBI,post_policy,1,0,0,0,0,0,1,0,0,0,0,0,0,0,0,0,0,0,0,0,0,0,0,0,0,0,0,0,0,0,0,0,1,0,1,post,0,0,0,1,0,0,0,0,0,0,0,0,0,0,0,0,0,none,k0p0,,,,,0,,,1,1,0,,,,,,,,,,,,,,,,,
P02347,K23,Not Allowed,2020,NIMH,post_policy,1,0,0,0,0,0,0,1,0,0,0,0,0,0,0,0,0,0,0,0,0,0,0,0,0,1,1,1,1,1,1,1,0,0,0,post,0,0,0,0,,,,0,0,0,0,0,0,0,0,0,0,none,k0p0,,,,,0,,,1,1,0,,,,,,,,,,,,,,,,,
P02348,K23,Not Allowed,2020,NIDA,post_policy,1,0,0,0,0,0,0,0,0,0,0,0,0,0,0,0,0,0,0,0,0,0,0,0,0,0,0,0,0,0,0,0,0,0,0,post,0,0,0,0,,,,0,0,0,0,0,0,0,0,0,0,none,k0p0,,,,,0,,,1,1,0,,,,,,,,,,,,,,,,,
P02349,K23,Required,2020,NIAMS,post_policy,1,1,0,0,0,0,1,0,0,0,0,0,0,0,0,0,0,0,0,0,0,0,0,0,0,0,0,0,0,0,0,0,0,0,1,post,0,0,0,0,,,,0,0,0,0,0,0,0,0,0,0,none,k0p0,,,,,0,,,1,1,1,0,0,0,0,0,0,0,0,0,0,0,0,0,0,0,0,0
P02350,K08,Not Allowed,2019,NIDDK,post_policy,1,0,0,0,0,0,0,1,0,0,0,0,0,0,0,0,0,0,0,0,0,0,0,0,0,1,1,1,1,1,1,1,1,0,0,post,0,0,0,1,0,0,0,0,0,0,0,0,0,0,0,0,0,none,k0p0,,,,,0,,,1,1,0,,,,,,,,,,,,,,,,,
P02351,K23,Required,2021,NIMH,post_policy,1,1,1,1,1,1,0,0,0,1,1,0,0,0,1,1,0,1,1,0,0,0,1,0,1,0,0,1,0,0,0,1,0,0,0,post,1,0,0,0,,,,0,0,1,1,1,1,1,1,1,1,new_trial,k1p1,k1p1,k1p1,k1p1,k1p1,0,,,1,1,1,1,0,1,0,0,1,0,0,0,0,1,1,1,0,0,0,0
P02352,K08,Not Allowed,2019,NEI,post_policy,1,0,0,0,0,0,0,0,0,0,0,0,0,0,0,0,0,0,0,0,0,0,0,0,0,0,0,0,0,0,0,0,1,0,0,post,0,0,0,1,0,0,0,0,0,0,0,0,0,0,0,0,0,none,k0p0,,,,,0,,,1,1,0,,,,,,,,,,,,,,,,,
P02353,K23,Required,2019,NIDA,post_policy,1,1,0,1,0,0,0,0,0,1,0,0,0,0,0,0,0,1,0,0,0,0,1,1,0,0,1,1,0,1,0,1,1,0,0,post,1,0,0,1,1,1,1,1,0,0,1,0,1,0,0,1,0,ktrial_only,k1p0,,,,,0,,,1,1,1,1,1,0,0,0,1,0,0,1,0,1,1,0,0,0,1,1
P02354,K23,Not Allowed,2020,NIAID,post_policy,1,0,0,0,0,0,0,0,0,0,0,0,0,0,0,0,0,0,0,0,0,0,0,0,0,0,0,0,0,0,0,0,0,0,0,post,0,0,0,0,,,,0,0,0,0,0,0,0,0,0,0,none,k0p0,,,,,0,,,1,1,0,,,,,,,,,,,,,,,,,
P02355,K23,Not Allowed,2020,NIDCD,post_policy,1,0,1,1,0,1,0,1,0,0,0,0,1,0,1,0,0,0,1,0,0,0,0,0,0,1,1,1,1,1,1,1,0,0,0,post,0,0,0,0,,,,0,0,0,0,1,0,1,1,1,1,new_trial,k0p1,k0p1,k0p1,k0p1,k0p1,0,,,1,1,0,,,,,,,,,,,,,,,,,
P02356,K23,Not Allowed,2020,NHLBI,post_policy,1,0,0,0,0,0,0,0,0,0,0,0,0,0,0,0,0,0,0,0,0,0,0,0,0,0,0,0,0,0,0,0,0,0,0,post,0,0,0,0,,,,0,0,0,0,0,0,0,0,0,0,none,k0p0,,,,,0,,,1,1,0,,,,,,,,,,,,,,,,,
P02357,K08,Not Allowed,2020,NHLBI,post_policy,1,0,0,0,0,0,0,0,0,0,0,0,0,0,0,0,0,0,0,0,0,0,0,0,0,0,0,0,0,0,0,0,0,0,0,post,0,0,0,0,,,,0,0,0,0,0,0,0,0,0,0,none,k0p0,,,,,0,,,1,1,0,,,,,,,,,,,,,,,,,
P02358,K08,Not Allowed,2020,NIAID,post_policy,1,0,0,0,0,0,0,1,0,0,0,0,0,0,0,0,0,0,0,0,0,0,0,0,0,1,1,1,1,1,1,1,0,0,0,post,0,0,0,0,,,,0,0,0,0,0,0,0,0,0,0,none,k0p0,,,,,0,,,1,1,0,,,,,,,,,,,,,,,,,
P02359,K23,Not Allowed,2019,NIAID,post_policy,1,0,0,0,0,0,0,0,0,0,0,0,0,0,0,0,0,0,0,0,0,0,0,0,0,0,0,0,0,0,0,0,1,0,0,post,0,0,0,1,0,0,0,0,0,0,0,0,0,0,0,0,0,none,k0p0,,,,,0,,,1,1,0,,,,,,,,,,,,,,,,,
P02360,K08,Not Allowed,2020,NIMH,post_policy,1,0,1,1,1,1,1,0,0,0,0,0,0,0,1,1,0,0,1,0,0,0,0,0,0,0,0,1,0,0,0,1,0,0,1,post,0,0,0,0,,,,0,0,0,0,1,0,1,1,1,0,new_trial,k0p1,,,,,0,,,1,1,0,,,,,,,,,,,,,,,,,
P02361,K08,Not Allowed,2020,NIMH,post_policy,1,0,0,0,0,0,0,1,0,0,0,0,0,0,0,0,0,0,0,0,0,0,0,0,0,1,1,1,1,1,1,1,0,0,0,post,0,0,0,0,,,,0,0,0,0,0,0,0,0,0,0,none,k0p0,,,,,0,,,1,1,0,,,,,,,,,,,,,,,,,
P02362,K23,Not Allowed,2019,NIGMS,post_policy,1,0,0,0,0,0,0,0,0,0,0,0,0,0,0,0,0,0,0,0,0,0,0,0,0,0,0,0,0,0,0,0,1,0,0,post,0,0,0,1,0,0,0,0,0,0,0,0,0,0,0,0,0,none,k0p0,,,,,0,,,1,1,0,,,,,,,,,,,,,,,,,
P02363,K23,Required,2020,NIA,post_policy,1,1,0,0,0,0,1,0,0,0,0,0,0,0,0,0,0,0,0,0,0,0,1,0,0,0,0,0,0,0,0,0,0,0,0,post,0,0,0,0,,,,0,0,0,0,0,0,0,0,0,0,none,k0p0,,,,,0,,,1,1,1,0,0,0,0,0,0,0,0,0,0,0,0,0,0,0,0,0
P02364,K23,Required,2021,NIA,post_policy,1,1,0,1,0,0,1,0,0,1,0,0,0,0,0,0,0,1,0,0,0,0,1,1,0,0,1,0,0,1,0,0,0,0,1,post,1,0,0,0,,,,1,0,0,1,0,1,0,0,0,1,ktrial_only,k1p0,k1p0,k1p0,k1p0,k1p0,0,,,1,1,1,1,1,0,0,0,1,0,0,1,0,1,1,1,0,0,0,0
P02365,K08,Not Allowed,2020,NCI,post_policy,1,0,0,0,0,0,0,0,0,0,0,0,0,0,0,0,0,0,0,0,0,0,0,0,0,0,0,0,0,0,0,0,0,0,0,post,0,0,0,0,,,,0,0,0,0,0,0,0,0,0,0,none,k0p0,,,,,0,,,1,1,0,,,,,,,,,,,,,,,,,
P02366,K08,Not Allowed,2020,NIAID,post_policy,1,0,1,1,1,1,1,0,0,0,0,1,0,0,1,1,0,0,1,0,0,0,0,0,0,0,0,0,0,0,0,0,0,0,1,post,0,0,0,0,,,,0,0,0,0,1,0,1,1,1,0,new_trial,k0p1,,,,,0,,,1,1,0,,,,,,,,,,,,,,,,,
P02367,K08,Not Allowed,2020,NINDS,post_policy,1,0,0,0,0,0,0,0,0,0,0,0,0,0,0,0,0,0,0,0,0,0,0,0,0,0,0,0,0,0,0,0,0,0,0,post,0,0,0,0,,,,0,0,0,0,0,0,0,0,0,0,none,k0p0,,,,,0,,,1,1,0,,,,,,,,,,,,,,,,,
P02368,K23,Required,2020,NIDDK,post_policy,1,0,0,0,0,0,0,0,0,0,0,0,0,0,0,0,1,0,0,0,0,0,0,0,0,0,0,0,0,0,0,0,0,0,0,post,0,0,0,0,,,,0,0,0,0,0,0,0,0,0,0,none,k0p0,,,,,0,,,1,1,0,,,,,,,,,,,,,,,,,
P02369,K23,Required,2020,NINDS,post_policy,1,1,0,1,0,0,0,0,0,1,0,0,0,0,0,0,0,1,0,0,0,0,1,0,1,0,0,0,0,0,0,0,0,0,0,post,0,0,0,0,,,,0,0,1,1,0,0,0,0,0,0,ktrial_only,k1p0,,,,,0,,,1,1,1,1,0,1,0,0,1,0,0,0,0,1,0,0,0,0,0,0
P02370,K08,Not Allowed,2020,NEI,post_policy,1,0,0,0,0,0,0,0,0,0,0,0,0,0,0,0,0,0,0,0,0,0,0,0,0,0,0,0,1,1,1,1,0,0,0,post,0,0,0,0,,,,0,0,0,0,0,0,0,0,0,0,none,k0p0,,,,,0,,,1,1,0,,,,,,,,,,,,,,,,,
P02371,K23,Not Allowed,2019,NINDS,post_policy,1,0,1,1,1,1,0,1,0,0,0,0,0,0,1,1,0,0,1,0,1,1,0,0,0,1,1,1,1,1,1,1,1,0,0,post,0,0,0,1,1,0,1,0,0,0,0,1,0,1,1,1,0,new_trial,k0p1,,,,,0,,,1,1,0,,,,,,,,,,,,,,,,,
P02372,K08,Not Allowed,2021,NHLBI,post_policy,1,0,0,0,0,0,0,1,0,0,0,0,0,0,0,0,0,0,0,0,0,0,0,0,0,1,1,1,1,1,1,1,0,0,0,post,0,0,0,0,,,,0,0,0,0,0,0,0,0,0,0,none,k0p0,,,,,0,,,1,1,0,,,,,,,,,,,,,,,,,
P02373,K23,Required,2021,NIA,post_policy,1,1,0,1,0,0,1,0,0,1,1,0,0,0,0,0,0,1,0,0,0,0,1,1,1,0,0,0,0,0,0,0,0,0,1,post,1,1,1,0,,,,1,0,1,1,0,1,0,0,0,1,ktrial_only,k1p0,k1p1,k1p1,k1p1,k1p1,0,,,1,1,1,1,1,1,0,0,1,0,0,1,0,1,1,1,0,1,0,0
P02374,K08,Not Allowed,2020,NIAMS,post_policy,1,0,0,0,0,0,0,1,0,0,0,0,0,0,0,0,0,0,0,0,0,0,0,0,0,1,1,1,1,1,1,1,0,0,0,post,0,0,0,0,,,,0,0,0,0,0,0,0,0,0,0,none,k0p0,,,,,0,,,1,1,0,,,,,,,,,,,,,,,,,
P02375,K08,Not Allowed,2021,NIDDK,post_policy,1,0,0,0,0,0,0,0,0,0,0,0,0,0,0,0,0,0,0,0,0,0,0,0,0,0,0,0,0,0,0,0,0,0,0,post,0,0,0,0,,,,0,0,0,0,0,0,0,0,0,0,none,k0p0,,,,,0,,,1,1,0,,,,,,,,,,,,,,,,,
P02376,K08,Not Allowed,2020,NIAID,post_policy,1,0,0,0,0,0,0,0,0,0,0,0,0,0,0,0,0,0,0,0,0,0,0,0,0,0,0,0,0,0,0,0,0,0,0,post,0,0,0,0,,,,0,0,0,0,0,0,0,0,0,0,none,k0p0,,,,,0,,,1,1,0,,,,,,,,,,,,,,,,,
P02377,K23,Required,2019,NIGMS,post_policy,1,1,1,1,1,0,1,0,0,0,0,1,0,0,1,1,0,0,1,0,0,0,1,0,0,1,1,1,1,1,1,1,1,0,1,post,0,0,0,1,1,0,1,0,0,0,0,1,0,1,1,1,0,new_trial,k0p1,,,,,0,,,1,1,1,0,0,0,0,0,0,0,0,0,0,0,0,0,0,0,0,0
P02378,K08,Not Allowed,2021,NEI,post_policy,1,0,0,0,0,0,0,1,0,0,0,0,0,0,0,0,0,0,0,0,0,0,0,0,0,1,1,1,1,1,1,1,0,0,0,post,0,0,0,0,,,,0,0,0,0,0,0,0,0,0,0,none,k0p0,,,,,0,,,1,1,0,,,,,,,,,,,,,,,,,
P02379,K23,Required,2021,NIDA,post_policy,1,1,0,1,0,0,0,0,0,1,0,0,0,0,0,0,0,1,0,0,0,0,1,1,0,0,1,0,0,1,0,0,0,0,0,post,0,0,0,0,,,,1,0,0,1,0,1,0,0,0,1,ktrial_only,k1p0,k1p0,k1p0,k1p0,k1p0,0,,,1,1,1,1,1,0,0,0,1,0,0,1,0,1,1,1,0,1,0,0
P02380,K08,Not Allowed,2021,NINDS,post_policy,1,0,0,0,0,0,0,0,0,0,0,0,0,0,0,0,0,0,0,0,0,0,0,0,0,0,0,0,0,0,0,0,0,0,0,post,0,0,0,0,,,,0,0,0,0,0,0,0,0,0,0,none,k0p0,,,,,0,,,1,1,0,,,,,,,,,,,,,,,,,
P02381,K23,Not Allowed,2021,NIDA,post_policy,1,0,0,0,0,0,0,0,0,0,0,0,0,0,0,0,0,0,0,0,0,0,0,0,0,0,1,0,0,1,0,0,0,0,0,post,0,0,0,0,,,,0,0,0,0,0,0,0,0,0,0,none,k0p0,,,,,0,,,1,1,0,,,,,,,,,,,,,,,,,
P02382,K08,Not Allowed,2021,NIDA,post_policy,1,0,0,0,0,0,0,0,0,0,0,0,0,0,0,0,0,0,0,0,0,0,0,0,0,0,1,0,0,1,0,0,0,0,0,post,0,0,0,0,,,,0,0,0,0,0,0,0,0,0,0,none,k0p0,,,,,0,,,1,1,0,,,,,,,,,,,,,,,,,
P02383,K23,Not Allowed,2021,NHLBI,post_policy,1,0,0,0,0,0,0,0,0,0,0,0,0,0,0,0,0,0,0,0,0,0,0,0,0,0,0,0,0,0,0,0,0,0,0,post,0,0,0,0,,,,0,0,0,0,0,0,0,0,0,0,none,k0p0,,,,,0,,,1,1,0,,,,,,,,,,,,,,,,,
P02384,K23,Required,2019,NCCIH,post_policy,1,1,0,1,0,0,0,0,0,1,0,0,0,0,0,0,0,1,0,0,0,0,1,1,0,0,0,0,0,0,0,0,1,0,0,post,1,1,0,1,0,0,0,1,0,0,1,0,1,0,0,0,0,ktrial_only,k1p0,,,,,0,,,1,1,1,1,1,0,0,0,1,0,0,1,0,1,1,1,0,1,0,0
P02385,K23,Not Allowed,2021,NIMH,post_policy,1,0,0,0,0,0,0,0,0,0,0,0,0,0,0,0,0,0,0,0,0,0,0,0,0,0,0,0,0,0,0,0,0,0,0,post,0,0,0,0,,,,0,0,0,0,0,0,0,0,0,1,none,k0p0,k0p0,k0p0,k0p0,k0p0,0,,,1,1,0,,,,,,,,,,,,,,,,,
P02386,K08,Not Allowed,2019,NHLBI,post_policy,1,0,0,0,0,0,0,1,0,0,0,0,0,0,0,0,0,0,0,0,0,0,0,0,0,1,1,1,1,1,1,1,1,0,0,post,0,0,0,1,0,0,0,0,0,0,0,0,0,0,0,0,0,none,k0p0,,,,,0,,,1,1,0,,,,,,,,,,,,,,,,,
P02387,K23,Not Allowed,2020,NIA,post_policy,1,0,0,0,0,0,0,0,0,0,0,0,0,0,0,0,0,0,0,0,0,0,0,0,0,0,1,0,0,1,0,0,0,0,0,post,0,0,0,0,,,,0,0,0,0,0,0,0,0,0,0,none,k0p0,,,,,0,,,1,1,0,,,,,,,,,,,,,,,,,
P02388,K08,Not Allowed,2019,NHLBI,post_policy,1,0,0,0,0,0,0,0,0,0,0,0,0,0,0,0,0,0,0,0,0,0,0,0,0,0,0,0,0,0,0,0,1,0,0,post,0,0,0,1,0,0,0,0,0,0,0,0,0,0,0,0,0,none,k0p0,,,,,0,,,1,1,0,,,,,,,,,,,,,,,,,
P02389,K23,Required,2019,NIDDK,post_policy,1,1,0,1,0,0,0,1,0,1,1,0,0,0,0,0,0,1,0,0,0,0,1,0,1,1,1,1,1,1,1,1,1,0,0,post,1,1,0,1,0,0,0,0,0,1,1,0,1,0,0,0,1,ktrial_only,k1p0,k1p0,k1p0,k1p0,k1p0,0,,,1,1,1,1,0,1,0,0,1,0,0,0,0,1,1,1,0,1,1,1
P02390,K08,Not Allowed,2020,NIDDK,post_policy,1,0,0,0,0,0,0,0,0,0,0,0,0,0,0,0,0,0,0,0,0,0,0,0,0,0,1,0,0,1,0,0,0,0,0,post,0,0,0,0,,,,0,0,0,0,0,0,0,0,0,0,none,k0p0,,,,,0,,,1,1,0,,,,,,,,,,,,,,,,,
P02391,K08,Not Allowed,2020,NCI,post_policy,1,0,0,0,0,0,0,1,0,0,0,0,0,0,0,0,0,0,0,0,0,0,0,0,0,1,1,1,1,1,1,1,0,0,0,post,0,0,0,0,,,,0,0,0,0,0,0,0,0,0,0,none,k0p0,,,,,0,,,1,1,0,,,,,,,,,,,,,,,,,
P02392,K08,Not Allowed,2020,NHLBI,post_policy,1,0,0,0,0,0,0,1,0,0,0,0,0,0,0,0,0,0,0,0,0,0,0,0,0,1,1,1,1,1,1,1,0,0,0,post,0,0,0,0,,,,0,0,0,0,0,0,0,0,0,0,none,k0p0,,,,,0,,,1,1,0,,,,,,,,,,,,,,,,,
P02393,K08,Not Allowed,2019,NIDDK,post_policy,1,0,0,0,0,0,0,0,0,0,0,0,0,0,0,0,0,0,0,0,0,0,0,0,0,0,0,0,0,0,0,0,1,0,0,post,0,0,0,1,0,0,0,0,0,0,0,0,0,0,0,0,0,none,k0p0,,,,,0,,,1,1,0,,,,,,,,,,,,,,,,,
P02394,K08,Not Allowed,2020,NCI,post_policy,1,0,1,1,1,0,0,0,0,0,0,0,0,0,1,1,0,0,1,0,0,0,0,0,0,0,0,0,0,0,0,0,0,0,0,post,0,0,0,0,,,,0,0,0,0,1,0,1,1,1,0,new_trial,k0p1,,,,,0,,,1,1,0,,,,,,,,,,,,,,,,,
P02395,K23,Required,2020,NHLBI,post_policy,1,0,0,1,0,0,1,0,0,1,1,0,0,0,0,0,0,1,0,0,0,0,1,1,0,0,1,0,0,1,0,0,0,0,1,post,1,1,1,0,,,,1,0,0,1,0,0,0,0,0,0,ktrial_only,k1p0,,,,,0,,,1,1,0,,,,,,,,,,,,,,,,,
P02396,K23,Required,2020,NIAAA,post_policy,1,1,1,1,0,1,1,0,0,0,0,0,1,1,1,0,0,0,1,1,0,0,1,0,0,0,0,0,0,0,0,0,0,0,0,post,0,0,0,0,,,,0,0,0,0,1,0,0,1,1,1,new_trial,k0p1,k0p1,k0p1,k0p1,k0p1,0,,,1,1,1,0,0,0,0,0,0,0,0,0,0,0,0,0,0,0,0,0
P02397,K23,Required,2020,NIDDK,post_policy,1,0,1,1,0,1,1,0,0,1,0,0,0,0,1,1,0,1,1,0,1,1,1,0,1,0,0,1,0,0,0,1,0,0,1,post,1,0,0,0,,,,0,0,1,1,1,0,1,1,1,0,new_trial,k1p1,,,,,0,,,1,1,0,,,,,,,,,,,,,,,,,
P02398,K23,Not Allowed,2021,NIAAA,post_policy,1,0,0,0,0,0,0,0,0,0,0,0,0,0,0,0,0,0,0,0,0,0,0,0,0,0,0,0,0,0,0,0,0,0,0,post,0,0,0,0,,,,0,0,0,0,0,0,0,0,0,0,none,k0p0,,,,,0,,,1,1,0,,,,,,,,,,,,,,,,,
P02399,K08,Not Allowed,2021,NIAMS,post_policy,1,0,0,0,0,0,0,0,0,0,0,0,0,0,0,0,0,0,0,0,0,0,0,0,0,0,1,0,0,1,0,0,0,0,0,post,0,0,0,0,,,,0,0,0,0,0,0,0,0,0,0,none,k0p0,,,,,0,,,1,1,0,,,,,,,,,,,,,,,,,
P02400,K08,Not Allowed,2020,NINDS,post_policy,1,0,0,0,0,0,0,0,0,0,0,0,0,0,0,0,0,0,0,0,0,0,0,0,0,0,1,0,1,1,1,1,0,0,0,post,0,0,0,0,,,,0,0,0,0,0,0,0,0,0,0,none,k0p0,,,,,0,,,1,1,0,,,,,,,,,,,,,,,,,
P02401,K23,Not Allowed,2019,NICHD,post_policy,1,0,1,1,1,1,1,0,0,0,0,0,0,0,1,1,0,0,1,0,0,0,0,0,0,0,0,0,0,0,0,0,1,0,1,post,0,0,0,1,1,0,1,0,0,0,0,1,0,1,1,1,0,new_trial,k0p1,,,,,0,,,1,1,0,,,,,,,,,,,,,,,,,
P02402,K23,Not Allowed,2018,NIDDK,post_policy,1,0,0,0,0,0,0,1,0,0,0,0,0,0,0,0,0,0,0,0,0,0,0,0,0,1,1,1,1,1,1,1,1,0,0,post,0,0,0,1,0,0,0,0,0,0,0,0,0,0,0,0,0,none,k0p0,,,,,0,,,1,1,0,,,,,,,,,,,,,,,,,
P02403,K23,Required,2019,NINR,post_policy,1,1,1,1,0,0,0,1,0,1,0,0,0,0,1,1,0,1,1,0,1,1,1,0,1,1,1,1,1,1,1,1,1,0,0,post,1,1,0,1,1,0,1,0,0,1,1,1,0,1,1,1,0,new_trial,k1p1,,,,,0,,,1,1,1,1,0,1,0,0,1,0,0,0,0,1,1,1,0,1,0,0
P02404,K23,Required,2020,NIMH,post_policy,1,1,1,1,0,1,0,1,0,1,0,0,0,0,1,1,0,1,1,0,1,1,1,1,0,1,1,1,1,1,1,1,0,0,0,post,1,1,1,0,,,,1,0,0,1,1,0,1,1,1,0,new_trial,k1p1,,,,,0,,,1,1,1,1,1,0,0,0,1,0,0,1,0,1,1,1,0,1,0,0
P02405,K08,Not Allowed,2019,NHLBI,post_policy,1,0,0,0,0,0,0,1,0,0,0,0,0,0,0,0,0,0,0,0,0,0,0,0,0,1,1,1,1,1,1,1,1,0,0,post,0,0,0,1,0,0,0,0,0,0,0,0,0,0,0,0,0,none,k0p0,,,,,0,,,1,1,0,,,,,,,,,,,,,,,,,
P02406,K08,Required,2020,NIDA,post_policy,1,0,1,1,0,1,0,0,0,0,0,0,1,1,1,0,0,0,1,0,1,1,0,0,0,0,0,0,0,0,0,0,0,0,0,post,0,0,0,0,,,,0,0,0,0,1,0,1,1,1,0,new_trial,k0p1,,,,,0,,,1,1,0,,,,,,,,,,,,,,,,,
P02407,K23,Required,2021,NIAMS,post_policy,1,1,0,1,0,0,0,0,0,1,0,0,0,0,0,0,0,1,0,0,0,0,1,1,0,0,0,0,0,0,0,0,0,0,0,post,0,0,0,0,,,,1,0,0,1,0,1,0,0,0,0,ktrial_only,k1p0,,,,,0,,,1,1,1,1,1,0,0,0,1,0,0,1,0,1,0,0,0,0,0,0
P02408,K23,Required,2021,NIA,post_policy,1,1,1,1,0,0,1,1,0,1,0,0,0,0,1,1,0,1,1,0,1,1,1,1,0,1,1,1,1,1,1,1,0,0,0,post,0,0,0,0,,,,1,0,0,1,1,1,1,1,1,0,new_trial,k1p1,,,,,0,,,1,1,1,1,1,0,0,0,1,0,0,1,0,1,0,0,0,0,0,0
P02409,K08,Not Allowed,2019,NCI,post_policy,1,0,0,0,0,0,0,0,0,0,0,0,0,0,0,0,0,0,0,0,0,0,0,0,0,0,0,0,0,0,0,0,1,0,0,post,0,0,0,1,0,0,0,0,0,0,0,0,0,0,0,0,0,none,k0p0,,,,,0,,,1,1,0,,,,,,,,,,,,,,,,,
P02410,K08,Not Allowed,2021,NCI,post_policy,1,0,0,0,0,0,0,0,0,0,0,0,0,0,0,0,0,0,0,0,0,0,0,0,0,0,0,0,0,0,0,0,0,0,0,post,0,0,0,0,,,,0,0,0,0,0,0,0,0,0,0,none,k0p0,,,,,0,,,1,1,0,,,,,,,,,,,,,,,,,
P02411,K08,Not Allowed,2019,NCI,post_policy,1,0,0,0,0,0,0,0,0,0,0,0,0,0,0,0,0,0,0,0,0,0,0,0,0,0,0,0,0,0,0,0,1,0,0,post,0,0,0,1,0,0,0,0,0,0,0,0,0,0,0,0,0,none,k0p0,,,,,0,,,1,1,0,,,,,,,,,,,,,,,,,
P02412,K08,Not Allowed,2019,NCI,post_policy,1,0,0,0,0,0,0,0,0,0,0,0,0,0,0,0,0,0,0,0,0,0,0,0,0,0,0,0,0,0,0,0,1,0,0,post,0,0,0,1,0,0,0,0,0,0,0,0,0,0,0,0,0,none,k0p0,,,,,0,,,1,1,0,,,,,,,,,,,,,,,,,
P02413,K23,Not Allowed,2018,NIMH,post_policy,1,0,0,0,0,0,0,0,0,0,0,0,0,0,0,0,0,0,0,0,0,0,0,0,0,0,1,0,0,1,0,0,1,0,0,post,0,0,0,1,0,0,0,0,0,0,0,0,0,0,0,0,0,none,k0p0,,,,,0,,,1,1,0,,,,,,,,,,,,,,,,,
P02414,K23,Not Allowed,2019,NHLBI,post_policy,1,0,0,0,0,0,0,0,0,0,0,0,0,0,0,0,0,0,0,0,0,0,0,0,0,0,1,0,0,1,0,0,1,0,0,post,0,0,0,1,0,0,0,0,0,0,0,0,0,0,0,0,0,none,k0p0,,,,,0,,,1,1,0,,,,,,,,,,,,,,,,,
P02415,K08,Not Allowed,2021,NIMH,post_policy,1,0,0,0,0,0,0,0,0,0,0,0,0,0,0,0,0,0,0,0,0,0,0,0,0,0,1,0,0,1,0,0,0,0,0,post,0,0,0,0,,,,0,0,0,0,0,0,0,0,0,0,none,k0p0,,,,,0,,,1,1,0,,,,,,,,,,,,,,,,,
P02416,K08,Not Allowed,2020,NCI,post_policy,1,0,0,0,0,0,0,0,0,0,0,0,0,0,0,0,0,0,0,0,0,0,0,0,0,0,0,0,1,1,1,1,0,0,0,post,0,0,0,0,,,,0,0,0,0,0,0,0,0,0,0,none,k0p0,,,,,0,,,1,1,0,,,,,,,,,,,,,,,,,
P02417,K08,Required,2019,NIEHS,post_policy,1,0,0,0,0,0,0,1,0,0,0,0,0,0,0,0,0,0,0,0,0,0,0,0,0,1,1,1,1,1,1,1,1,0,0,post,0,0,0,1,0,0,0,0,0,0,0,0,0,0,0,0,0,none,k0p0,,,,,0,,,1,1,0,,,,,,,,,,,,,,,,,
P02418,K08,Not Allowed,2020,NINDS,post_policy,1,0,1,1,1,1,0,0,0,0,0,0,1,0,1,1,0,0,1,0,0,0,0,0,0,0,1,0,0,1,0,0,0,0,0,post,0,0,0,0,,,,0,0,0,0,1,0,1,1,1,0,new_trial,k0p1,,,,,0,,,1,1,0,,,,,,,,,,,,,,,,,
P02419,K23,Not Allowed,2020,NINDS,post_policy,1,0,0,0,0,0,0,0,0,0,0,0,0,0,0,0,0,0,0,0,0,0,0,0,0,0,0,0,0,0,0,0,0,0,0,post,0,0,0,0,,,,0,0,0,0,0,0,0,0,0,0,none,k0p0,,,,,0,,,1,1,0,,,,,,,,,,,,,,,,,
P02420,K08,Not Allowed,2019,NHLBI,post_policy,1,0,0,0,0,0,0,0,0,0,0,0,0,0,0,0,0,0,0,0,0,0,0,0,0,0,1,0,1,1,1,1,1,0,0,post,0,0,0,1,0,0,0,0,0,0,0,0,0,0,0,0,0,none,k0p0,,,,,0,,,1,1,0,,,,,,,,,,,,,,,,,
P02421,K23,Not Allowed,2020,NINR,post_policy,1,0,1,1,0,0,1,0,1,0,0,0,0,0,1,1,0,0,1,0,1,1,0,0,0,0,0,0,0,0,0,0,0,0,1,post,0,0,0,0,,,,0,0,0,0,1,0,1,1,1,0,new_trial,k0p1,,,,,0,,,1,1,0,,,,,,,,,,,,,,,,,
P02422,K08,Not Allowed,2019,NCI,post_policy,1,0,0,0,0,0,0,0,0,0,0,0,0,0,0,0,0,0,0,0,0,0,0,0,0,1,1,1,1,1,1,1,1,0,0,post,0,0,0,1,0,0,0,0,0,0,0,0,0,0,0,0,0,none,k0p0,,,,,0,,,1,1,0,,,,,,,,,,,,,,,,,
P02423,K23,Required,2019,NIGMS,post_policy,1,0,0,1,0,0,0,0,0,1,1,0,0,0,0,0,0,1,0,0,0,0,1,1,0,0,0,0,0,0,0,0,1,0,0,post,0,0,0,1,0,0,0,1,0,0,1,0,1,0,0,0,1,ktrial_only,k1p0,k1p0,k1p0,k1p0,k1p0,0,,,1,1,0,,,,,,,,,,,,,,,,,
P02424,K23,Required,2018,NIMH,post_policy,1,1,1,1,0,0,0,0,0,1,0,0,0,0,1,1,0,1,1,0,0,0,1,1,0,0,1,0,0,1,0,0,1,0,0,post,1,1,0,1,1,0,1,1,0,0,1,1,0,1,1,1,1,new_trial,k1p1,k1p1,k1p1,k1p1,k1p1,0,,,1,1,1,1,1,0,0,0,1,0,0,1,0,1,1,0,0,1,0,0
P02425,K23,Not Allowed,2021,NIMH,post_policy,1,0,0,0,0,0,0,0,0,0,0,0,0,0,0,0,0,0,0,0,0,0,0,0,0,0,0,0,0,0,0,0,0,0,0,post,0,0,0,0,,,,0,0,0,0,0,0,0,0,0,0,none,k0p0,,,,,1,0,0,1,1,0,,,,,,,,,,,,,,,,,
P02426,K23,Not Allowed,2021,NEI,post_policy,1,0,0,0,0,0,0,1,0,0,0,0,0,0,0,0,0,0,0,0,0,0,0,0,0,1,1,1,1,1,1,1,0,0,0,post,0,0,0,0,,,,0,0,0,0,0,0,0,0,0,0,none,k0p0,,,,,0,,,1,1,0,,,,,,,,,,,,,,,,,
P02427,K23,Not Allowed,2018,NIAID,post_policy,1,0,0,0,0,0,0,1,0,0,0,0,0,0,0,0,0,0,0,0,0,0,0,0,0,1,1,1,1,1,1,1,1,0,0,post,0,0,0,1,1,1,1,0,0,0,0,0,0,0,0,1,0,none,k0p0,,,,,0,,,1,1,0,,,,,,,,,,,,,,,,,
P02428,K23,Required,2020,NIMH,post_policy,1,1,0,1,0,0,0,0,0,1,0,0,0,0,0,0,0,1,0,0,0,0,1,1,0,0,0,0,0,0,0,0,0,0,0,post,1,1,1,0,,,,1,0,0,1,0,1,0,0,0,0,ktrial_only,k1p0,,,,,0,,,1,1,1,1,1,0,0,0,1,0,0,1,0,1,1,1,0,1,0,0
P02429,K08,Not Allowed,2020,NCI,post_policy,1,0,0,0,0,0,0,0,0,0,0,0,0,0,0,0,0,0,0,0,0,0,0,0,0,0,0,0,0,0,0,0,0,0,0,post,0,0,0,0,,,,0,0,0,0,0,0,0,0,0,0,none,k0p0,,,,,0,,,1,1,0,,,,,,,,,,,,,,,,,
P02430,K23,Not Allowed,2019,NIDDK,post_policy,1,0,0,0,0,0,0,0,0,0,0,0,0,0,0,0,0,0,0,0,0,0,0,0,0,0,1,0,0,1,0,0,1,0,0,post,0,0,0,1,0,0,0,0,0,0,0,0,0,0,0,0,0,none,k0p0,,,,,0,,,1,1,0,,,,,,,,,,,,,,,,,
P02431,K08,Not Allowed,2019,NINDS,post_policy,1,0,0,0,0,0,1,1,0,0,0,0,0,0,0,0,0,0,0,0,0,0,0,0,0,1,1,1,1,1,1,1,1,0,1,post,0,0,0,1,0,0,0,0,0,0,0,0,0,0,0,0,0,none,k0p0,,,,,0,,,1,1,0,,,,,,,,,,,,,,,,,
P02432,K08,Not Allowed,2020,NINDS,post_policy,1,0,0,0,0,0,0,0,0,0,0,0,0,0,0,0,0,0,0,0,0,0,0,0,0,0,0,0,0,0,0,0,0,0,0,post,0,0,0,0,,,,0,0,0,0,0,0,0,0,0,0,none,k0p0,,,,,0,,,1,1,0,,,,,,,,,,,,,,,,,
P02433,K08,Not Allowed,2020,NHLBI,post_policy,1,0,0,0,0,0,0,0,0,0,0,0,0,0,0,0,0,0,0,0,0,0,0,0,0,0,0,0,0,0,0,0,0,0,0,post,0,0,0,0,,,,0,0,0,0,0,0,0,0,0,0,none,k0p0,,,,,0,,,1,1,0,,,,,,,,,,,,,,,,,
P02434,K08,Not Allowed,2020,NIGMS,post_policy,1,0,0,0,0,0,1,0,0,0,0,0,0,0,0,0,0,0,0,0,0,0,0,0,0,1,1,1,1,1,1,1,0,0,1,post,0,0,0,0,,,,0,0,0,0,0,0,0,0,0,0,none,k0p0,,,,,0,,,1,1,0,,,,,,,,,,,,,,,,,
P02435,K08,Not Allowed,2021,NCI,post_policy,1,0,0,0,0,0,1,0,0,0,0,0,0,0,0,0,0,0,0,0,0,0,0,0,0,1,1,1,1,1,1,1,0,0,1,post,0,0,0,0,,,,0,0,0,0,0,0,0,0,0,0,none,k0p0,,,,,0,,,1,1,0,,,,,,,,,,,,,,,,,
P02436,K08,Not Allowed,2019,NIAID,post_policy,1,0,0,0,0,0,0,1,0,0,0,0,0,0,0,0,0,0,0,0,0,0,0,0,0,1,1,1,1,1,1,1,1,0,0,post,0,0,0,1,0,0,0,0,0,0,0,0,0,0,0,0,0,none,k0p0,,,,,0,,,1,1,0,,,,,,,,,,,,,,,,,
P02437,K08,Not Allowed,2020,NHLBI,post_policy,1,0,0,0,0,0,0,0,0,0,0,0,0,0,0,0,0,0,0,0,0,0,0,0,0,0,0,0,0,0,0,0,0,0,0,post,0,0,0,0,,,,0,0,0,0,0,0,0,0,0,0,none,k0p0,,,,,0,,,1,1,0,,,,,,,,,,,,,,,,,
P02438,K23,Required,2021,NIMH,post_policy,1,1,0,1,0,0,1,1,0,1,0,0,0,0,0,0,0,1,0,0,0,0,1,0,1,1,1,1,1,1,1,1,0,0,1,post,0,0,0,0,,,,0,0,1,1,0,1,0,0,0,0,ktrial_only,k1p0,,,,,0,,,1,1,1,1,0,1,0,0,1,0,0,0,0,1,0,0,0,0,0,0
P02439,K23,Not Allowed,2019,NHLBI,post_policy,1,0,0,0,0,0,0,1,0,0,0,0,0,0,0,0,0,0,0,0,0,0,0,0,0,1,1,1,1,1,1,1,1,0,0,post,0,0,0,1,0,0,0,0,0,0,0,0,0,0,0,0,0,none,k0p0,,,,,0,,,1,1,0,,,,,,,,,,,,,,,,,
P02440,K08,Not Allowed,2020,NIDCR,post_policy,1,0,0,0,0,0,1,0,0,0,0,0,0,0,0,0,0,0,0,0,0,0,0,0,0,0,1,0,0,1,0,0,0,0,1,post,0,0,0,0,,,,0,0,0,0,0,0,0,0,0,0,none,k0p0,,,,,0,,,1,1,0,,,,,,,,,,,,,,,,,
P02441,K08,Not Allowed,2020,NIAID,post_policy,1,0,0,0,0,0,0,0,0,0,0,0,0,0,0,0,0,0,0,0,0,0,0,0,0,0,1,0,0,1,0,0,0,0,0,post,0,0,0,0,,,,0,0,0,0,0,0,0,0,0,0,none,k0p0,,,,,0,,,1,1,0,,,,,,,,,,,,,,,,,
P02442,K08,Not Allowed,2021,NCI,post_policy,1,0,0,0,0,0,0,0,0,0,0,0,0,0,0,0,0,0,0,0,0,0,0,0,0,0,1,0,0,1,0,0,0,0,0,post,0,0,0,0,,,,0,0,0,0,0,0,0,0,0,0,none,k0p0,,,,,0,,,1,1,0,,,,,,,,,,,,,,,,,
P02443,K08,Not Allowed,2020,NIDDK,post_policy,1,0,0,0,0,0,0,0,0,0,0,0,0,0,0,0,0,0,0,0,0,0,0,0,0,0,0,0,0,0,0,0,0,0,0,post,0,0,0,0,,,,0,0,0,0,0,0,0,0,0,0,none,k0p0,,,,,0,,,1,1,0,,,,,,,,,,,,,,,,,
P02444,K23,Required,2020,NIDDK,post_policy,1,0,0,1,0,0,0,0,0,1,1,0,0,0,0,0,0,1,0,0,0,0,1,1,0,0,0,0,0,0,0,0,0,0,0,post,1,1,0,0,,,,1,0,0,1,0,1,0,0,0,0,ktrial_only,k1p0,,,,,0,,,1,1,0,,,,,,,,,,,,,,,,,
P02445,K23,Required,2020,NIMH,post_policy,1,1,1,1,1,1,1,1,0,1,0,0,0,0,1,1,0,1,1,0,0,0,1,0,1,1,1,1,1,1,1,1,0,0,1,post,1,0,0,0,,,,0,0,1,1,1,0,1,1,1,0,new_trial,k1p1,,,,,0,,,1,1,1,1,0,1,0,0,1,0,0,0,0,1,1,1,0,0,1,1
P02446,K23,Required,2020,NHLBI,post_policy,1,1,1,1,0,1,0,0,0,1,0,0,1,0,1,1,0,1,1,0,0,0,1,0,1,0,1,0,0,1,0,0,0,0,0,post,1,1,1,0,,,,0,0,1,1,1,1,1,1,1,0,new_trial,k1p1,,,,,0,,,1,1,1,1,0,1,0,0,1,1,0,0,0,1,1,1,0,1,1,1
P02447,K23,Not Allowed,2020,NIGMS,post_policy,1,0,0,0,0,0,0,0,0,0,0,0,0,0,0,0,0,0,0,0,0,0,0,0,0,0,0,0,0,0,0,0,0,0,0,post,0,0,0,0,,,,0,0,0,0,0,0,0,0,0,0,none,k0p0,,,,,0,,,1,1,0,,,,,,,,,,,,,,,,,
P02448,K08,Required,2020,NCI,post_policy,1,1,1,1,0,1,1,0,0,0,0,0,0,0,1,0,0,0,1,0,0,0,0,0,0,1,1,1,1,1,1,1,0,0,1,post,0,0,0,0,,,,0,0,0,0,1,0,1,1,1,0,new_trial,k0p1,,,,,0,,,1,1,0,,,,,,,,,,,,,,,,,
P02449,K23,Not Allowed,2021,NIA,post_policy,1,0,1,1,0,1,0,0,0,0,0,1,1,0,1,0,0,0,1,0,0,0,0,0,0,0,1,0,0,1,0,0,0,0,0,post,0,0,0,0,,,,0,0,0,0,1,0,0,1,1,0,new_trial,k0p1,,,,,0,,,1,1,0,,,,,,,,,,,,,,,,,
P02450,K23,Required,2020,NIA,post_policy,1,1,0,1,0,0,0,0,0,1,1,0,0,0,0,0,0,1,0,0,0,0,1,1,0,0,1,0,0,1,0,0,0,0,0,post,1,1,0,0,,,,1,0,0,1,0,0,0,0,0,1,ktrial_only,k1p0,k1p0,k1p0,k1p0,k1p0,0,,,1,1,1,1,0,1,0,0,1,0,0,0,1,1,1,1,0,1,0,0
P02451,K08,Not Allowed,2021,NCI,post_policy,1,0,0,0,0,0,0,0,0,0,0,0,0,0,0,0,0,0,0,0,0,0,0,0,0,0,0,0,0,0,0,0,0,0,0,post,0,0,0,0,,,,0,0,0,0,0,0,0,0,0,0,none,k0p0,,,,,0,,,1,1,0,,,,,,,,,,,,,,,,,
P02452,K23,Not Allowed,2020,NINDS,post_policy,1,0,0,0,0,0,0,0,0,0,0,0,0,0,0,0,0,0,0,0,0,0,0,0,0,0,0,0,0,0,0,0,0,0,0,post,0,0,0,0,,,,0,0,0,0,0,0,0,0,0,0,none,k0p0,,,,,0,,,1,1,0,,,,,,,,,,,,,,,,,
P02453,K23,Not Allowed,2021,NHLBI,post_policy,1,0,0,0,0,0,0,1,0,0,0,0,0,0,0,0,0,0,0,0,0,0,0,0,0,1,1,1,1,1,1,1,0,0,0,post,0,0,0,0,,,,0,0,0,0,0,0,0,0,0,0,none,k0p0,,,,,0,,,1,1,0,,,,,,,,,,,,,,,,,
P02454,K23,Not Allowed,2020,NICHD,post_policy,1,0,1,1,1,1,0,0,0,0,0,0,0,0,1,0,0,0,1,0,0,0,0,0,0,0,1,0,1,1,1,1,0,0,0,post,0,0,0,0,,,,0,0,0,0,1,0,0,1,1,0,new_trial,k0p1,,,,,0,,,1,1,0,,,,,,,,,,,,,,,,,
P02455,K08,Not Allowed,2019,NCI,post_policy,1,0,1,1,1,1,0,0,0,0,0,0,0,0,1,1,0,0,1,0,0,0,0,0,0,0,0,0,0,0,0,0,1,0,0,post,0,0,0,1,1,0,1,0,0,0,0,1,0,1,1,1,0,new_trial,k0p1,,,,,0,,,1,1,0,,,,,,,,,,,,,,,,,
P02456,K23,Not Allowed,2021,NIAMS,post_policy,1,0,1,1,1,1,0,0,0,0,0,0,0,0,1,1,0,0,1,0,0,0,0,0,0,0,0,0,0,0,0,0,0,0,0,post,0,0,0,0,,,,0,0,0,0,1,0,1,1,1,1,new_trial,k0p1,k0p1,k0p1,k0p1,k0p1,0,,,1,1,0,,,,,,,,,,,,,,,,,
P02457,K23,Required,2021,NINR,post_policy,1,1,0,1,0,0,0,0,0,1,0,0,0,0,0,0,0,1,0,0,0,0,1,1,0,0,0,0,0,0,0,0,0,0,0,post,1,0,0,0,,,,1,0,0,1,0,1,0,0,0,0,ktrial_only,k1p0,,,,,0,,,1,1,1,1,1,0,0,0,1,0,0,1,0,1,1,1,0,0,0,0
P02458,K23,Not Allowed,2021,NINDS,post_policy,1,0,0,0,0,0,0,0,0,0,0,0,0,0,0,0,0,0,0,0,0,0,0,0,0,0,0,0,0,0,0,0,0,0,0,post,0,0,0,0,,,,0,0,0,0,0,0,0,0,0,0,none,k0p0,,,,,0,,,1,1,0,,,,,,,,,,,,,,,,,
P02459,K08,Not Allowed,2019,NHLBI,post_policy,1,0,0,0,0,0,0,1,0,0,0,0,0,0,0,0,0,0,0,0,0,0,0,0,0,1,1,1,1,1,1,1,1,0,0,post,0,0,0,1,0,0,0,0,0,0,0,0,0,0,0,0,0,none,k0p0,,,,,0,,,1,1,0,,,,,,,,,,,,,,,,,
P02460,K23,Not Allowed,2019,NINDS,post_policy,1,0,1,1,1,1,0,1,0,0,0,0,0,0,1,1,0,0,1,0,0,0,0,0,0,1,1,1,1,1,1,1,1,0,0,post,0,0,0,1,1,0,1,0,0,0,0,1,0,1,1,1,0,new_trial,k0p1,,,,,0,,,1,1,0,,,,,,,,,,,,,,,,,
P02461,K08,Not Allowed,2021,NIMH,post_policy,1,0,0,0,0,0,0,0,0,0,0,0,0,0,0,0,0,0,0,0,0,0,0,0,0,0,0,0,0,0,0,0,0,0,0,post,0,0,0,0,,,,0,0,0,0,0,0,0,0,0,0,none,k0p0,,,,,0,,,1,1,0,,,,,,,,,,,,,,,,,
P02462,K23,Not Allowed,2021,NIMH,post_policy,1,0,0,0,0,0,0,1,1,0,0,0,0,0,0,0,0,0,0,0,0,0,0,0,0,1,1,1,1,1,1,1,0,0,0,post,0,0,0,0,,,,0,0,0,0,0,0,0,0,0,0,none,k0p0,,,,,0,,,1,1,0,,,,,,,,,,,,,,,,,
P02463,K23,Required,2020,NIDDK,post_policy,1,1,0,0,0,0,0,0,0,0,0,0,0,0,0,0,0,0,0,0,0,0,0,0,0,0,0,0,0,0,0,0,0,0,0,post,0,0,0,0,,,,0,0,0,0,0,0,0,0,0,0,none,k0p0,,,,,0,,,1,1,1,0,0,0,0,0,0,0,0,0,0,0,0,0,0,0,0,0
P02464,K23,Not Allowed,2021,NIAID,post_policy,1,0,1,1,0,1,0,0,0,0,0,1,0,0,1,0,0,0,1,0,1,0,0,0,0,0,0,0,0,0,0,0,0,0,0,post,0,0,0,0,,,,0,0,0,0,1,0,1,1,1,0,new_trial,k0p1,,,,,0,,,1,1,0,,,,,,,,,,,,,,,,,
P02465,K23,Not Allowed,2020,NIA,post_policy,1,0,0,0,0,0,0,0,0,0,0,0,0,0,0,0,0,0,0,0,0,0,0,0,0,0,0,0,0,0,0,0,0,0,0,post,0,0,0,0,,,,0,0,0,0,0,0,0,0,0,0,none,k0p0,,,,,0,,,1,1,0,,,,,,,,,,,,,,,,,
P02466,K23,Required,2021,NIA,post_policy,1,1,0,0,0,0,0,0,0,0,0,0,0,0,0,0,0,0,0,0,0,0,0,0,0,0,0,0,0,1,0,0,0,0,0,post,0,0,0,0,,,,0,0,0,0,0,0,0,0,0,0,none,k0p0,,,,,0,,,1,1,1,0,0,0,0,0,0,0,0,0,0,0,0,0,0,0,0,0
P02467,K23,Not Allowed,2020,NIMH,post_policy,1,0,0,0,0,0,0,0,0,0,0,0,0,0,0,0,0,0,0,0,0,0,0,0,0,0,0,0,1,1,1,1,0,0,0,post,0,0,0,0,,,,0,0,0,0,0,0,0,0,0,0,none,k0p0,,,,,0,,,1,1,0,,,,,,,,,,,,,,,,,
P02468,K23,Required,2020,NIA,post_policy,1,1,0,0,0,0,0,0,0,0,0,0,0,0,0,0,0,0,0,0,0,0,0,0,0,0,0,0,0,1,0,0,0,0,0,post,0,0,0,0,,,,0,0,0,0,0,0,0,0,0,0,none,k0p0,,,,,0,,,1,1,1,0,0,0,0,0,0,0,0,0,0,0,0,0,0,0,0,0
P02469,K08,Not Allowed,2020,NIDCR,post_policy,1,1,0,0,0,0,0,0,0,0,0,0,0,0,0,0,0,0,0,0,0,0,0,0,0,0,0,0,0,0,0,0,0,0,0,post,0,0,0,0,,,,0,0,0,0,0,0,0,0,0,0,none,k0p0,,,,,0,,,1,1,0,,,,,,,,,,,,,,,,,
P02470,K23,Not Allowed,2021,NHLBI,post_policy,1,0,0,0,0,0,0,0,0,0,0,0,0,0,0,0,0,0,0,0,0,0,0,0,0,0,0,0,0,0,0,0,0,0,0,post,0,0,0,0,,,,0,0,0,0,0,0,0,0,0,0,none,k0p0,,,,,0,,,1,1,0,,,,,,,,,,,,,,,,,
P02471,K23,Not Allowed,2019,NIAMS,post_policy,1,0,1,1,1,1,1,1,0,0,0,1,1,1,1,1,0,0,1,1,0,0,0,0,0,1,1,1,1,1,1,1,1,0,1,post,0,0,0,1,1,0,1,0,0,0,0,1,0,1,1,1,0,new_trial,k0p1,,,,,0,,,1,1,0,,,,,,,,,,,,,,,,,
P02472,K08,Required,2020,NCI,post_policy,1,1,1,1,0,0,0,0,0,0,0,1,0,0,1,1,0,0,1,0,1,0,0,0,0,0,0,0,0,0,0,0,0,0,0,post,0,0,0,0,,,,0,0,0,0,1,0,1,1,1,0,new_trial,k0p1,,,,,0,,,1,1,0,,,,,,,,,,,,,,,,,
P02473,K23,Not Allowed,2019,NHLBI,post_policy,1,0,0,0,0,0,0,0,0,0,0,0,0,0,0,0,0,0,0,0,0,0,0,0,0,0,0,0,0,0,0,0,1,0,0,post,0,0,0,1,0,0,0,0,0,0,0,0,0,0,0,0,0,none,k0p0,,,,,0,,,1,1,0,,,,,,,,,,,,,,,,,
P02474,K23,Not Allowed,2021,NINDS,post_policy,1,0,0,0,0,0,0,0,0,0,0,0,0,0,0,0,0,0,0,0,0,0,0,0,0,0,0,0,0,0,0,0,0,0,0,post,0,0,0,0,,,,0,0,0,0,0,0,0,0,0,0,none,k0p0,,,,,0,,,1,1,0,,,,,,,,,,,,,,,,,
P02475,K23,Not Allowed,2019,NIMH,post_policy,1,0,0,0,0,0,0,1,0,0,0,0,0,0,0,0,0,0,0,0,0,0,0,0,0,1,1,1,1,1,1,1,1,0,0,post,0,0,0,1,1,1,1,0,0,0,0,0,0,0,0,1,0,none,k0p0,,,,,0,,,1,1,0,,,,,,,,,,,,,,,,,
P02476,K23,Not Allowed,2021,NEI,post_policy,1,0,0,0,0,0,0,1,0,0,0,0,0,0,0,0,0,0,0,0,0,0,0,0,0,1,1,1,1,1,1,1,0,0,0,post,0,0,0,0,,,,0,0,0,0,0,0,0,0,0,0,none,k0p0,,,,,0,,,1,1,0,,,,,,,,,,,,,,,,,
P02477,K08,Not Allowed,2021,NIAID,post_policy,1,0,1,1,0,1,0,0,0,0,0,0,0,0,1,0,0,0,1,0,0,0,0,0,0,0,0,0,0,0,0,0,0,0,0,post,0,0,0,0,,,,0,0,0,0,1,0,1,1,1,0,new_trial,k0p1,,,,,0,,,1,1,0,,,,,,,,,,,,,,,,,
P02478,K23,Required,2019,NHLBI,post_policy,1,0,0,0,0,0,1,0,0,0,0,0,0,0,0,0,0,0,0,0,0,0,0,0,0,0,0,0,0,0,0,0,1,0,1,post,0,0,0,1,0,0,0,0,0,0,0,0,0,0,0,0,0,none,k0p0,,,,,0,,,1,1,0,,,,,,,,,,,,,,,,,
P02479,K08,Not Allowed,2021,NCI,post_policy,1,0,0,0,0,0,0,0,0,0,0,0,0,0,0,0,0,0,0,0,0,0,0,0,0,0,0,0,0,0,0,0,0,0,0,post,0,0,0,0,,,,0,0,0,0,0,0,0,0,0,0,none,k0p0,,,,,0,,,1,1,0,,,,,,,,,,,,,,,,,
P02480,K23,Not Allowed,2019,NIDDK,post_policy,1,0,0,0,0,0,0,0,0,0,0,0,0,0,0,0,0,0,0,0,0,0,0,0,0,0,0,0,0,0,0,0,1,0,0,post,0,0,0,1,1,1,1,0,0,0,0,0,0,0,0,1,0,none,k0p0,,,,,0,,,1,1,0,,,,,,,,,,,,,,,,,
P02481,K23,Not Allowed,2019,NIDDK,post_policy,1,0,0,0,0,0,0,0,0,0,0,0,0,0,0,0,0,0,0,0,0,0,0,0,0,0,0,0,0,0,0,0,1,0,0,post,0,0,0,1,1,1,1,0,0,0,0,0,0,0,0,1,0,none,k0p0,,,,,0,,,1,1,0,,,,,,,,,,,,,,,,,
P02482,K08,Not Allowed,2019,NIAID,post_policy,1,0,0,0,0,0,0,0,0,0,0,0,0,0,0,0,0,0,0,0,0,0,0,0,0,0,0,0,0,0,0,0,1,0,0,post,0,0,0,1,0,0,0,0,0,0,0,0,0,0,0,0,0,none,k0p0,,,,,0,,,1,1,0,,,,,,,,,,,,,,,,,
P02483,K23,Required,2020,NIMHD,post_policy,1,1,1,1,0,1,0,1,1,1,0,0,1,0,1,1,0,1,1,0,1,1,1,1,0,1,1,1,1,1,1,1,0,0,0,post,0,0,0,0,,,,1,0,0,1,1,1,1,1,1,0,new_trial,k1p1,,,,,0,,,1,1,1,1,1,0,0,0,1,0,0,1,0,1,1,0,0,0,0,0
P02484,K23,Not Allowed,2021,NIDDK,post_policy,1,0,0,0,0,0,0,0,0,0,0,0,0,0,0,0,0,0,0,0,0,0,0,0,0,0,0,0,0,0,0,0,0,0,0,post,0,0,0,0,,,,0,0,0,0,0,0,0,0,0,0,none,k0p0,,,,,0,,,1,1,0,,,,,,,,,,,,,,,,,
P02485,K23,Required,2019,NIMHD,post_policy,1,1,0,1,0,0,0,0,0,1,0,0,0,0,0,0,0,1,0,0,0,0,1,1,0,0,0,0,0,0,0,0,1,0,0,post,1,1,1,1,0,0,0,1,0,0,1,0,1,0,0,0,1,ktrial_only,k1p0,k1p0,k1p0,k1p0,k1p0,0,,,1,1,1,1,1,0,0,0,1,0,0,1,0,1,1,1,0,1,0,0
P02486,K23,Not Allowed,2021,NICHD,post_policy,1,0,0,0,0,0,0,0,0,0,0,0,0,0,0,0,0,0,0,0,0,0,0,0,0,0,0,0,0,0,0,0,0,0,0,post,0,0,0,0,,,,0,0,0,0,0,0,0,0,0,1,none,k0p0,k0p0,k0p0,k0p0,k0p0,0,,,1,1,0,,,,,,,,,,,,,,,,,
P02487,K23,Not Allowed,2019,NINDS,post_policy,1,0,0,0,0,0,0,0,0,0,0,0,0,0,0,0,0,0,0,0,0,0,0,0,0,0,0,0,0,0,0,0,0,0,0,post,0,0,0,0,,,,0,0,0,0,0,0,0,0,0,0,none,k0p0,,,,,0,,,1,1,0,,,,,,,,,,,,,,,,,
P02488,K08,Not Allowed,2020,NINDS,post_policy,1,0,0,0,0,0,0,0,0,0,0,0,0,0,0,0,0,0,0,0,0,0,0,0,0,0,0,0,0,0,0,0,0,0,0,post,0,0,0,0,,,,0,0,0,0,0,0,0,0,0,0,none,k0p0,,,,,0,,,1,1,0,,,,,,,,,,,,,,,,,
P02489,K23,Not Allowed,2018,NICHD,post_policy,1,1,0,1,0,0,0,0,0,1,0,0,0,0,0,0,0,1,0,0,0,0,1,1,0,0,0,0,0,0,0,0,1,0,0,post,1,1,0,1,1,1,0,1,0,0,1,0,0,0,0,0,1,ktrial_only,k1p0,k1p0,k1p0,k1p0,k1p0,0,,,1,1,1,1,0,1,0,0,1,0,0,0,1,1,1,1,0,1,1,1
P02490,K08,Not Allowed,2021,NIAID,post_policy,1,0,0,0,0,0,0,0,0,0,0,0,0,0,0,0,0,0,0,0,0,0,0,0,0,0,0,0,0,0,0,0,0,0,0,post,0,0,0,0,,,,0,0,0,0,0,0,0,0,0,0,none,k0p0,,,,,0,,,1,1,0,,,,,,,,,,,,,,,,,
P02491,K08,Not Allowed,2019,NICHD,post_policy,1,0,0,0,0,0,0,1,0,0,0,0,0,0,0,0,0,0,0,0,0,0,0,0,0,1,1,1,1,1,1,1,1,0,0,post,0,0,0,1,0,0,0,0,0,0,0,0,0,0,0,0,0,none,k0p0,,,,,0,,,1,1,0,,,,,,,,,,,,,,,,,
P02492,K23,Not Allowed,2019,NEI,post_policy,1,0,0,0,0,0,0,1,0,0,0,0,0,0,0,0,0,0,0,0,0,0,0,0,0,1,1,1,1,1,1,1,1,0,0,post,0,0,0,1,0,0,0,0,0,0,0,0,0,0,0,0,0,none,k0p0,,,,,0,,,1,1,0,,,,,,,,,,,,,,,,,
P02493,K08,Not Allowed,2020,NIMH,post_policy,1,0,0,0,0,0,0,0,0,0,0,0,0,0,0,0,0,0,0,0,0,0,0,0,0,0,1,0,0,1,0,0,0,0,0,post,0,0,0,0,,,,0,0,0,0,0,0,0,0,0,0,none,k0p0,,,,,0,,,1,1,0,,,,,,,,,,,,,,,,,
P02494,K23,Required,2021,NIDDK,post_policy,1,1,1,1,0,1,1,0,0,0,0,0,1,0,1,1,0,0,1,0,0,0,0,0,0,0,0,0,0,0,0,0,0,0,1,post,0,0,0,0,,,,0,0,0,0,1,0,1,1,1,0,new_trial,k0p1,,,,,0,,,1,1,1,0,0,0,0,0,0,0,0,0,0,0,0,0,0,0,0,0
P02495,K08,Not Allowed,2020,NEI,post_policy,1,0,0,0,0,0,0,0,0,0,0,0,0,0,0,0,0,0,0,0,0,0,0,0,0,0,1,0,0,1,0,0,0,0,0,post,0,0,0,0,,,,0,0,0,0,0,0,0,0,0,0,none,k0p0,,,,,0,,,1,1,0,,,,,,,,,,,,,,,,,
P02496,K23,Required,2021,NIA,post_policy,1,1,0,1,0,0,1,1,0,1,0,0,0,0,0,0,0,1,0,0,0,0,1,1,0,1,1,1,1,1,1,1,0,0,1,post,0,0,0,0,,,,1,0,0,1,0,1,0,0,0,1,ktrial_only,k1p0,k1p0,k1p0,k1p0,k1p0,0,,,1,1,1,1,1,0,0,0,1,0,0,1,0,1,1,1,0,0,0,0
P02497,K08,Not Allowed,2020,NIDDK,post_policy,1,0,0,0,0,0,0,1,0,0,0,0,0,0,0,0,0,0,0,0,0,0,0,0,0,1,1,1,1,1,1,1,0,0,0,post,0,0,0,0,,,,0,0,0,0,0,0,0,0,0,0,none,k0p0,,,,,0,,,1,1,0,,,,,,,,,,,,,,,,,
P02498,K23,Required,2021,NIAAA,post_policy,1,1,0,0,0,0,0,0,0,0,0,0,0,0,0,0,0,0,0,0,0,0,0,0,0,0,0,0,0,0,0,0,0,1,0,post,0,0,0,0,,,,0,0,0,0,0,0,0,0,0,0,none,k0p0,,,,,0,,,1,1,0,,,,,,,,,,,,,,,,,
P02499,K08,Not Allowed,2018,NHLBI,post_policy,1,0,1,1,0,1,0,1,0,0,0,0,1,1,1,0,0,0,1,0,1,1,0,0,0,1,1,1,1,1,1,1,1,0,0,post,0,0,0,1,1,0,1,0,0,0,0,1,0,1,1,1,0,new_trial,k0p1,,,,,0,,,1,1,0,,,,,,,,,,,,,,,,,
P02500,K23,Required,2020,NIDDK,post_policy,1,1,0,1,0,0,0,1,0,1,0,0,0,0,0,0,0,1,0,0,0,0,1,1,0,1,1,1,1,1,1,1,0,0,0,post,1,1,1,0,,,,1,0,0,1,0,0,0,0,0,0,ktrial_only,k1p0,,,,,0,,,1,1,1,1,0,0,0,1,0,0,1,1,0,1,1,1,0,1,0,0
P02501,K08,Not Allowed,2021,NIAID,post_policy,1,0,0,0,0,0,0,1,0,0,0,0,0,0,0,0,0,0,0,0,0,0,0,0,0,1,1,1,1,1,1,1,0,0,0,post,0,0,0,0,,,,0,0,0,0,0,0,0,0,0,0,none,k0p0,,,,,0,,,1,1,0,,,,,,,,,,,,,,,,,
P02502,K08,Not Allowed,2021,NHLBI,post_policy,1,0,0,0,0,0,0,1,0,0,0,0,0,0,0,0,0,0,0,0,0,0,0,0,0,1,1,1,1,1,1,1,0,0,0,post,0,0,0,0,,,,0,0,0,0,0,0,0,0,0,0,none,k0p0,,,,,0,,,1,1,0,,,,,,,,,,,,,,,,,
P02503,K23,Required,2020,NIDA,post_policy,1,1,0,0,0,0,0,0,0,0,0,0,0,0,0,0,0,0,0,0,0,0,0,0,0,0,1,0,0,1,0,0,0,1,0,post,0,0,0,0,,,,0,0,0,0,0,0,0,0,0,0,none,k0p0,,,,,0,,,1,1,0,,,,,,,,,,,,,,,,,
P02504,K08,Not Allowed,2021,NIAID,post_policy,1,0,0,0,0,0,0,0,0,0,0,0,0,0,0,0,0,0,0,0,0,0,0,0,0,0,0,0,0,0,0,0,0,0,0,post,0,0,0,0,,,,0,0,0,0,0,0,0,0,0,0,none,k0p0,,,,,0,,,1,1,0,,,,,,,,,,,,,,,,,
P02505,K23,Required,2021,NIDDK,post_policy,1,0,1,1,0,1,1,0,0,0,0,0,0,0,1,0,0,0,1,0,0,0,1,0,0,0,0,0,0,0,0,0,0,0,1,post,0,0,0,0,,,,0,0,0,0,1,0,1,1,1,0,new_trial,k0p1,,,,,0,,,1,1,0,,,,,,,,,,,,,,,,,
P02506,K08,Not Allowed,2019,NHLBI,post_policy,1,0,0,0,0,0,0,0,0,0,0,0,0,0,0,0,0,0,0,0,0,0,0,0,0,0,0,0,0,0,0,0,1,0,0,post,0,0,0,1,0,0,0,0,0,0,0,0,0,0,0,0,0,none,k0p0,,,,,0,,,1,1,0,,,,,,,,,,,,,,,,,
P02507,K23,Not Allowed,2020,NHLBI,post_policy,1,1,1,1,0,1,0,0,0,0,0,0,1,1,1,0,0,0,1,1,1,1,0,0,0,0,0,0,0,0,0,0,0,0,0,post,0,0,0,0,,,,0,0,0,0,1,0,1,1,1,0,new_trial,k0p1,,,,,0,,,1,1,1,0,0,0,0,0,0,0,0,0,0,0,0,0,0,0,0,0
P02508,K23,Not Allowed,2020,NIAMS,post_policy,1,0,0,0,0,0,0,0,0,0,0,0,0,0,0,0,0,0,0,0,0,0,0,0,0,0,0,0,0,0,0,0,0,0,0,post,0,0,0,0,,,,0,0,0,0,0,0,0,0,0,0,none,k0p0,,,,,0,,,1,1,0,,,,,,,,,,,,,,,,,
P02509,K23,Not Allowed,2021,NHLBI,post_policy,1,0,0,0,0,0,0,1,0,0,0,0,0,0,0,0,0,0,0,0,0,0,0,0,0,1,1,1,1,1,1,1,0,0,0,post,0,0,0,0,,,,0,0,0,0,0,0,0,0,0,0,none,k0p0,,,,,0,,,1,1,0,,,,,,,,,,,,,,,,,
P02510,K08,Not Allowed,2021,NHLBI,post_policy,1,0,0,0,0,0,0,0,0,0,0,0,0,0,0,0,0,0,0,0,0,0,0,0,0,0,0,0,0,0,0,0,0,0,0,post,0,0,0,0,,,,0,0,0,0,0,0,0,0,0,0,none,k0p0,,,,,0,,,1,1,0,,,,,,,,,,,,,,,,,
P02511,K08,Not Allowed,2021,NINDS,post_policy,1,0,0,0,0,0,0,0,0,0,0,0,0,0,0,0,0,0,0,0,0,0,0,0,0,0,0,0,0,0,0,0,0,0,0,post,0,0,0,0,,,,0,0,0,0,0,0,0,0,0,0,none,k0p0,,,,,0,,,1,1,0,,,,,,,,,,,,,,,,,
P02512,K08,Not Allowed,2020,NIAID,post_policy,1,0,0,0,0,0,1,0,0,0,0,0,0,0,0,0,0,0,0,0,0,0,0,0,0,0,0,0,0,0,0,0,0,0,1,post,0,0,0,0,,,,0,0,0,0,0,0,0,0,0,0,none,k0p0,,,,,0,,,1,1,0,,,,,,,,,,,,,,,,,
P02513,K08,Not Allowed,2020,NCI,post_policy,1,0,0,0,0,0,0,1,0,0,0,0,0,0,0,0,0,0,0,0,0,0,0,0,0,1,1,1,1,1,1,1,0,0,0,post,0,0,0,0,,,,0,0,0,0,0,0,0,0,0,0,none,k0p0,,,,,0,,,1,1,0,,,,,,,,,,,,,,,,,
P02514,K08,Not Allowed,2018,NHLBI,post_policy,1,0,0,0,0,0,0,1,0,0,0,0,0,0,0,0,0,0,0,0,0,0,0,0,0,1,1,1,1,1,1,1,1,0,0,post,0,0,0,1,0,0,0,0,0,0,0,0,0,0,0,0,0,none,k0p0,,,,,0,,,1,1,0,,,,,,,,,,,,,,,,,
P02515,K08,Not Allowed,2020,NIAID,post_policy,1,0,0,0,0,0,0,0,0,0,0,0,0,0,0,0,0,0,0,0,0,0,0,0,0,0,0,0,0,0,0,0,0,0,0,post,0,0,0,0,,,,0,0,0,0,0,0,0,0,0,0,none,k0p0,,,,,0,,,1,1,0,,,,,,,,,,,,,,,,,
P02516,K23,Required,2020,NICHD,post_policy,1,1,1,1,0,0,0,1,0,1,0,1,0,0,1,1,0,1,1,0,1,1,1,1,0,1,1,1,1,1,1,1,0,0,0,post,1,0,0,0,,,,1,0,0,1,1,1,1,1,1,0,new_trial,k1p1,,,,,0,,,1,1,1,1,1,0,0,0,1,0,0,1,0,1,1,1,0,0,1,1
P02517,K08,Not Allowed,2021,NHLBI,post_policy,1,0,0,0,0,0,0,1,0,0,0,0,0,0,0,0,0,0,0,0,0,0,0,0,0,1,1,1,1,1,1,1,0,0,0,post,0,0,0,0,,,,0,0,0,0,0,0,0,0,0,0,none,k0p0,,,,,0,,,1,1,0,,,,,,,,,,,,,,,,,
P02518,K23,Required,2018,NIDDK,post_policy,1,1,1,1,0,1,0,1,0,1,0,0,0,0,1,0,0,1,1,0,0,0,1,0,1,1,1,1,1,1,1,1,1,0,0,post,0,0,0,1,1,0,1,0,0,1,1,1,0,0,1,1,1,new_trial,k1p1,k1p0,k1p0,k1p0,k1p0,0,,,1,1,1,1,0,1,0,0,1,0,0,0,0,1,0,0,0,0,0,0
P02519,K23,Not Allowed,2021,NIAID,post_policy,1,0,0,0,0,0,0,0,0,0,0,0,0,0,0,0,0,0,0,0,0,0,0,0,0,0,0,0,0,0,0,0,0,0,0,post,0,0,0,0,,,,0,0,0,0,0,0,0,0,0,0,none,k0p0,,,,,0,,,1,1,0,,,,,,,,,,,,,,,,,
P02520,K23,Not Allowed,2021,NINR,post_policy,1,0,0,0,0,0,0,0,0,0,0,0,0,0,0,0,0,0,0,0,0,0,0,0,0,0,0,0,0,0,0,0,0,0,0,post,0,0,0,0,,,,0,0,0,0,0,0,0,0,0,0,none,k0p0,,,,,0,,,1,1,0,,,,,,,,,,,,,,,,,
P02521,K23,Not Allowed,2019,NIDDK,post_policy,1,0,0,0,0,0,0,0,0,0,0,0,0,0,0,0,0,0,0,0,0,0,0,0,0,0,0,0,0,0,0,0,1,0,0,post,0,0,0,1,0,0,0,0,0,0,0,0,0,0,0,0,0,none,k0p0,,,,,0,,,1,1,0,,,,,,,,,,,,,,,,,
P02522,K08,Not Allowed,2019,NCI,post_policy,1,0,0,0,0,0,0,0,0,0,0,0,0,0,0,0,0,0,0,0,0,0,0,0,0,0,0,0,0,0,0,0,1,0,0,post,0,0,0,1,1,1,1,0,0,0,0,0,0,0,0,1,0,none,k0p0,,,,,0,,,1,1,0,,,,,,,,,,,,,,,,,
P02523,K23,Required,2018,NIMHD,post_policy,1,1,1,1,0,1,1,0,0,1,0,1,1,0,1,1,0,1,1,0,0,0,1,1,1,0,1,0,0,1,0,0,1,0,1,post,1,1,0,1,1,0,1,1,0,1,1,1,1,1,1,1,0,new_trial,k1p1,,,,,1,1,1,1,1,1,1,1,1,0,0,1,0,0,1,0,1,1,1,0,1,1,1
P02524,K23,Not Allowed,2021,NIAID,post_policy,1,0,0,0,0,0,0,0,0,0,0,0,0,0,0,0,0,0,0,0,0,0,0,0,0,0,0,0,0,1,0,0,0,0,0,post,0,0,0,0,,,,0,0,0,0,0,0,0,0,0,0,none,k0p0,,,,,0,,,1,1,0,,,,,,,,,,,,,,,,,
P02525,K08,Not Allowed,2019,NINDS,post_policy,1,0,0,0,0,0,0,0,0,0,0,0,0,0,0,0,0,0,0,0,0,0,0,0,0,0,0,0,0,0,0,0,1,0,0,post,0,0,0,1,0,0,0,0,0,0,0,0,0,0,0,0,0,none,k0p0,,,,,0,,,1,1,0,,,,,,,,,,,,,,,,,
P02526,K23,Required,2020,NCCIH,post_policy,1,1,1,1,0,1,0,0,0,1,0,1,1,0,1,0,0,1,1,0,0,0,1,1,0,0,1,0,0,1,0,0,0,0,0,post,1,1,1,0,,,,1,0,0,1,1,1,0,1,1,0,new_trial,k1p1,,,,,0,,,1,1,1,1,0,1,0,0,1,0,0,0,1,1,1,1,0,1,0,0
P02527,K23,Required,2021,NIAMS,post_policy,1,1,0,1,0,0,0,0,0,1,0,0,0,0,0,0,0,1,0,0,0,0,1,1,0,0,0,0,0,0,0,0,0,0,0,post,0,0,0,0,,,,1,0,0,1,0,1,0,0,0,0,ktrial_only,k1p0,,,,,0,,,1,1,1,1,1,0,0,0,1,0,0,1,0,1,1,1,0,1,0,0
P02528,K23,Not Allowed,2021,NIGMS,post_policy,1,0,0,0,0,0,0,0,0,0,0,0,0,0,0,0,0,0,0,0,0,0,0,0,0,0,0,0,0,0,0,0,0,0,0,post,0,0,0,0,,,,0,0,0,0,0,0,0,0,0,0,none,k0p0,,,,,0,,,1,1,0,,,,,,,,,,,,,,,,,
P02529,K08,Not Allowed,2020,NHGRI,post_policy,1,0,0,0,0,0,0,0,0,0,0,0,0,0,0,0,0,0,0,0,0,0,0,0,0,0,0,0,0,0,0,0,0,0,0,post,0,0,0,0,,,,0,0,0,0,0,0,0,0,0,0,none,k0p0,,,,,0,,,1,1,0,,,,,,,,,,,,,,,,,
P02530,K23,Required,2021,NIDA,post_policy,1,1,0,0,0,0,0,0,0,0,0,0,0,0,0,0,0,0,0,0,0,0,0,0,0,0,0,0,0,0,0,0,0,0,0,post,0,0,0,0,,,,0,0,0,0,0,0,0,0,0,1,none,k0p0,k0p0,k0p0,k0p0,k0p0,0,,,1,1,1,0,0,0,0,0,0,0,0,0,0,0,0,0,0,0,0,0
P02531,K23,Not Allowed,2021,NIDA,post_policy,1,1,0,1,0,0,0,0,0,1,0,0,0,0,0,0,0,1,0,0,0,0,1,1,0,0,0,0,0,0,0,0,0,0,0,post,0,0,0,0,,,,1,0,0,1,0,1,0,0,0,1,ktrial_only,k1p0,k1p0,k1p0,k1p0,k1p0,0,,,1,1,1,1,1,0,0,0,1,0,0,1,0,1,0,0,0,0,1,1
P02532,K23,Required,2019,NHLBI,post_policy,1,1,0,0,0,0,0,1,0,0,0,0,0,0,0,0,0,0,0,0,0,0,0,0,0,1,1,1,1,1,1,1,1,0,0,post,0,0,0,1,0,0,0,0,0,0,0,0,0,0,0,0,0,none,k0p0,,,,,0,,,1,1,1,0,0,0,0,0,0,0,0,0,0,0,0,0,0,0,0,0
P02533,K08,Not Allowed,2021,NHLBI,post_policy,1,0,0,0,0,0,0,0,0,0,0,0,0,0,0,0,0,0,0,0,0,0,0,0,0,0,0,0,0,0,0,0,0,0,0,post,0,0,0,0,,,,0,0,0,0,0,0,0,0,0,0,none,k0p0,,,,,0,,,1,1,0,,,,,,,,,,,,,,,,,
P02534,K08,Not Allowed,2021,NINDS,post_policy,1,0,0,0,0,0,0,0,0,0,0,0,0,0,0,0,0,0,0,0,0,0,0,0,0,0,0,0,0,0,0,0,0,0,0,post,0,0,0,0,,,,0,0,0,0,0,0,0,0,0,0,none,k0p0,,,,,0,,,1,1,0,,,,,,,,,,,,,,,,,
P02535,K23,Required,2019,NIDDK,post_policy,1,1,0,0,0,0,1,0,0,0,0,0,0,0,0,0,0,0,0,0,0,0,1,0,0,0,0,0,0,0,0,0,1,0,0,post,0,0,0,1,0,0,0,0,0,0,0,0,0,0,0,0,1,none,k0p0,k0p0,k0p0,k0p0,k0p0,0,,,1,1,1,0,0,0,0,0,0,0,0,0,0,0,0,0,0,0,0,0
P02536,K08,Not Allowed,2018,NIDCR,post_policy,1,0,0,0,0,0,0,0,0,0,0,0,0,0,0,0,0,0,0,0,0,0,0,0,0,0,0,0,0,0,0,0,1,0,0,post,0,0,0,1,0,0,0,0,0,0,0,0,0,0,0,0,0,none,k0p0,,,,,0,,,1,1,0,,,,,,,,,,,,,,,,,
P02537,K23,Not Allowed,2019,NIAID,post_policy,1,0,0,0,0,0,0,0,0,0,0,0,0,0,0,0,0,0,0,0,0,0,0,0,0,0,0,0,0,0,0,0,1,0,0,post,0,0,0,1,0,0,0,0,0,0,0,0,0,0,0,0,0,none,k0p0,,,,,0,,,1,1,0,,,,,,,,,,,,,,,,,
P02538,K08,Required,2021,NCI,post_policy,1,1,0,1,0,0,1,0,0,1,0,0,0,0,0,0,0,1,0,0,0,0,1,0,1,0,1,0,0,1,0,0,0,0,1,post,0,0,0,0,,,,0,0,1,1,0,1,0,0,0,0,ktrial_only,k1p0,,,,,0,,,1,1,0,,,,,,,,,,,,,,,,,
P02539,K23,Required,2020,NIDA,post_policy,1,1,0,1,0,0,0,0,0,1,0,0,0,0,0,0,0,1,0,0,0,0,1,1,0,0,0,0,0,0,0,0,0,0,0,post,0,0,0,0,,,,1,0,0,1,0,1,0,0,0,1,ktrial_only,k1p0,k1p0,k1p0,k1p0,k1p0,0,,,1,1,1,1,1,0,0,0,1,0,0,1,0,1,1,0,0,0,0,0
P02540,K23,Not Allowed,2021,NICHD,post_policy,1,0,0,0,0,0,0,0,0,0,0,0,0,0,0,0,0,0,0,0,0,0,0,0,0,0,0,0,0,0,0,0,0,0,0,post,0,0,0,0,,,,0,0,0,0,0,0,0,0,0,0,none,k0p0,,,,,0,,,1,1,0,,,,,,,,,,,,,,,,,
P02541,K23,Not Allowed,2021,NIAID,post_policy,1,0,0,0,0,0,0,0,0,0,0,0,0,0,0,0,0,0,0,0,0,0,0,0,0,0,0,0,0,0,0,0,0,0,0,post,0,0,0,0,,,,0,0,0,0,0,0,0,0,0,0,none,k0p0,,,,,0,,,1,1,0,,,,,,,,,,,,,,,,,
P02542,K08,Not Allowed,2021,NHLBI,post_policy,1,0,0,0,0,0,0,0,0,0,0,0,0,0,0,0,0,0,0,0,0,0,0,0,0,0,0,0,0,0,0,0,0,0,0,post,0,0,0,0,,,,0,0,0,0,0,0,0,0,0,0,none,k0p0,,,,,0,,,1,1,0,,,,,,,,,,,,,,,,,
P02543,K23,Not Allowed,2020,NHLBI,post_policy,1,0,0,0,0,0,0,0,0,0,0,0,0,0,0,0,0,0,0,0,0,0,0,0,0,0,0,0,0,0,0,0,0,0,0,post,0,0,0,0,,,,0,0,0,0,0,0,0,0,0,0,none,k0p0,,,,,0,,,1,1,0,,,,,,,,,,,,,,,,,
P02544,K08,Not Allowed,2020,NEI,post_policy,1,0,0,0,0,0,0,0,0,0,0,0,0,0,0,0,0,0,0,0,0,0,0,0,0,0,1,0,0,1,0,0,0,0,0,post,0,0,0,0,,,,0,0,0,0,0,0,0,0,0,0,none,k0p0,,,,,0,,,1,1,0,,,,,,,,,,,,,,,,,
P02545,K08,Not Allowed,2019,NHLBI,post_policy,1,0,0,0,0,0,0,1,0,0,0,0,0,0,0,0,0,0,0,0,0,0,0,0,0,1,1,1,1,1,1,1,1,0,0,post,0,0,0,1,0,0,0,0,0,0,0,0,0,0,0,0,0,none,k0p0,,,,,0,,,1,1,0,,,,,,,,,,,,,,,,,
P02546,K23,Not Allowed,2021,NIA,post_policy,1,0,0,0,0,0,0,0,0,0,0,0,0,0,0,0,0,0,0,0,0,0,0,0,0,0,0,0,0,0,0,0,0,0,0,post,0,0,0,0,,,,0,0,0,0,0,0,0,0,0,0,none,k0p0,,,,,0,,,1,1,0,,,,,,,,,,,,,,,,,
P02547,K08,Not Allowed,2020,NIAID,post_policy,1,0,0,0,0,0,0,0,0,0,0,0,0,0,0,0,0,0,0,0,0,0,0,0,0,0,0,0,0,0,0,0,0,0,0,post,0,0,0,0,,,,0,0,0,0,0,0,0,0,0,0,none,k0p0,,,,,0,,,1,1,0,,,,,,,,,,,,,,,,,
P02548,K23,Not Allowed,2019,NICHD,post_policy,1,0,0,0,0,0,1,0,0,0,0,0,0,0,0,0,0,0,0,0,0,0,0,0,0,0,0,0,0,0,0,0,1,0,1,post,0,0,0,1,1,1,1,0,0,0,0,0,0,0,0,1,0,none,k0p0,,,,,0,,,1,1,0,,,,,,,,,,,,,,,,,
P02549,K08,Required,2021,NIAAA,post_policy,1,1,1,1,0,1,0,1,0,1,0,1,0,0,1,1,0,1,1,0,1,1,1,1,0,1,1,1,1,1,1,1,0,0,0,post,0,0,0,0,,,,1,0,0,1,1,1,1,1,1,0,new_trial,k1p1,,,,,0,,,1,1,0,,,,,,,,,,,,,,,,,
P02550,K23,Not Allowed,2020,NIMH,post_policy,1,0,0,0,0,0,0,0,0,0,0,0,0,0,0,0,0,0,0,0,0,0,0,0,0,0,0,0,0,0,0,0,0,0,0,post,0,0,0,0,,,,0,0,0,0,0,0,0,0,0,0,none,k0p0,,,,,0,,,1,1,0,,,,,,,,,,,,,,,,,
P02551,K23,Not Allowed,2020,NIMH,post_policy,1,0,1,1,1,0,0,0,0,0,0,0,0,0,1,1,0,0,1,0,0,0,0,0,0,0,1,0,0,1,0,0,0,0,0,post,0,0,0,0,,,,0,0,0,0,1,0,1,1,1,1,new_trial,k0p1,k0p0,k0p0,k0p0,k0p0,0,,,1,1,0,,,,,,,,,,,,,,,,,
P02552,K08,Not Allowed,2021,NIA,post_policy,1,0,0,0,0,0,0,0,0,0,0,0,0,0,0,0,0,0,0,0,0,0,0,0,0,0,0,0,0,0,0,0,0,0,0,post,0,0,0,0,,,,0,0,0,0,0,0,0,0,0,0,none,k0p0,,,,,0,,,1,1,0,,,,,,,,,,,,,,,,,
P02553,K08,Not Allowed,2020,NINDS,post_policy,1,0,0,0,0,0,0,0,0,0,0,0,0,0,0,0,0,0,0,0,0,0,0,0,0,0,0,0,0,0,0,0,0,0,0,post,0,0,0,0,,,,0,0,0,0,0,0,0,0,0,0,none,k0p0,,,,,0,,,1,1,0,,,,,,,,,,,,,,,,,
P02554,K08,Not Allowed,2021,NIDDK,post_policy,1,0,0,0,0,0,0,0,0,0,0,0,0,0,0,0,0,0,0,0,0,0,0,0,0,0,0,0,0,0,0,0,0,0,0,post,0,0,0,0,,,,0,0,0,0,0,0,0,0,0,0,none,k0p0,,,,,0,,,1,1,0,,,,,,,,,,,,,,,,,
P02555,K08,Not Allowed,2020,NIA,post_policy,1,0,0,0,0,0,0,1,0,0,0,0,0,0,0,0,0,0,0,0,0,0,0,0,0,1,1,1,1,1,1,1,0,0,0,post,0,0,0,0,,,,0,0,0,0,0,0,0,0,0,0,none,k0p0,,,,,0,,,1,1,0,,,,,,,,,,,,,,,,,
P02556,K08,Not Allowed,2020,NHLBI,post_policy,1,0,0,0,0,0,0,1,0,0,0,0,0,0,0,0,0,0,0,0,0,0,0,0,0,1,1,1,1,1,1,1,0,0,0,post,0,0,0,0,,,,0,0,0,0,0,0,0,0,0,0,none,k0p0,,,,,0,,,1,1,0,,,,,,,,,,,,,,,,,
P02557,K08,Not Allowed,2020,NINDS,post_policy,1,0,0,0,0,0,0,0,0,0,0,0,0,0,0,0,0,0,0,0,0,0,0,0,0,0,0,0,0,0,0,0,0,0,0,post,0,0,0,0,,,,0,0,0,0,0,0,0,0,0,0,none,k0p0,,,,,0,,,1,1,0,,,,,,,,,,,,,,,,,
P02558,K23,Required,2019,NIDA,post_policy,1,1,0,1,0,0,0,0,0,1,0,0,0,0,0,0,0,1,0,0,0,0,1,1,0,0,0,0,0,0,0,0,1,0,0,post,0,0,0,1,0,0,0,1,0,0,1,0,0,0,0,0,0,ktrial_only,k1p0,,,,,0,,,1,1,1,1,1,0,0,0,1,0,0,1,0,1,0,0,1,1,0,0
P02559,K23,Required,2021,NIDDK,post_policy,1,0,0,1,0,0,0,0,0,1,0,0,0,0,0,0,0,1,0,0,0,0,1,0,1,0,0,0,0,0,0,0,0,0,0,post,1,0,0,0,,,,0,0,1,1,0,1,0,0,0,0,ktrial_only,k1p0,,,,,0,,,1,1,0,,,,,,,,,,,,,,,,,
P02560,K08,Required,2021,NIMH,post_policy,1,1,0,0,0,0,0,0,0,0,0,0,0,0,0,0,0,0,0,0,0,0,0,0,0,0,1,0,0,1,0,0,0,0,0,post,0,0,0,0,,,,0,0,0,0,0,0,0,0,0,0,none,k0p0,,,,,0,,,1,1,0,,,,,,,,,,,,,,,,,
P02561,K08,Not Allowed,2021,NIAID,post_policy,1,0,0,0,0,0,0,0,0,0,0,0,0,0,0,0,0,0,0,0,0,0,0,0,0,0,0,0,0,0,0,0,0,0,0,post,0,0,0,0,,,,0,0,0,0,0,0,0,0,0,0,none,k0p0,,,,,0,,,1,1,0,,,,,,,,,,,,,,,,,
P02562,K23,Required,2021,NIAAA,post_policy,1,1,0,0,0,0,1,0,0,0,0,0,0,0,0,0,0,0,0,0,0,0,1,0,0,0,0,0,0,0,0,0,0,0,0,post,0,0,0,0,,,,0,0,0,0,0,0,0,0,0,0,none,k0p0,,,,,0,,,1,1,1,0,0,0,0,0,0,0,0,0,0,0,0,0,0,0,0,0
P02563,K23,Required,2020,NINR,post_policy,1,1,0,1,0,0,0,0,0,1,0,0,0,0,0,0,0,1,0,0,0,0,1,1,0,0,0,0,0,0,0,0,0,0,0,post,0,0,0,0,,,,1,0,0,1,0,1,0,0,0,0,ktrial_only,k1p0,,,,,0,,,1,1,1,1,1,0,0,0,1,0,0,1,0,1,0,0,0,0,0,0
P02564,K08,Not Allowed,2021,NIMH,post_policy,1,0,0,0,0,0,0,0,0,0,0,0,0,0,0,0,0,0,0,0,0,0,0,0,0,0,0,0,0,0,0,0,0,0,0,post,0,0,0,0,,,,0,0,0,0,0,0,0,0,0,0,none,k0p0,,,,,0,,,1,1,0,,,,,,,,,,,,,,,,,
P02565,K08,Not Allowed,2019,NIBIB,post_policy,1,0,0,0,0,0,0,0,0,0,0,0,0,0,0,0,0,0,0,0,0,0,0,0,0,0,0,0,0,0,0,0,1,0,0,post,0,0,0,1,0,0,0,0,0,0,0,0,0,0,0,0,0,none,k0p0,,,,,0,,,1,1,0,,,,,,,,,,,,,,,,,
P02566,K08,Not Allowed,2020,NHLBI,post_policy,1,0,0,0,0,0,0,0,0,0,0,0,0,0,0,0,0,0,0,0,0,0,0,0,0,0,1,0,0,1,0,0,0,0,0,post,0,0,0,0,,,,0,0,0,0,0,0,0,0,0,0,none,k0p0,,,,,0,,,1,1,0,,,,,,,,,,,,,,,,,
P02567,K23,Required,2020,NIMH,post_policy,1,1,0,1,0,0,0,0,0,1,0,0,0,0,0,0,0,1,0,0,0,0,1,1,0,0,0,0,0,0,0,0,0,0,0,post,0,0,0,0,,,,1,0,0,1,0,0,0,0,0,0,ktrial_only,k1p0,,,,,0,,,1,1,1,1,1,0,0,0,1,0,0,1,0,1,1,1,0,0,0,0
P02568,K08,Not Allowed,2021,NCI,post_policy,1,0,0,0,0,0,0,0,0,0,0,0,0,0,0,0,0,0,0,0,0,0,0,0,0,0,0,0,0,0,0,0,0,0,0,post,0,0,0,0,,,,0,0,0,0,0,0,0,0,0,0,none,k0p0,,,,,0,,,1,1,0,,,,,,,,,,,,,,,,,
P02569,K23,Not Allowed,2020,NINDS,post_policy,1,0,0,0,0,0,0,0,0,0,0,0,0,0,0,0,0,0,0,0,0,0,0,0,0,0,0,0,0,0,0,0,0,0,0,post,0,0,0,0,,,,0,0,0,0,0,0,0,0,0,0,none,k0p0,,,,,0,,,1,1,0,,,,,,,,,,,,,,,,,
P02570,K08,Not Allowed,2021,NIGMS,post_policy,1,0,0,0,0,0,0,0,0,0,0,0,0,0,0,0,0,0,0,0,0,0,0,0,0,0,0,0,0,0,0,0,0,0,0,post,0,0,0,0,,,,0,0,0,0,0,0,0,0,0,0,none,k0p0,,,,,0,,,1,1,0,,,,,,,,,,,,,,,,,
P02571,K23,Required,2019,NICHD,post_policy,1,1,1,1,0,1,0,0,0,1,0,0,0,0,1,0,0,1,1,0,0,0,1,1,0,0,0,0,0,0,0,0,1,0,0,post,0,0,0,1,1,0,1,1,0,0,1,1,1,0,1,1,0,new_trial,k1p1,,,,,0,,,1,1,1,1,0,1,0,0,1,0,0,0,1,1,0,0,1,1,0,0
P02572,K23,Required,2020,NCCIH,post_policy,1,1,0,1,0,0,1,1,0,1,0,0,0,0,0,0,0,1,0,0,0,0,1,1,0,1,1,1,1,1,1,1,0,0,0,post,1,1,1,0,,,,1,0,0,1,0,1,0,0,0,0,ktrial_only,k1p0,,,,,0,,,1,1,1,1,1,0,0,0,1,0,0,1,0,1,1,1,0,1,1,1
P02573,K23,Not Allowed,2019,NIEHS,post_policy,1,0,0,0,0,0,0,0,0,0,0,0,0,0,0,0,0,0,0,0,0,0,0,0,0,0,0,0,0,0,0,0,1,0,0,post,0,0,0,1,0,0,0,0,0,0,0,0,0,0,0,0,0,none,k0p0,,,,,0,,,1,1,0,,,,,,,,,,,,,,,,,
P02574,K08,Not Allowed,2021,NIAMS,post_policy,1,0,0,0,0,0,0,0,0,0,0,0,0,0,0,0,0,0,0,0,0,0,0,0,0,0,0,0,0,1,0,0,0,0,0,post,0,0,0,0,,,,0,0,0,0,0,0,0,0,0,0,none,k0p0,,,,,0,,,1,1,0,,,,,,,,,,,,,,,,,
P02575,K23,Not Allowed,2019,NIAMS,post_policy,1,0,0,0,0,0,0,1,0,0,0,0,0,0,0,0,0,0,0,0,0,0,0,0,0,1,1,1,1,1,1,1,1,0,0,post,0,0,0,1,0,0,0,0,0,0,0,0,0,0,0,0,0,none,k0p0,,,,,0,,,1,1,0,,,,,,,,,,,,,,,,,
P02576,K08,Not Allowed,2019,NCI,post_policy,1,0,0,0,0,0,0,1,0,0,0,0,0,0,0,0,0,0,0,0,0,0,0,0,0,1,1,1,1,1,1,1,1,0,0,post,0,0,0,1,0,0,0,0,0,0,0,0,0,0,0,0,0,none,k0p0,,,,,0,,,1,1,0,,,,,,,,,,,,,,,,,
P02577,K08,Not Allowed,2021,NINDS,post_policy,1,0,0,0,0,0,0,0,0,0,0,0,0,0,0,0,0,0,0,0,0,0,0,0,0,0,0,0,0,0,0,0,0,0,0,post,0,0,0,0,,,,0,0,0,0,0,0,0,0,0,0,none,k0p0,,,,,0,,,1,1,0,,,,,,,,,,,,,,,,,
P02578,K08,Not Allowed,2019,NHLBI,post_policy,1,0,0,0,0,0,0,0,0,0,0,0,0,0,0,0,0,0,0,0,0,0,0,0,0,0,0,0,0,0,0,0,1,0,0,post,0,0,0,1,0,0,0,0,0,0,0,0,0,0,0,0,0,none,k0p0,,,,,0,,,1,1,0,,,,,,,,,,,,,,,,,
P02579,K08,Not Allowed,2019,NIAMS,post_policy,1,0,0,0,0,0,0,0,0,0,0,0,0,0,0,0,0,0,0,0,0,0,0,0,0,0,1,0,0,1,0,0,1,0,0,post,0,0,0,1,0,0,0,0,0,0,0,0,0,0,0,0,0,none,k0p0,,,,,0,,,1,1,0,,,,,,,,,,,,,,,,,
P02580,K23,Required,2021,NIDCR,post_policy,1,1,1,1,0,1,0,0,0,0,0,0,1,1,1,0,0,0,1,1,0,0,0,0,0,0,0,0,0,0,0,0,0,0,0,post,0,0,0,0,,,,0,0,0,0,1,0,1,1,1,0,new_trial,k0p1,,,,,1,1,1,1,1,1,0,0,0,0,0,0,0,0,0,0,0,0,0,0,0,0,0
P02581,K08,Not Allowed,2019,NINDS,post_policy,1,0,0,0,0,0,0,1,0,0,0,0,0,0,0,0,0,0,0,0,0,0,0,0,0,1,1,1,1,1,1,1,1,0,0,post,0,0,0,1,0,0,0,0,0,0,0,0,0,0,0,0,0,none,k0p0,,,,,0,,,1,1,0,,,,,,,,,,,,,,,,,
P02582,K08,Not Allowed,2021,NINDS,post_policy,1,0,0,0,0,0,0,0,0,0,0,0,0,0,0,0,0,0,0,0,0,0,0,0,0,0,0,0,0,0,0,0,0,0,0,post,0,0,0,0,,,,0,0,0,0,0,0,0,0,0,0,none,k0p0,,,,,0,,,1,1,0,,,,,,,,,,,,,,,,,
P02583,K08,Not Allowed,2020,NCI,post_policy,1,0,1,1,1,1,0,0,0,0,0,0,0,0,1,1,0,0,1,0,0,0,0,0,0,0,0,0,0,0,0,0,0,0,0,post,0,0,0,0,,,,0,0,0,0,1,0,1,1,1,0,new_trial,k0p1,,,,,0,,,1,1,0,,,,,,,,,,,,,,,,,
P02584,K23,Required,2020,NIMH,post_policy,1,1,1,1,1,0,1,0,0,1,1,0,0,0,1,1,0,1,1,0,1,1,1,1,0,0,0,1,0,0,0,1,0,0,1,post,1,1,1,0,,,,1,0,0,1,1,0,1,1,1,1,new_trial,k1p1,k1p1,k1p1,k1p1,k1p1,0,,,1,1,1,1,1,0,0,0,1,0,0,1,0,1,1,1,0,1,1,1
P02585,K23,Required,2020,NIDDK,post_policy,1,0,1,1,0,1,0,1,0,0,0,0,1,1,1,0,0,0,1,0,0,0,0,0,0,1,1,1,1,1,1,1,0,0,0,post,0,0,0,0,,,,0,0,0,0,1,0,0,1,1,0,new_trial,k0p1,,,,,0,,,1,1,0,,,,,,,,,,,,,,,,,
P02586,K23,Not Allowed,2021,NHLBI,post_policy,1,0,0,1,0,0,0,1,0,1,1,0,0,0,0,0,0,1,0,0,0,0,1,0,1,1,1,1,1,1,1,1,0,0,0,post,0,0,0,0,,,,0,0,1,1,0,1,0,0,0,0,ktrial_only,k1p0,,,,,0,,,1,1,0,,,,,,,,,,,,,,,,,
P02587,K23,Not Allowed,2021,NINR,post_policy,1,0,1,1,0,0,0,0,0,0,0,0,0,0,1,1,0,0,1,0,0,0,0,0,0,0,0,0,0,0,0,0,0,0,0,post,0,0,0,0,,,,0,0,0,0,1,0,1,1,1,0,new_trial,k0p1,,,,,0,,,1,1,0,,,,,,,,,,,,,,,,,
P02588,K23,Not Allowed,2020,NIA,post_policy,1,0,0,0,0,0,0,0,0,0,0,0,0,0,0,0,0,0,0,0,0,0,0,0,0,0,0,0,0,0,0,0,0,0,0,post,0,0,0,0,,,,0,0,0,0,0,0,0,0,0,0,none,k0p0,,,,,1,0,0,1,1,0,,,,,,,,,,,,,,,,,
P02589,K08,Not Allowed,2021,NEI,post_policy,1,0,0,0,0,0,0,0,0,0,0,0,0,0,0,0,0,0,0,0,0,0,0,0,0,0,0,0,0,0,0,0,0,0,0,post,0,0,0,0,,,,0,0,0,0,0,0,0,0,0,0,none,k0p0,,,,,0,,,1,1,0,,,,,,,,,,,,,,,,,
P02590,K23,Required,2019,NIAAA,post_policy,1,1,1,1,0,1,1,1,1,0,0,0,1,1,1,1,0,0,1,0,1,1,1,0,0,1,1,1,1,1,1,1,1,0,1,post,0,0,0,1,1,0,1,0,0,0,0,1,0,1,1,1,1,new_trial,k0p1,k0p1,k0p1,k1p1,k0p1,0,,,1,1,1,0,0,0,0,0,0,0,0,0,0,0,0,0,0,0,0,0
P02591,K08,Not Allowed,2020,NIDDK,post_policy,1,0,0,0,0,0,0,0,0,0,0,0,0,0,0,0,0,0,0,0,0,0,0,0,0,0,0,0,0,0,0,0,0,0,0,post,0,0,0,0,,,,0,0,0,0,0,0,0,0,0,0,none,k0p0,,,,,0,,,1,1,0,,,,,,,,,,,,,,,,,
P02592,K23,Required,2021,NIMH,post_policy,1,1,0,1,0,0,0,0,0,1,0,0,0,0,0,0,0,1,0,0,0,0,1,1,1,0,0,0,0,0,0,0,0,0,0,post,1,1,1,0,,,,1,0,1,1,0,1,0,0,0,0,ktrial_only,k1p0,,,,,0,,,1,1,1,1,1,1,0,0,1,0,0,1,0,1,1,1,0,1,1,1
P02593,K08,Not Allowed,2021,NHLBI,post_policy,1,0,0,0,0,0,0,1,0,0,0,0,0,0,0,0,0,0,0,0,0,0,0,0,0,1,1,1,1,1,1,1,0,0,0,post,0,0,0,0,,,,0,0,0,0,0,0,0,0,0,0,none,k0p0,,,,,0,,,1,1,0,,,,,,,,,,,,,,,,,
P02594,K23,Required,2021,NIDA,post_policy,1,1,1,1,0,1,0,1,0,1,0,0,0,0,1,1,0,1,1,0,0,0,1,1,0,1,1,1,1,1,1,1,0,0,0,post,0,0,0,0,,,,1,0,0,1,1,1,1,1,1,0,new_trial,k1p1,,,,,0,,,1,1,1,1,1,0,0,0,1,0,0,1,0,1,0,0,0,0,0,0
P02595,K23,Required,2020,NHLBI,post_policy,1,1,0,1,0,0,0,0,0,1,1,0,0,0,0,0,0,1,0,0,0,0,1,1,0,0,0,0,0,0,0,0,0,0,0,post,0,0,0,0,,,,1,0,0,1,0,1,0,0,0,0,ktrial_only,k1p0,,,,,0,,,1,1,1,1,0,1,0,0,1,0,0,0,1,1,0,0,1,1,0,0
P02596,K08,Not Allowed,2019,NIAID,post_policy,1,0,0,0,0,0,0,0,0,0,0,0,0,0,0,0,0,0,0,0,0,0,0,0,0,0,0,0,0,0,0,0,1,0,0,post,0,0,0,1,0,0,0,0,0,0,0,0,0,0,0,0,0,none,k0p0,,,,,0,,,1,1,0,,,,,,,,,,,,,,,,,
P02597,K08,Not Allowed,2021,NIDDK,post_policy,1,0,0,0,0,0,0,0,0,0,0,0,0,0,0,0,0,0,0,0,0,0,0,0,0,0,0,0,0,0,0,0,0,0,0,post,0,0,0,0,,,,0,0,0,0,0,0,0,0,0,0,none,k0p0,,,,,0,,,1,1,0,,,,,,,,,,,,,,,,,
P02598,K08,Not Allowed,2020,NEI,post_policy,1,0,0,0,0,0,0,1,0,0,0,0,0,0,0,0,0,0,0,0,0,0,0,0,0,1,1,1,1,1,1,1,0,0,0,post,0,0,0,0,,,,0,0,0,0,0,0,0,0,0,0,none,k0p0,,,,,0,,,1,1,0,,,,,,,,,,,,,,,,,
P02599,K23,Required,2021,NIDDK,post_policy,1,1,0,1,0,0,0,0,0,1,0,0,0,0,0,0,0,1,0,0,0,0,1,1,0,0,0,0,0,0,0,0,0,0,0,post,0,0,0,0,,,,1,0,0,1,0,1,0,0,0,0,ktrial_only,k1p0,,,,,0,,,1,1,1,1,1,0,0,0,1,0,0,1,0,1,0,0,0,0,0,0
P02600,K23,Required,2021,NIDDK,post_policy,1,1,0,1,0,0,1,1,0,1,0,0,0,0,0,0,0,1,0,0,0,0,1,1,0,1,1,1,1,1,1,1,0,0,1,post,1,1,0,0,,,,1,0,0,1,0,1,0,0,0,0,ktrial_only,k1p0,,,,,0,,,1,1,1,1,1,0,0,0,1,0,0,1,0,1,1,1,0,1,0,0
P02601,K23,Not Allowed,2021,NIAID,post_policy,1,0,1,1,1,1,0,1,0,0,0,0,0,0,1,1,0,0,1,0,0,0,0,0,0,1,1,1,1,1,1,1,0,0,0,post,0,0,0,0,,,,0,0,0,0,1,0,1,1,1,0,new_trial,k0p1,,,,,0,,,1,1,0,,,,,,,,,,,,,,,,,
P02602,K08,Required,2020,NIDA,post_policy,1,1,1,1,1,1,0,0,0,1,0,0,0,0,1,0,0,0,1,0,0,0,1,1,0,0,1,0,0,1,0,0,0,0,0,post,1,0,0,0,,,,1,0,0,1,1,1,1,1,1,0,new_trial,k1p1,,,,,0,,,1,1,0,,,,,,,,,,,,,,,,,
P02603,K08,Not Allowed,2018,NCI,post_policy,1,0,0,0,0,0,0,1,0,0,0,0,0,0,0,0,0,0,0,0,0,0,0,0,0,1,1,1,1,1,1,1,1,0,0,post,0,0,0,1,0,0,0,0,0,0,0,0,0,0,0,0,0,none,k0p0,,,,,0,,,1,1,0,,,,,,,,,,,,,,,,,
P02604,K08,Not Allowed,2020,NINDS,post_policy,1,0,0,0,0,0,0,0,0,0,0,0,0,0,0,0,0,0,0,0,0,0,0,0,0,0,0,0,0,0,0,0,0,0,0,post,0,0,0,0,,,,0,0,0,0,0,0,0,0,0,0,none,k0p0,,,,,0,,,1,1,0,,,,,,,,,,,,,,,,,
P02605,K08,Not Allowed,2021,NIDCD,post_policy,1,0,0,0,0,0,0,0,0,0,0,0,0,0,0,0,0,0,0,0,0,0,0,0,0,0,0,0,0,0,0,0,0,0,0,post,0,0,0,0,,,,0,0,0,0,0,0,0,0,0,0,none,k0p0,,,,,0,,,1,1,0,,,,,,,,,,,,,,,,,
P02606,K23,Required,2020,NIDA,post_policy,1,1,0,0,0,0,0,0,0,0,0,0,0,0,0,0,0,0,0,0,0,0,0,0,0,0,0,0,0,0,0,0,0,0,0,post,0,0,0,0,,,,0,0,0,0,0,0,0,0,0,0,none,k0p0,,,,,0,,,1,1,1,0,0,0,0,0,0,0,0,0,0,0,0,0,0,0,0,0
P02607,K23,Required,2020,NIAMS,post_policy,1,1,0,1,0,0,0,1,0,1,0,0,0,0,0,0,0,1,0,0,0,0,1,1,0,1,1,1,1,1,1,1,0,0,0,post,1,1,1,0,,,,1,0,0,1,0,0,0,0,0,0,ktrial_only,k1p0,,,,,0,,,1,1,1,1,1,0,0,0,1,0,0,1,0,1,1,1,0,1,0,0
P02608,K08,Required,2019,NCI,post_policy,1,1,1,1,0,1,1,0,0,1,0,0,1,1,1,1,0,1,1,1,1,1,1,1,0,1,1,1,1,1,1,1,1,0,1,post,1,1,1,1,1,0,1,1,0,0,1,1,0,1,1,1,0,new_trial,k1p1,,,,,0,,,1,1,0,,,,,,,,,,,,,,,,,
P02609,K08,Not Allowed,2020,NIAMS,post_policy,1,0,0,0,0,0,0,1,0,0,0,0,0,0,0,0,0,0,0,0,0,0,0,0,0,1,1,1,1,1,1,1,0,0,0,post,0,0,0,0,,,,0,0,0,0,0,0,0,0,0,0,none,k0p0,,,,,0,,,1,1,0,,,,,,,,,,,,,,,,,
P02610,K23,Not Allowed,2019,NIMH,post_policy,1,0,0,0,0,0,0,0,0,0,0,0,0,0,0,0,0,0,0,0,0,0,0,0,0,0,1,0,0,1,0,0,1,0,0,post,0,0,0,1,0,0,0,0,0,0,0,0,0,0,0,0,0,none,k0p0,,,,,0,,,1,1,0,,,,,,,,,,,,,,,,,
P02611,K08,Not Allowed,2019,NIBIB,post_policy,1,0,1,1,0,1,0,0,0,0,0,0,0,0,1,0,0,0,1,0,0,0,0,0,0,0,0,0,0,0,0,0,1,0,0,post,0,0,0,1,1,0,1,0,0,0,0,1,0,0,1,1,0,new_trial,k0p1,,,,,0,,,1,1,0,,,,,,,,,,,,,,,,,
P02612,K23,Not Allowed,2019,NIMH,post_policy,1,0,0,0,0,0,0,1,0,0,0,0,0,0,0,0,0,0,0,0,0,0,0,0,0,1,1,1,1,1,1,1,1,0,0,post,0,0,0,1,0,0,0,0,0,0,0,0,0,0,0,0,0,none,k0p0,,,,,1,0,0,1,1,0,,,,,,,,,,,,,,,,,
P02613,K23,Not Allowed,2019,NIA,post_policy,1,0,0,0,0,0,0,0,0,0,0,0,0,0,0,0,0,0,0,0,0,0,0,0,0,0,0,0,0,0,0,0,1,0,0,post,0,0,0,1,0,0,0,0,0,0,0,0,0,0,0,0,1,none,k0p0,k0p0,k0p0,k0p0,k0p0,0,,,1,1,0,,,,,,,,,,,,,,,,,
P02614,K23,Required,2020,NICHD,post_policy,1,1,0,0,0,0,0,0,0,0,0,0,0,0,0,0,0,0,0,0,0,0,0,0,0,0,0,0,0,0,0,0,0,0,0,post,0,0,0,0,,,,0,0,0,0,0,0,0,0,0,0,none,k0p0,,,,,0,,,1,1,1,0,0,0,0,0,0,0,0,0,0,0,0,0,0,0,0,0
P02615,K23,Not Allowed,2020,NINR,post_policy,1,0,0,0,0,0,0,0,0,0,0,0,0,0,0,0,0,0,0,0,0,0,0,0,0,0,0,0,0,0,0,0,0,0,0,post,0,0,0,0,,,,0,0,0,0,0,0,0,0,0,0,none,k0p0,,,,,0,,,1,1,0,,,,,,,,,,,,,,,,,
P02616,K08,Not Allowed,2019,NCI,post_policy,1,0,0,0,0,0,0,0,0,0,0,0,0,0,0,0,0,0,0,0,0,0,0,0,0,0,1,0,0,1,0,0,1,0,0,post,0,0,0,1,0,0,0,0,0,0,0,0,0,0,0,0,0,none,k0p0,,,,,0,,,1,1,0,,,,,,,,,,,,,,,,,
P02617,K08,Not Allowed,2019,NEI,post_policy,1,0,1,1,1,1,0,0,0,0,0,0,0,0,1,0,0,0,1,0,0,0,0,0,0,0,0,0,0,0,0,0,1,0,0,post,0,0,0,1,1,0,1,0,0,0,0,1,0,0,1,1,0,new_trial,k0p1,,,,,0,,,1,1,0,,,,,,,,,,,,,,,,,
P02618,K23,Required,2019,NHLBI,post_policy,1,1,0,1,0,0,1,0,0,1,1,0,0,0,0,0,0,1,0,0,0,0,1,0,1,0,0,0,0,0,0,0,1,0,0,post,0,0,0,1,0,0,0,0,0,1,1,0,1,0,0,0,0,ktrial_only,k1p0,,,,,0,,,1,1,1,1,0,0,0,1,0,0,1,0,0,1,0,0,0,0,0,0
P02619,K08,Not Allowed,2021,NIDDK,post_policy,1,0,0,0,0,0,0,0,0,0,0,0,0,0,0,0,0,0,0,0,0,0,0,0,0,0,0,0,0,0,0,0,0,0,0,post,0,0,0,0,,,,0,0,0,0,0,0,0,0,0,0,none,k0p0,,,,,0,,,1,1,0,,,,,,,,,,,,,,,,,
P02620,K08,Not Allowed,2019,NEI,post_policy,1,0,0,0,0,0,0,1,0,0,0,0,0,0,0,0,0,0,0,0,0,0,0,0,0,1,1,1,1,1,1,1,1,0,0,post,0,0,0,1,0,0,0,0,0,0,0,0,0,0,0,0,0,none,k0p0,,,,,0,,,1,1,0,,,,,,,,,,,,,,,,,
P02621,K08,Not Allowed,2018,NINDS,post_policy,1,0,0,0,0,0,0,0,0,0,0,0,0,0,0,0,0,0,0,0,0,0,0,0,0,0,1,0,0,1,0,0,1,0,0,post,0,0,0,1,0,0,0,0,0,0,0,0,0,0,0,0,0,none,k0p0,,,,,0,,,1,1,0,,,,,,,,,,,,,,,,,
P02622,K08,Not Allowed,2019,NCI,post_policy,1,0,0,0,0,0,0,0,0,0,0,0,0,0,0,0,0,0,0,0,0,0,0,0,0,0,0,0,0,0,0,0,1,0,0,post,0,0,0,1,0,0,0,0,0,0,0,0,0,0,0,0,0,none,k0p0,,,,,0,,,1,1,0,,,,,,,,,,,,,,,,,
P02623,K23,Not Allowed,2021,NIA,post_policy,1,0,0,0,0,0,0,0,0,0,0,0,0,0,0,0,0,0,0,0,0,0,0,0,0,0,0,0,0,0,0,0,0,0,0,post,0,0,0,0,,,,0,0,0,0,0,0,0,0,0,0,none,k0p0,,,,,0,,,1,1,0,,,,,,,,,,,,,,,,,
P02624,K23,Not Allowed,2019,NINDS,post_policy,1,0,0,0,0,0,0,0,0,0,0,0,0,0,0,0,0,0,0,0,0,0,0,0,0,0,1,0,0,1,0,0,0,0,0,post,0,0,0,0,,,,0,0,0,0,0,0,0,0,0,0,none,k0p0,,,,,0,,,1,1,0,,,,,,,,,,,,,,,,,
P02625,K23,Required,2021,NIDDK,post_policy,1,1,0,1,0,0,1,0,0,1,1,0,0,0,0,0,0,1,0,0,0,0,1,0,1,0,0,0,0,0,0,0,0,0,1,post,1,0,0,0,,,,0,0,1,1,0,1,0,0,0,0,ktrial_only,k1p0,,,,,0,,,1,1,1,1,0,1,0,0,1,0,0,0,0,1,1,1,0,0,0,0
P02626,K23,Not Allowed,2020,NHLBI,post_policy,1,0,0,0,0,0,0,0,0,0,0,0,0,0,0,0,0,0,0,0,0,0,0,0,0,0,0,0,0,0,0,0,0,0,0,post,0,0,0,0,,,,0,0,0,0,0,0,0,0,0,1,none,k0p0,k0p0,k0p0,k0p0,k0p0,0,,,1,1,0,,,,,,,,,,,,,,,,,
P02627,K08,Not Allowed,2020,NIDDK,post_policy,1,0,0,0,0,0,0,0,0,0,0,0,0,0,0,0,0,0,0,0,0,0,0,0,0,0,0,0,0,0,0,0,0,0,0,post,0,0,0,0,,,,0,0,0,0,0,0,0,0,0,0,none,k0p0,,,,,0,,,1,1,0,,,,,,,,,,,,,,,,,
P02628,K23,Not Allowed,2020,NINR,post_policy,1,0,1,1,0,0,0,1,0,0,0,1,0,0,1,1,0,0,1,0,1,1,0,0,0,1,1,1,1,1,1,1,0,0,0,post,0,0,0,0,,,,0,0,0,0,1,0,1,1,1,0,new_trial,k0p1,,,,,0,,,1,1,0,,,,,,,,,,,,,,,,,
P02629,K08,Not Allowed,2021,NIAID,post_policy,1,0,0,0,0,0,0,1,0,0,0,0,0,0,0,0,0,0,0,0,0,0,0,0,0,1,1,1,1,1,1,1,0,0,0,post,0,0,0,0,,,,0,0,0,0,0,0,0,0,0,0,none,k0p0,,,,,0,,,1,1,0,,,,,,,,,,,,,,,,,
P02630,K23,Required,2019,NIDDK,post_policy,1,1,0,0,0,0,0,0,0,0,0,0,0,0,0,0,0,0,0,0,0,0,0,0,0,0,0,0,0,0,0,0,1,0,0,post,0,0,0,1,0,0,0,0,0,0,0,0,0,0,0,0,0,none,k0p0,,,,,0,,,1,1,1,0,0,0,0,0,0,0,0,0,0,0,0,0,0,0,0,0
P02631,K23,Not Allowed,2020,NCCIH,post_policy,1,0,0,0,0,0,0,0,0,0,0,0,0,0,0,0,0,0,0,0,0,0,0,0,0,0,1,0,0,1,0,0,0,0,0,post,0,0,0,0,,,,0,0,0,0,0,0,0,0,0,0,none,k0p0,,,,,0,,,1,1,0,,,,,,,,,,,,,,,,,
P02632,K23,Required,2020,NIA,post_policy,1,1,0,1,0,0,0,0,0,1,0,0,0,0,0,0,0,1,0,0,0,0,1,0,1,0,0,0,0,0,0,0,0,0,0,post,0,0,0,0,,,,0,0,1,1,0,1,0,0,0,1,ktrial_only,k1p0,k1p0,k1p0,k1p0,k1p0,0,,,1,1,1,1,0,1,0,0,1,0,0,0,0,1,1,0,0,0,0,0
P02633,K08,Not Allowed,2019,NIDDK,post_policy,1,0,0,0,0,0,0,0,0,0,0,0,0,0,0,0,0,0,0,0,0,0,0,0,0,0,0,0,0,0,0,0,1,0,0,post,0,0,0,1,0,0,0,0,0,0,0,0,0,0,0,0,0,none,k0p0,,,,,0,,,1,1,0,,,,,,,,,,,,,,,,,
P02634,K23,Not Allowed,2019,NICHD,post_policy,1,0,0,0,0,0,0,0,0,0,0,0,0,0,0,0,0,0,0,0,0,0,0,0,0,0,0,0,0,0,0,0,1,0,0,post,0,0,0,1,0,0,0,0,0,0,0,0,0,0,0,0,0,none,k0p0,,,,,0,,,1,1,0,,,,,,,,,,,,,,,,,
P02635,K23,Not Allowed,2019,NIA,post_policy,1,0,0,0,0,0,0,0,0,0,0,0,0,0,0,0,0,0,0,0,0,0,0,0,0,0,1,0,0,1,0,0,1,0,0,post,0,0,0,1,0,0,0,0,0,0,0,0,0,0,0,0,0,none,k0p0,,,,,0,,,1,1,0,,,,,,,,,,,,,,,,,
P02636,K23,Required,2019,NHLBI,post_policy,1,1,1,1,0,1,1,0,0,1,0,0,1,0,1,1,0,1,1,0,0,0,1,0,1,0,0,0,0,0,0,0,0,0,0,post,1,0,0,0,,,,0,0,1,1,1,0,1,1,1,0,new_trial,k1p1,,,,,0,,,1,1,1,1,0,1,0,0,1,0,0,0,0,1,1,0,0,0,0,0
P02637,K08,Not Allowed,2019,NIDA,post_policy,1,1,1,1,0,0,0,1,0,1,0,0,1,0,1,1,0,1,1,0,0,0,1,1,0,1,1,1,1,1,1,1,1,0,0,post,1,1,1,1,1,0,1,1,0,0,1,1,1,1,1,1,0,new_trial,k1p1,,,,,0,,,1,1,0,,,,,,,,,,,,,,,,,
P02638,K08,Not Allowed,2021,NIAID,post_policy,1,0,0,0,0,0,0,0,0,0,0,0,0,0,0,0,0,0,0,0,0,0,0,0,0,1,1,1,1,1,1,1,0,0,0,post,0,0,0,0,,,,0,0,0,0,0,0,0,0,0,0,none,k0p0,,,,,0,,,1,1,0,,,,,,,,,,,,,,,,,
P02639,K23,Not Allowed,2021,NICHD,post_policy,1,0,0,0,0,0,0,0,0,0,0,0,0,0,0,0,0,0,0,0,0,0,0,0,0,0,0,0,0,0,0,0,0,0,0,post,0,0,0,0,,,,0,0,0,0,0,0,0,0,0,0,none,k0p0,,,,,0,,,1,1,0,,,,,,,,,,,,,,,,,
P02640,K08,Not Allowed,2020,NHLBI,post_policy,1,0,0,0,0,0,0,0,0,0,0,0,0,0,0,0,0,0,0,0,0,0,0,0,0,0,0,0,0,0,0,0,0,0,0,post,0,0,0,0,,,,0,0,0,0,0,0,0,0,0,0,none,k0p0,,,,,0,,,1,1,0,,,,,,,,,,,,,,,,,
P02641,K08,Not Allowed,2021,NHLBI,post_policy,1,0,0,0,0,0,0,0,0,0,0,0,0,0,0,0,0,0,0,0,0,0,0,0,0,0,0,0,0,0,0,0,0,0,0,post,0,0,0,0,,,,0,0,0,0,0,0,0,0,0,0,none,k0p0,,,,,0,,,1,1,0,,,,,,,,,,,,,,,,,
P02642,K23,Not Allowed,2020,NHLBI,post_policy,1,1,0,0,0,0,0,0,0,0,0,0,0,0,0,0,0,0,0,0,0,0,0,0,0,0,1,0,0,1,0,0,0,0,0,post,0,0,0,0,,,,0,0,0,0,0,0,0,0,0,0,none,k0p0,,,,,0,,,1,1,1,0,0,0,0,0,0,0,0,0,0,0,0,0,0,0,0,0
P02643,K08,Not Allowed,2019,NINDS,post_policy,1,0,0,0,0,0,0,0,0,0,0,0,0,0,0,0,0,0,0,0,0,0,0,0,0,0,1,0,0,1,0,0,1,0,0,post,0,0,0,1,0,0,0,0,0,0,0,0,0,0,0,0,0,none,k0p0,,,,,0,,,1,1,0,,,,,,,,,,,,,,,,,
P02644,K23,Not Allowed,2019,NIAID,post_policy,1,0,1,1,1,1,0,1,0,1,1,1,1,1,1,0,0,1,1,0,0,0,1,0,1,1,1,1,1,1,1,1,1,0,0,post,0,0,0,1,1,0,1,0,0,1,1,1,1,0,1,1,0,new_trial,k1p1,,,,,0,,,1,1,0,,,,,,,,,,,,,,,,,
P02645,K23,Not Allowed,2020,NIA,post_policy,1,0,0,0,0,0,0,0,0,0,0,0,0,0,0,0,0,0,0,0,0,0,0,0,0,0,1,0,0,1,0,0,0,0,0,post,0,0,0,0,,,,0,0,0,0,0,0,0,0,0,0,none,k0p0,,,,,0,,,1,1,0,,,,,,,,,,,,,,,,,
P02646,K23,Not Allowed,2020,NHLBI,post_policy,1,0,0,0,0,0,0,0,0,0,0,0,0,0,0,0,0,0,0,0,0,0,0,0,0,0,0,0,0,0,0,0,0,0,0,post,0,0,0,0,,,,0,0,0,0,0,0,0,0,0,0,none,k0p0,,,,,0,,,1,1,0,,,,,,,,,,,,,,,,,
P02647,K23,Required,2019,NIMHD,post_policy,1,1,0,0,0,0,0,0,0,0,0,0,0,0,0,0,0,0,0,0,0,0,0,0,0,0,0,0,0,0,0,0,1,0,0,post,0,0,0,1,0,0,0,0,0,0,0,0,0,0,0,0,0,none,k0p0,,,,,0,,,1,1,1,0,0,0,0,0,0,0,0,0,0,0,0,0,0,0,0,0
P02648,K08,Not Allowed,2020,NIAID,post_policy,1,0,0,0,0,0,0,0,0,0,0,0,0,0,0,0,0,0,0,0,0,0,0,0,0,0,1,0,0,1,0,0,0,0,0,post,0,0,0,0,,,,0,0,0,0,0,0,0,0,0,0,none,k0p0,,,,,0,,,1,1,0,,,,,,,,,,,,,,,,,
P02649,K23,Not Allowed,2019,NIDCR,post_policy,1,0,0,0,0,0,1,0,0,0,0,0,0,0,0,0,0,0,0,0,0,0,0,0,0,0,0,0,0,0,0,0,1,0,1,post,0,0,0,1,0,0,0,0,0,0,0,0,0,0,0,0,0,none,k0p0,,,,,0,,,1,1,0,,,,,,,,,,,,,,,,,
P02650,K23,Required,2019,NIDDK,post_policy,1,1,0,1,0,0,0,0,0,1,0,0,0,0,0,0,0,1,0,0,0,0,1,1,0,0,0,0,0,0,0,0,1,0,0,post,0,0,0,1,0,0,0,1,0,0,1,0,0,0,0,0,0,ktrial_only,k1p0,,,,,0,,,1,1,1,1,1,0,0,0,1,0,0,1,0,0,0,0,1,0,0,0
P02651,K23,Required,2019,NIDDK,post_policy,1,1,1,1,0,1,0,0,0,1,0,0,1,1,1,0,0,1,1,0,0,0,1,1,0,0,0,0,0,0,0,0,1,0,0,post,0,0,0,1,1,0,1,1,0,0,1,1,1,0,1,1,0,new_trial,k1p1,,,,,0,,,1,1,1,1,1,0,0,0,1,0,0,1,0,0,0,0,1,0,0,0
P02652,K23,Required,2019,NIMHD,post_policy,1,1,0,1,0,0,0,0,0,1,0,0,0,0,0,0,0,1,0,0,0,0,1,1,0,0,0,0,1,1,1,1,1,0,0,post,1,1,1,1,0,0,0,1,0,0,1,0,0,0,0,0,1,ktrial_only,k1p0,k1p0,k1p0,k1p0,k1p0,0,,,1,1,1,1,1,0,0,0,1,0,0,1,0,1,1,1,0,1,1,1
P02653,K23,Required,2020,NCCIH,post_policy,1,1,0,1,0,0,1,0,0,1,0,0,0,0,0,0,0,1,0,0,0,0,1,1,0,0,0,0,0,0,0,0,0,0,1,post,0,0,0,0,,,,1,0,0,1,0,1,0,0,0,0,ktrial_only,k1p0,,,,,0,,,1,1,1,1,1,0,0,0,1,0,0,1,0,1,0,0,0,0,0,0
P02654,K08,Not Allowed,2021,NHLBI,post_policy,1,0,0,0,0,0,0,0,0,0,0,0,0,0,0,0,0,0,0,0,0,0,0,0,0,0,0,0,0,0,0,0,0,0,0,post,0,0,0,0,,,,0,0,0,0,0,0,0,0,0,0,none,k0p0,,,,,0,,,1,1,0,,,,,,,,,,,,,,,,,
P02655,K08,Not Allowed,2020,NCI,post_policy,1,0,0,0,0,0,0,0,0,0,0,0,0,0,0,0,0,0,0,0,0,0,0,0,0,0,0,0,0,0,0,0,0,0,0,post,0,0,0,0,,,,0,0,0,0,0,0,0,0,0,0,none,k0p0,,,,,0,,,1,1,0,,,,,,,,,,,,,,,,,
P02656,K23,Required,2021,NINDS,post_policy,1,1,1,1,0,1,1,0,0,1,0,0,1,0,1,1,0,1,1,0,0,0,1,1,1,0,0,0,0,0,0,0,0,0,0,post,1,1,1,0,,,,1,0,1,1,1,1,1,1,1,0,new_trial,k1p1,,,,,0,,,1,1,1,1,0,1,0,0,1,0,0,0,1,1,1,1,0,1,1,1
P02657,K23,Not Allowed,2020,NIA,post_policy,1,0,1,1,0,1,0,0,0,0,0,0,1,1,1,1,0,0,1,1,1,0,0,0,0,0,0,0,0,0,0,0,0,0,0,post,0,0,0,0,,,,0,0,0,0,1,0,1,1,1,0,new_trial,k0p1,,,,,0,,,1,1,0,,,,,,,,,,,,,,,,,
P02658,K23,Not Allowed,2021,NHLBI,post_policy,1,0,0,0,0,0,1,1,0,0,0,0,0,0,0,0,0,0,0,0,0,0,0,0,0,1,1,1,1,1,1,1,0,0,1,post,0,0,0,0,,,,0,0,0,0,0,0,0,0,0,0,none,k0p0,,,,,0,,,1,1,0,,,,,,,,,,,,,,,,,
P02659,K23,Not Allowed,2019,NICHD,post_policy,1,0,0,0,0,0,0,0,0,0,0,0,0,0,0,0,0,0,0,0,0,0,0,0,0,0,0,0,0,0,0,0,1,0,0,post,0,0,0,1,0,0,0,0,0,0,0,0,0,0,0,0,0,none,k0p0,,,,,0,,,1,1,0,,,,,,,,,,,,,,,,,
P02660,K08,Not Allowed,2019,NINDS,post_policy,1,0,0,0,0,0,0,0,0,0,0,0,0,0,0,0,0,0,0,0,0,0,0,0,0,0,0,0,0,0,0,0,1,0,0,post,0,0,0,1,0,0,0,0,0,0,0,0,0,0,0,0,0,none,k0p0,,,,,0,,,1,1,0,,,,,,,,,,,,,,,,,
P02661,K08,Not Allowed,2019,NIDCR,post_policy,1,0,0,0,0,0,0,0,0,0,0,0,0,0,0,0,0,0,0,0,0,0,0,0,0,0,0,0,0,0,0,0,1,0,0,post,0,0,0,1,0,0,0,0,0,0,0,0,0,0,0,0,0,none,k0p0,,,,,0,,,1,1,0,,,,,,,,,,,,,,,,,
P02662,K08,Not Allowed,2020,NIAAA,post_policy,1,0,0,0,0,0,0,0,0,0,0,0,0,0,0,0,0,0,0,0,0,0,0,0,0,0,0,0,0,0,0,0,0,0,0,post,0,0,0,0,,,,0,0,0,0,0,0,0,0,0,0,none,k0p0,,,,,0,,,1,1,0,,,,,,,,,,,,,,,,,
P02663,K08,Not Allowed,2019,NIMH,post_policy,1,0,0,0,0,0,0,0,0,0,0,0,0,0,0,0,0,0,0,0,0,0,0,0,0,0,1,0,0,1,0,0,1,0,0,post,0,0,0,1,0,0,0,0,0,0,0,0,0,0,0,0,0,none,k0p0,,,,,0,,,1,1,0,,,,,,,,,,,,,,,,,
P02664,K08,Not Allowed,2021,NHLBI,post_policy,1,0,0,0,0,0,0,1,0,0,0,0,0,0,0,0,0,0,0,0,0,0,0,0,0,1,1,1,1,1,1,1,0,0,0,post,0,0,0,0,,,,0,0,0,0,0,0,0,0,0,0,none,k0p0,,,,,0,,,1,1,0,,,,,,,,,,,,,,,,,
P02665,K08,Not Allowed,2019,NIDDK,post_policy,1,0,0,0,0,0,0,0,0,0,0,0,0,0,0,0,0,0,0,0,0,0,0,0,0,0,1,0,0,1,0,0,1,0,0,post,0,0,0,1,0,0,0,0,0,0,0,0,0,0,0,0,0,none,k0p0,,,,,0,,,1,1,0,,,,,,,,,,,,,,,,,
P02666,K08,Not Allowed,2020,NHLBI,post_policy,1,0,0,0,0,0,0,0,0,0,0,0,0,0,0,0,0,0,0,0,0,0,0,0,0,0,0,0,0,0,0,0,0,0,0,post,0,0,0,0,,,,0,0,0,0,0,0,0,0,0,0,none,k0p0,,,,,0,,,1,1,0,,,,,,,,,,,,,,,,,
P02667,K08,Not Allowed,2021,NIA,post_policy,1,0,0,0,0,0,0,0,0,0,0,0,0,0,0,0,0,0,0,0,0,0,0,0,0,0,0,0,0,0,0,0,0,0,0,post,0,0,0,0,,,,0,0,0,0,0,0,0,0,0,0,none,k0p0,,,,,0,,,1,1,0,,,,,,,,,,,,,,,,,
P02668,K08,Not Allowed,2020,NIDDK,post_policy,1,0,0,0,0,0,0,0,0,0,0,0,0,0,0,0,0,0,0,0,0,0,0,0,0,0,1,0,0,1,0,0,0,0,0,post,0,0,0,0,,,,0,0,0,0,0,0,0,0,0,0,none,k0p0,,,,,0,,,1,1,0,,,,,,,,,,,,,,,,,
P02669,K23,Not Allowed,2021,NIAAA,post_policy,1,0,0,0,0,0,0,0,0,0,0,0,0,0,0,0,0,0,0,0,0,0,0,0,0,0,0,0,0,0,0,0,0,0,0,post,0,0,0,0,,,,0,0,0,0,0,0,0,0,0,0,none,k0p0,,,,,0,,,1,1,0,,,,,,,,,,,,,,,,,
P02670,K08,Not Allowed,2019,NCI,post_policy,1,0,0,0,0,0,1,1,0,0,0,0,0,0,0,0,0,0,0,0,0,0,0,0,0,1,1,1,1,1,1,1,1,0,1,post,0,0,0,1,0,0,0,0,0,0,0,0,0,0,0,0,0,none,k0p0,,,,,0,,,1,1,0,,,,,,,,,,,,,,,,,
P02671,K08,Not Allowed,2019,NHLBI,post_policy,1,0,0,0,0,0,0,0,0,0,0,0,0,0,0,0,0,0,0,0,0,0,0,0,0,0,1,0,0,1,0,0,1,0,0,post,0,0,0,1,0,0,0,0,0,0,0,0,0,0,0,0,0,none,k0p0,,,,,0,,,1,1,0,,,,,,,,,,,,,,,,,
P02672,K08,Not Allowed,2020,NIAID,post_policy,1,0,0,0,0,0,0,0,0,0,0,0,0,0,0,0,1,0,0,0,0,0,0,0,0,0,0,0,0,0,0,0,0,0,0,post,0,0,0,0,,,,0,0,0,0,0,0,0,0,0,0,none,k0p0,,,,,0,,,1,1,0,,,,,,,,,,,,,,,,,
P02673,K23,Not Allowed,2020,NIMH,post_policy,1,0,0,0,0,0,0,1,0,0,0,0,0,0,0,0,0,0,0,0,0,0,0,0,0,1,1,1,1,1,1,1,0,0,0,post,0,0,0,0,,,,0,0,0,0,0,0,0,0,0,0,none,k0p0,,,,,0,,,1,1,0,,,,,,,,,,,,,,,,,
P02674,K08,Not Allowed,2019,NIDDK,post_policy,1,0,0,0,0,0,0,0,0,0,0,0,0,0,0,0,0,0,0,0,0,0,0,0,0,0,1,0,0,1,0,0,1,0,0,post,0,0,0,1,0,0,0,0,0,0,0,0,0,0,0,0,0,none,k0p0,,,,,0,,,1,1,0,,,,,,,,,,,,,,,,,
P02675,K08,Not Allowed,2019,NHLBI,post_policy,1,0,0,0,0,0,0,0,0,0,0,0,0,0,0,0,0,0,0,0,0,0,0,0,0,0,1,0,0,1,0,0,1,0,0,post,0,0,0,1,0,0,0,0,0,0,0,0,0,0,0,0,0,none,k0p0,,,,,0,,,1,1,0,,,,,,,,,,,,,,,,,
P02676,K23,Not Allowed,2020,NHLBI,post_policy,1,0,0,0,0,0,0,0,0,0,0,0,0,0,0,0,0,0,0,0,0,0,0,0,0,0,0,0,0,0,0,0,0,0,0,post,0,0,0,0,,,,0,0,0,0,0,0,0,0,0,0,none,k0p0,,,,,0,,,1,1,0,,,,,,,,,,,,,,,,,
P02677,K23,Not Allowed,2021,NIDDK,post_policy,1,1,1,1,1,1,0,0,0,0,0,1,1,1,1,0,0,0,1,1,0,0,0,0,0,0,1,0,0,1,0,0,0,0,0,post,0,0,0,0,,,,0,0,0,0,1,0,1,1,1,0,new_trial,k0p1,,,,,0,,,1,1,1,0,0,0,0,0,0,0,0,0,0,0,0,0,0,0,0,0
P02678,K08,Required,2021,NCI,post_policy,1,0,0,0,0,0,1,0,0,0,0,0,0,0,0,0,0,0,0,0,0,0,0,0,0,0,0,0,0,0,0,0,0,0,1,post,0,0,0,0,,,,0,0,0,0,0,0,0,0,0,0,none,k0p0,,,,,0,,,1,1,0,,,,,,,,,,,,,,,,,
P02679,K23,Not Allowed,2020,NHLBI,post_policy,1,0,0,0,0,0,1,0,0,0,0,0,0,0,0,0,0,0,0,0,0,0,0,0,0,0,0,0,0,0,0,0,0,0,1,post,0,0,0,0,,,,0,0,0,0,0,0,0,0,0,0,none,k0p0,,,,,0,,,1,1,0,,,,,,,,,,,,,,,,,
P02680,K08,Not Allowed,2019,NIGMS,post_policy,1,0,0,0,0,0,0,1,0,0,0,0,0,0,0,0,0,0,0,0,0,0,0,0,0,1,1,1,1,1,1,1,1,0,0,post,0,0,0,1,0,0,0,0,0,0,0,0,0,0,0,0,0,none,k0p0,,,,,0,,,1,1,0,,,,,,,,,,,,,,,,,
P02681,K23,Required,2020,NIA,post_policy,1,1,0,0,0,0,0,0,0,0,0,0,0,0,0,0,0,0,0,0,0,0,0,0,0,0,0,0,0,0,0,0,0,0,0,post,0,0,0,0,,,,0,0,0,0,0,0,0,0,0,0,none,k0p0,,,,,0,,,1,1,1,0,0,0,0,0,0,0,0,0,0,0,0,0,0,0,0,0
P02682,K08,Not Allowed,2019,NHLBI,post_policy,1,0,0,0,0,0,0,0,0,0,0,0,0,0,0,0,0,0,0,0,0,0,0,0,0,0,0,0,0,0,0,0,0,0,0,post,0,0,0,0,,,,0,0,0,0,0,0,0,0,0,0,none,k0p0,,,,,0,,,1,1,0,,,,,,,,,,,,,,,,,
P02683,K23,Not Allowed,2019,NHLBI,post_policy,1,0,1,1,1,1,1,1,0,0,0,0,0,0,1,0,0,0,1,0,0,0,1,0,0,1,1,1,1,1,1,1,1,0,0,post,0,0,0,1,1,0,1,0,0,0,0,1,0,0,1,1,0,new_trial,k0p1,,,,,0,,,1,1,0,,,,,,,,,,,,,,,,,
P02684,K23,Required,2021,NIDDK,post_policy,1,1,1,1,1,0,1,0,0,1,0,0,0,0,1,1,0,1,1,0,0,0,1,0,1,0,0,0,0,0,0,0,0,0,1,post,0,0,0,0,,,,0,0,1,1,1,1,1,1,1,0,new_trial,k1p1,,,,,0,,,1,1,1,1,0,1,0,0,1,0,0,0,0,0,0,0,0,0,0,0
P02685,K23,Not Allowed,2021,NIDDK,post_policy,1,1,0,0,0,0,0,0,0,0,0,0,0,0,0,0,0,0,0,0,0,0,0,0,0,0,0,0,0,0,0,0,0,0,0,post,0,0,0,0,,,,0,0,0,0,0,0,0,0,0,0,none,k0p0,,,,,0,,,1,1,1,0,0,0,0,0,0,0,0,0,0,0,0,0,0,0,0,0
P02686,K23,Required,2019,NICHD,post_policy,1,1,0,1,0,0,0,0,0,1,0,0,0,0,0,0,0,1,0,0,0,0,1,1,0,0,0,0,0,0,0,0,1,0,0,post,1,1,1,1,0,0,0,1,0,0,1,0,0,0,0,0,0,ktrial_only,k1p0,,,,,0,,,1,1,1,1,1,0,0,0,1,0,0,1,0,1,1,1,0,1,1,1
P02687,K23,Not Allowed,2019,NIAMS,post_policy,1,0,0,0,0,0,0,0,0,0,0,0,0,0,0,0,0,0,0,0,0,0,0,0,0,0,1,0,0,1,0,0,1,0,0,post,0,0,0,1,0,0,0,0,0,0,0,0,0,0,0,0,0,none,k0p0,,,,,0,,,1,1,0,,,,,,,,,,,,,,,,,
P02688,K23,Required,2018,NHLBI,post_policy,1,0,0,0,0,0,1,0,0,0,0,0,0,0,0,0,0,0,0,0,0,0,1,0,0,0,1,0,0,1,0,0,1,0,0,post,0,0,0,1,0,0,0,0,0,0,0,0,0,0,0,0,0,none,k0p0,,,,,0,,,1,1,0,,,,,,,,,,,,,,,,,
P02689,K08,Not Allowed,2020,NHLBI,post_policy,1,0,0,0,0,0,0,0,0,0,0,0,0,0,0,0,0,0,0,0,0,0,0,0,0,0,0,0,0,0,0,0,0,0,0,post,0,0,0,0,,,,0,0,0,0,0,0,0,0,0,0,none,k0p0,,,,,0,,,1,1,0,,,,,,,,,,,,,,,,,
P02690,K23,Not Allowed,2019,NIMH,post_policy,1,0,0,0,0,0,0,0,0,0,0,0,0,0,0,0,0,0,0,0,0,0,0,0,0,0,0,0,0,0,0,0,1,0,0,post,0,0,0,1,0,0,0,0,0,0,0,0,0,0,0,0,0,none,k0p0,,,,,0,,,1,1,0,,,,,,,,,,,,,,,,,
P02691,K23,Not Allowed,2020,NIDCD,post_policy,1,0,0,0,0,0,0,1,0,0,0,0,0,0,0,0,0,0,0,0,0,0,0,0,0,1,1,1,1,1,1,1,0,0,0,post,0,0,0,0,,,,0,0,0,0,0,0,0,0,0,0,none,k0p0,,,,,0,,,1,1,0,,,,,,,,,,,,,,,,,
P02692,K08,Not Allowed,2021,NIDA,post_policy,1,0,0,0,0,0,0,0,0,0,0,0,0,0,0,0,0,0,0,0,0,0,0,0,0,0,0,0,1,1,1,1,0,0,0,post,0,0,0,0,,,,0,0,0,0,0,0,0,0,0,0,none,k0p0,,,,,0,,,1,1,0,,,,,,,,,,,,,,,,,
P02693,K23,Required,2021,NHLBI,post_policy,1,1,0,1,0,0,0,0,0,1,1,0,0,0,0,0,0,1,0,0,0,0,1,1,0,0,0,0,0,0,0,0,0,0,0,post,0,0,0,0,,,,1,0,0,1,0,1,0,0,0,0,ktrial_only,k1p0,,,,,0,,,1,1,1,1,1,0,0,0,1,0,0,1,0,1,0,0,0,0,0,0
P02694,K23,Required,2019,NHLBI,post_policy,1,1,0,0,0,0,0,0,0,0,0,0,0,0,0,0,0,0,0,0,0,0,0,0,0,0,1,0,0,1,0,0,1,0,0,post,0,0,0,1,1,1,1,0,0,0,0,0,0,0,0,1,0,none,k0p0,,,,,0,,,1,1,1,0,0,0,0,0,0,0,0,0,0,0,0,0,0,0,0,0
P02695,K23,Required,2021,NIMHD,post_policy,1,1,0,1,0,0,0,0,0,1,0,0,0,0,0,0,0,1,0,0,0,0,1,1,0,0,0,0,0,0,0,0,0,0,0,post,0,0,0,0,,,,1,0,0,1,0,1,0,0,0,1,ktrial_only,k1p0,k1p0,k1p0,k1p0,k1p0,1,1,1,1,1,1,1,1,0,0,0,1,0,0,1,0,1,0,0,0,0,0,0
P02696,K23,Required,2019,NICHD,post_policy,1,1,0,0,0,0,1,0,0,0,0,0,0,0,0,0,0,0,0,0,0,0,0,0,0,0,0,0,0,0,0,0,1,0,1,post,0,0,0,1,0,0,0,0,0,0,0,0,0,0,0,0,1,none,k0p0,k0p0,k0p0,k0p0,k0p0,0,,,1,1,1,0,0,0,0,0,0,0,0,0,0,0,0,0,0,0,0,0
P02697,K08,Not Allowed,2019,NHLBI,post_policy,1,0,0,0,0,0,0,0,0,0,0,0,0,0,0,0,0,0,0,0,0,0,0,0,0,0,0,0,0,1,0,0,1,0,0,post,0,0,0,1,0,0,0,0,0,0,0,0,0,0,0,0,0,none,k0p0,,,,,0,,,1,1,0,,,,,,,,,,,,,,,,,
P02698,K23,Required,2020,NHLBI,post_policy,1,1,1,1,0,1,1,0,0,1,0,0,0,0,1,0,0,1,1,0,0,0,1,1,0,0,0,0,0,0,0,0,0,0,1,post,0,0,0,0,,,,1,0,0,1,1,1,1,1,1,0,new_trial,k1p1,,,,,0,,,1,1,1,1,1,0,0,0,1,0,0,1,0,1,0,0,0,0,0,0
P02699,K23,Required,2020,NICHD,post_policy,1,1,0,1,0,0,0,0,0,1,0,0,0,0,0,0,0,1,0,0,0,0,1,1,0,0,0,0,0,0,0,0,0,0,0,post,1,1,0,0,,,,1,0,0,1,0,0,0,0,0,1,ktrial_only,k1p0,k1p0,k1p0,k1p0,k1p0,0,,,1,1,1,1,1,0,0,0,1,0,0,1,0,1,1,1,0,1,1,1
P02700,K08,Not Allowed,2019,NIDDK,post_policy,1,0,0,0,0,0,1,0,0,0,0,0,0,0,0,0,0,0,0,0,0,0,0,0,0,0,1,0,0,1,0,0,1,0,1,post,0,0,0,1,0,0,0,0,0,0,0,0,0,0,0,0,0,none,k0p0,,,,,0,,,1,1,0,,,,,,,,,,,,,,,,,
P02701,K23,Not Allowed,2021,NINDS,post_policy,1,0,0,0,0,0,0,0,0,0,0,0,0,0,0,0,0,0,0,0,0,0,0,0,0,0,0,0,0,0,0,0,0,0,0,post,0,0,0,0,,,,0,0,0,0,0,0,0,0,0,0,none,k0p0,,,,,0,,,1,1,0,,,,,,,,,,,,,,,,,
P02702,K08,Not Allowed,2021,NIAID,post_policy,1,0,1,1,1,1,1,0,0,1,1,0,1,0,1,1,0,1,1,0,0,0,1,0,1,0,0,0,0,0,0,0,0,0,1,post,1,0,0,0,,,,0,0,1,1,1,1,1,1,1,0,new_trial,k1p1,,,,,0,,,1,1,0,,,,,,,,,,,,,,,,,
P02703,K08,Not Allowed,2019,NIAMS,post_policy,1,0,0,0,0,0,0,0,0,0,0,0,0,0,0,0,0,0,0,0,0,0,0,0,0,0,0,0,0,0,0,0,1,0,0,post,0,0,0,1,0,0,0,0,0,0,0,0,0,0,0,0,0,none,k0p0,,,,,0,,,1,1,0,,,,,,,,,,,,,,,,,
P02704,K23,Required,2020,NIDA,post_policy,1,1,1,1,0,0,0,1,0,0,0,1,0,0,1,1,0,0,1,0,1,1,0,0,0,1,1,1,1,1,1,1,0,0,0,post,0,0,0,0,,,,0,0,0,0,1,0,1,1,1,1,new_trial,k0p1,k0p1,k0p1,k0p1,k0p1,0,,,1,1,1,0,0,0,0,0,0,0,0,0,0,0,0,0,0,0,0,0
P02705,K08,Not Allowed,2019,NIMH,post_policy,1,0,0,0,0,0,0,1,0,0,0,0,0,0,0,0,0,0,0,0,0,0,0,0,0,1,1,1,1,1,1,1,1,0,0,post,0,0,0,1,0,0,0,0,0,0,0,0,0,0,0,0,0,none,k0p0,,,,,0,,,1,1,0,,,,,,,,,,,,,,,,,
P02706,K23,Not Allowed,2020,NHLBI,post_policy,1,0,0,0,0,0,0,0,0,0,0,0,0,0,0,0,0,0,0,0,0,0,0,0,0,0,0,0,0,0,0,0,0,0,0,post,0,0,0,0,,,,0,0,0,0,0,0,0,0,0,0,none,k0p0,,,,,0,,,1,1,0,,,,,,,,,,,,,,,,,
P02707,K08,Not Allowed,2019,NCI,post_policy,1,0,0,0,0,0,0,1,0,0,0,0,0,0,0,0,0,0,0,0,0,0,0,0,0,1,1,1,1,1,1,1,1,0,0,post,0,0,0,1,0,0,0,0,0,0,0,0,0,0,0,0,0,none,k0p0,,,,,0,,,1,1,0,,,,,,,,,,,,,,,,,
P02708,K08,Not Allowed,2021,NIDCR,post_policy,1,0,0,0,0,0,0,0,0,0,0,0,0,0,0,0,0,0,0,0,0,0,0,0,0,0,0,0,0,0,0,0,0,0,0,post,0,0,0,0,,,,0,0,0,0,0,0,0,0,0,0,none,k0p0,,,,,0,,,1,1,0,,,,,,,,,,,,,,,,,
P02709,K23,Not Allowed,2021,NIMH,post_policy,1,0,0,0,0,0,0,0,0,0,0,0,0,0,0,0,0,0,0,0,0,0,0,0,0,0,0,0,0,0,0,0,0,0,0,post,0,0,0,0,,,,0,0,0,0,0,0,0,0,0,0,none,k0p0,,,,,0,,,1,1,0,,,,,,,,,,,,,,,,,
P02710,K23,Not Allowed,2021,NIA,post_policy,1,0,0,0,0,0,0,0,0,0,0,0,0,0,0,0,0,0,0,0,0,0,0,0,0,0,0,0,0,0,0,0,0,0,0,post,0,0,0,0,,,,0,0,0,0,0,0,0,0,0,0,none,k0p0,,,,,0,,,1,1,0,,,,,,,,,,,,,,,,,
P02711,K08,Not Allowed,2019,NINDS,post_policy,1,0,0,0,0,0,0,1,0,0,0,0,0,0,0,0,0,0,0,0,0,0,0,0,0,0,1,0,0,1,0,0,1,0,0,post,0,0,0,1,0,0,0,0,0,0,0,0,0,0,0,0,0,none,k0p0,,,,,0,,,1,1,0,,,,,,,,,,,,,,,,,
P02712,K08,Not Allowed,2020,NCI,post_policy,1,0,0,0,0,0,0,0,0,0,0,0,0,0,0,0,0,0,0,0,0,0,0,0,0,0,0,0,0,0,0,0,0,0,0,post,0,0,0,0,,,,0,0,0,0,0,0,0,0,0,0,none,k0p0,,,,,0,,,1,1,0,,,,,,,,,,,,,,,,,
P02713,K23,Required,2021,NIMHD,post_policy,1,1,0,1,0,0,0,0,0,1,0,0,0,0,0,0,0,1,0,0,0,0,1,1,0,0,0,0,0,0,0,0,0,0,0,post,0,0,0,0,,,,1,0,0,1,0,1,0,0,0,1,ktrial_only,k1p0,k1p0,k1p0,k1p0,k1p0,0,,,1,1,1,1,1,0,0,0,1,0,0,1,0,1,1,0,0,0,1,1
P02714,K08,Not Allowed,2021,NCI,post_policy,1,0,0,0,0,0,0,0,0,0,0,0,0,0,0,0,0,0,0,0,0,0,0,0,0,0,0,0,0,0,0,0,0,0,0,post,0,0,0,0,,,,0,0,0,0,0,0,0,0,0,0,none,k0p0,,,,,0,,,1,1,0,,,,,,,,,,,,,,,,,
P02715,K23,Not Allowed,2019,NICHD,post_policy,1,0,1,1,0,0,1,0,0,0,0,0,1,1,1,1,0,0,1,0,0,0,0,0,0,0,0,0,0,0,0,0,1,0,1,post,0,0,0,1,1,0,1,0,0,0,0,1,0,1,1,1,0,new_trial,k0p1,,,,,0,,,1,1,0,,,,,,,,,,,,,,,,,
P02716,K08,Not Allowed,2021,NIDCD,post_policy,1,0,0,0,0,0,0,0,0,0,0,0,0,0,0,0,0,0,0,0,0,0,0,0,0,0,0,0,0,0,0,0,0,0,0,post,0,0,0,0,,,,0,0,0,0,0,0,0,0,0,0,none,k0p0,,,,,0,,,1,1,0,,,,,,,,,,,,,,,,,
P02717,K08,Not Allowed,2020,NHLBI,post_policy,1,0,0,0,0,0,0,0,0,0,0,0,0,0,0,0,0,0,0,0,0,0,0,0,0,0,0,0,0,0,0,0,0,0,0,post,0,0,0,0,,,,0,0,0,0,0,0,0,0,0,0,none,k0p0,,,,,0,,,1,1,0,,,,,,,,,,,,,,,,,
P02718,K23,Required,2021,NIMH,post_policy,1,1,1,1,1,1,0,0,0,0,0,0,1,1,1,0,0,0,1,0,0,0,0,0,0,0,0,0,0,0,0,0,0,0,0,post,0,0,0,0,,,,0,0,0,0,1,0,1,1,1,0,new_trial,k0p1,,,,,0,,,1,1,1,0,0,0,0,0,0,0,0,0,0,0,0,0,0,0,0,0
P02719,K23,Required,2020,NIMH,post_policy,1,1,0,0,0,0,0,0,0,0,0,0,0,0,0,0,0,0,0,0,0,0,0,0,0,0,0,0,0,0,0,0,0,0,0,post,0,0,0,0,,,,0,0,0,0,0,0,0,0,0,0,none,k0p0,,,,,0,,,1,1,1,0,0,0,0,0,0,0,0,0,0,0,0,0,0,0,0,0
P02720,K08,Not Allowed,2021,NIA,post_policy,1,0,0,0,0,0,0,0,0,0,0,0,0,0,0,0,0,0,0,0,0,0,0,0,0,0,0,0,0,0,0,0,0,0,0,post,0,0,0,0,,,,0,0,0,0,0,0,0,0,0,0,none,k0p0,,,,,0,,,1,1,0,,,,,,,,,,,,,,,,,
P02721,K23,Required,2019,NIDA,post_policy,1,1,1,1,0,1,1,0,0,0,0,1,1,1,1,1,0,0,1,0,0,0,1,0,0,0,0,1,1,1,1,1,1,0,1,post,0,0,0,1,1,0,1,0,0,0,0,1,0,1,1,1,0,new_trial,k0p1,,,,,0,,,1,1,1,0,0,0,0,0,0,0,0,0,0,0,0,0,0,0,0,0
P02722,K23,Required,2021,NHLBI,post_policy,1,1,0,1,0,0,0,0,0,1,1,0,0,0,0,0,0,1,0,0,0,0,1,1,0,0,1,0,0,1,0,0,0,0,0,post,0,0,0,0,,,,1,0,0,1,0,1,0,0,0,0,ktrial_only,k1p0,,,,,0,,,1,1,1,1,1,0,0,0,1,0,0,1,0,1,0,0,0,0,0,0
P02723,K08,Not Allowed,2019,NHLBI,post_policy,1,0,0,0,0,0,0,1,0,0,0,0,0,0,0,0,0,0,0,0,0,0,0,0,0,1,1,1,1,1,1,1,1,0,0,post,0,0,0,1,1,1,1,0,0,0,0,0,0,0,0,1,0,none,k0p0,,,,,0,,,1,1,0,,,,,,,,,,,,,,,,,
P02724,K08,Not Allowed,2019,NCI,post_policy,1,1,0,0,0,0,0,0,0,0,0,0,0,0,0,0,0,0,0,0,0,0,0,0,0,0,0,0,0,0,0,0,1,0,0,post,0,0,0,1,1,1,1,0,0,0,0,0,0,0,0,1,0,none,k0p0,,,,,0,,,1,1,0,,,,,,,,,,,,,,,,,
P02725,K08,Not Allowed,2018,NINDS,post_policy,1,0,0,0,0,0,0,1,0,0,0,0,0,0,0,0,0,0,0,0,0,0,0,0,0,1,1,1,1,1,1,1,1,0,0,post,0,0,0,1,0,0,0,0,0,0,0,0,0,0,0,0,0,none,k0p0,,,,,0,,,1,1,0,,,,,,,,,,,,,,,,,
P02726,K23,Required,2019,NINDS,post_policy,1,1,1,1,1,0,0,0,0,1,1,1,0,0,1,1,0,1,1,0,1,1,1,1,0,0,0,1,0,0,0,1,1,0,0,post,1,1,0,1,1,0,1,1,0,0,1,1,0,1,1,1,1,new_trial,k1p1,k1p1,k1p1,k1p1,k1p1,0,,,1,1,1,1,1,0,0,0,1,0,0,1,0,1,1,1,0,1,1,1
P02727,K23,Required,2019,NIA,post_policy,1,1,0,1,0,0,0,0,0,1,0,0,0,0,0,0,0,1,0,0,0,0,1,1,0,0,1,0,0,1,0,0,1,0,0,post,1,1,0,1,0,0,0,1,0,0,1,0,1,0,0,0,0,ktrial_only,k1p0,,,,,0,,,1,1,1,1,1,0,0,0,1,0,0,1,0,1,1,1,0,1,1,1
P02728,K23,Not Allowed,2021,NIAMS,post_policy,1,0,0,0,0,0,0,1,0,0,0,0,0,0,0,0,0,0,0,0,0,0,0,0,0,1,1,1,1,1,1,1,0,0,0,post,0,0,0,0,,,,0,0,0,0,0,0,0,0,0,0,none,k0p0,,,,,0,,,1,1,0,,,,,,,,,,,,,,,,,
P02729,K23,Not Allowed,2020,NEI,post_policy,1,0,0,0,0,0,0,1,0,0,0,0,0,0,0,0,0,0,0,0,0,0,0,0,0,1,1,1,1,1,1,1,0,0,0,post,0,0,0,0,,,,0,0,0,0,0,0,0,0,0,0,none,k0p0,,,,,0,,,1,1,0,,,,,,,,,,,,,,,,,
P02730,K08,Not Allowed,2021,NHLBI,post_policy,1,0,0,0,0,0,0,1,0,0,0,0,0,0,0,0,0,0,0,0,0,0,0,0,0,1,1,1,1,1,1,1,0,0,0,post,0,0,0,0,,,,0,0,0,0,0,0,0,0,0,0,none,k0p0,,,,,0,,,1,1,0,,,,,,,,,,,,,,,,,
P02731,K23,Not Allowed,2021,NIDDK,post_policy,1,0,0,0,0,0,0,0,0,0,0,0,0,0,0,0,0,0,0,0,0,0,0,0,0,0,1,0,0,1,0,0,0,0,0,post,0,0,0,0,,,,0,0,0,0,0,0,0,0,0,0,none,k0p0,,,,,0,,,1,1,0,,,,,,,,,,,,,,,,,
P02732,K08,Not Allowed,2019,NIDCR,post_policy,1,0,0,0,0,0,0,0,0,0,0,0,0,0,0,0,0,0,0,0,0,0,0,0,0,0,0,0,0,0,0,0,1,0,0,post,0,0,0,1,0,0,0,0,0,0,0,0,0,0,0,0,0,none,k0p0,,,,,0,,,1,1,0,,,,,,,,,,,,,,,,,
P02733,K08,Not Allowed,2021,NCI,post_policy,1,0,0,0,0,0,0,0,0,0,0,0,0,0,0,0,0,0,0,0,0,0,0,0,0,0,0,0,0,0,0,0,0,0,0,post,0,0,0,0,,,,0,0,0,0,0,0,0,0,0,0,none,k0p0,,,,,0,,,1,1,0,,,,,,,,,,,,,,,,,
P02734,K23,Not Allowed,2020,NHLBI,post_policy,1,0,0,0,0,0,0,0,0,0,0,0,0,0,0,0,0,0,0,0,0,0,0,0,0,0,0,0,0,0,0,0,0,0,0,post,0,0,0,0,,,,0,0,0,0,0,0,0,0,0,0,none,k0p0,,,,,0,,,1,1,0,,,,,,,,,,,,,,,,,
P02735,K23,Not Allowed,2020,NIDDK,post_policy,1,0,0,0,0,0,0,0,0,0,0,0,0,0,0,0,0,0,0,0,0,0,0,0,0,0,0,0,0,0,0,0,0,0,0,post,0,0,0,0,,,,0,0,0,0,0,0,0,0,0,0,none,k0p0,,,,,0,,,1,1,0,,,,,,,,,,,,,,,,,
P02736,K08,Not Allowed,2019,NCI,post_policy,1,0,0,0,0,0,0,0,0,0,0,0,0,0,0,0,0,0,0,0,0,0,0,0,0,0,1,0,0,1,0,0,1,0,0,post,0,0,0,1,0,0,0,0,0,0,0,0,0,0,0,0,0,none,k0p0,,,,,0,,,1,1,0,,,,,,,,,,,,,,,,,
P02737,K23,Not Allowed,2020,NIA,post_policy,1,0,0,0,0,0,0,0,0,0,0,0,0,0,0,0,0,0,0,0,0,0,0,0,0,0,1,0,0,1,0,0,0,0,0,post,0,0,0,0,,,,0,0,0,0,0,0,0,0,0,0,none,k0p0,,,,,0,,,1,1,0,,,,,,,,,,,,,,,,,
P02738,K08,Not Allowed,2021,NHLBI,post_policy,1,0,0,0,0,0,0,1,0,0,0,0,0,0,0,0,0,0,0,0,0,0,0,0,0,1,1,1,1,1,1,1,0,0,0,post,0,0,0,0,,,,0,0,0,0,0,0,0,0,0,0,none,k0p0,,,,,0,,,1,1,0,,,,,,,,,,,,,,,,,
P02739,K23,Not Allowed,2021,NIA,post_policy,1,1,0,0,0,0,0,0,0,0,0,0,0,0,0,0,0,0,0,0,0,0,0,0,0,0,0,0,0,0,0,0,0,0,0,post,0,0,0,0,,,,0,0,0,0,0,0,0,0,0,0,none,k0p0,,,,,0,,,1,1,1,0,0,0,0,0,0,0,0,0,0,0,0,0,0,0,0,0
P02740,K23,Required,2021,NICHD,post_policy,1,1,0,1,0,0,0,0,0,1,0,0,0,0,0,0,0,1,0,0,0,0,1,1,0,0,0,0,0,0,0,0,0,0,0,post,0,0,0,0,,,,1,0,0,1,0,1,0,0,0,0,ktrial_only,k1p0,,,,,0,,,1,1,1,1,1,0,0,0,1,0,0,1,0,1,1,1,0,0,0,0
P02741,K08,Not Allowed,2020,NCI,post_policy,1,0,0,0,0,0,0,0,0,0,0,0,0,0,0,0,0,0,0,0,0,0,0,0,0,0,0,0,0,0,0,0,0,0,0,post,0,0,0,0,,,,0,0,0,0,0,0,0,0,0,0,none,k0p0,,,,,0,,,1,1,0,,,,,,,,,,,,,,,,,
P02742,K08,Not Allowed,2020,NIA,post_policy,1,0,0,0,0,0,0,1,0,0,0,0,0,0,0,0,0,0,0,0,0,0,0,0,0,1,1,1,1,1,1,1,0,0,0,post,0,0,0,0,,,,0,0,0,0,0,0,0,0,0,0,none,k0p0,,,,,0,,,1,1,0,,,,,,,,,,,,,,,,,
P02743,K23,Required,2020,NICHD,post_policy,1,1,1,1,0,1,0,0,0,0,0,1,1,1,1,0,0,0,1,0,0,0,0,0,0,0,1,0,0,1,0,0,0,0,0,post,0,0,0,0,,,,0,0,0,0,1,0,1,1,1,1,new_trial,k0p1,k0p1,k0p1,k0p1,k0p1,0,,,1,1,1,0,0,0,0,0,0,0,0,0,0,0,0,0,0,0,0,0
P02744,K08,Not Allowed,2019,NIAID,post_policy,1,0,0,0,0,0,0,0,0,0,0,0,0,0,0,0,0,0,0,0,0,0,0,0,0,0,0,0,0,0,0,0,1,0,0,post,0,0,0,1,0,0,0,0,0,0,0,0,0,0,0,0,0,none,k0p0,,,,,0,,,1,1,0,,,,,,,,,,,,,,,,,
P02745,K08,Not Allowed,2019,NHLBI,post_policy,1,0,0,0,0,0,0,1,0,0,0,0,0,0,0,0,0,0,0,0,0,0,0,0,0,1,1,1,1,1,1,1,1,0,0,post,0,0,0,1,0,0,0,0,0,0,0,0,0,0,0,0,0,none,k0p0,,,,,0,,,1,1,0,,,,,,,,,,,,,,,,,
P02746,K08,Not Allowed,2019,NINDS,post_policy,1,0,0,0,0,0,0,0,0,0,0,0,0,0,0,0,0,0,0,0,0,0,0,0,0,0,0,0,0,0,0,0,1,0,0,post,0,0,0,1,0,0,0,0,0,0,0,0,0,0,0,0,0,none,k0p0,,,,,0,,,1,1,0,,,,,,,,,,,,,,,,,
P02747,K08,Not Allowed,2021,NICHD,post_policy,1,0,0,0,0,0,0,0,0,0,0,0,0,0,0,0,0,0,0,0,0,0,0,0,0,0,1,0,0,1,0,0,0,0,0,post,0,0,0,0,,,,0,0,0,0,0,0,0,0,0,0,none,k0p0,,,,,0,,,1,1,0,,,,,,,,,,,,,,,,,
P02748,K23,Required,2021,NIA,post_policy,1,1,0,1,0,0,0,0,0,1,0,0,0,0,0,0,0,1,0,0,0,0,1,1,0,0,0,0,0,0,0,0,0,0,0,post,0,0,0,0,,,,1,0,0,1,0,1,0,0,0,0,ktrial_only,k1p0,,,,,0,,,1,1,1,1,1,0,0,0,1,0,0,1,0,1,0,0,0,0,0,0
P02749,K23,Not Allowed,2020,NIAAA,post_policy,1,0,1,1,1,1,0,0,0,0,0,0,1,1,1,0,0,0,1,1,0,0,0,0,0,0,0,0,0,0,0,0,0,0,0,post,0,0,0,0,,,,0,0,0,0,1,0,1,1,1,1,new_trial,k0p1,k0p1,k0p1,k0p1,k0p1,0,,,1,1,0,,,,,,,,,,,,,,,,,
P02750,K23,Required,2020,NINR,post_policy,1,1,0,1,0,0,0,0,0,1,0,0,0,0,0,0,0,1,0,0,0,0,1,1,0,0,0,0,0,0,0,0,0,0,0,post,1,1,0,0,,,,1,0,0,1,0,1,0,0,0,1,ktrial_only,k1p0,k1p0,k1p0,k1p0,k1p0,0,,,1,1,1,1,1,0,0,0,1,0,0,1,0,1,1,1,0,1,1,1
P02751,K08,Not Allowed,2021,NIDDK,post_policy,1,0,1,1,1,0,0,1,0,0,0,0,0,0,1,1,0,0,1,0,0,0,0,0,0,1,1,1,1,1,1,1,0,0,0,post,0,0,0,0,,,,0,0,0,0,1,0,1,1,1,0,new_trial,k0p1,,,,,0,,,1,1,0,,,,,,,,,,,,,,,,,
P02752,K23,Required,2021,NIDA,post_policy,1,1,1,1,1,1,1,1,0,1,0,0,0,0,1,1,0,1,1,0,1,1,1,1,0,1,1,1,1,1,1,1,0,0,1,post,1,1,1,0,,,,1,0,0,1,1,0,1,1,1,0,new_trial,k1p1,,,,,0,,,1,1,1,1,0,1,1,0,1,1,1,0,1,1,1,1,0,1,0,0
P02753,K23,Not Allowed,2021,NEI,post_policy,1,0,0,0,0,0,0,0,1,0,0,0,0,0,0,0,0,0,0,0,0,0,0,0,0,0,0,0,0,0,0,0,0,0,0,post,0,0,0,0,,,,0,0,0,0,0,0,0,0,0,0,none,k0p0,,,,,0,,,1,1,0,,,,,,,,,,,,,,,,,
P02754,K08,Not Allowed,2019,NIDDK,post_policy,1,0,0,0,0,0,0,0,0,0,0,0,0,0,0,0,0,0,0,0,0,0,0,0,0,0,1,0,0,1,0,0,1,0,0,post,0,0,0,1,0,0,0,0,0,0,0,0,0,0,0,0,0,none,k0p0,,,,,0,,,1,1,0,,,,,,,,,,,,,,,,,
P02755,K23,Not Allowed,2021,NHLBI,post_policy,1,0,0,0,0,0,0,0,0,0,0,0,0,0,0,0,0,0,0,0,0,0,0,0,0,0,0,0,0,0,0,0,0,0,0,post,0,0,0,0,,,,0,0,0,0,0,0,0,0,0,0,none,k0p0,,,,,0,,,1,1,0,,,,,,,,,,,,,,,,,
P02756,K08,Not Allowed,2020,NIDDK,post_policy,1,0,0,0,0,0,0,0,0,0,0,0,0,0,0,0,0,0,0,0,0,0,0,0,0,0,0,0,0,0,0,0,0,0,0,post,0,0,0,0,,,,0,0,0,0,0,0,0,0,0,0,none,k0p0,,,,,0,,,1,1,0,,,,,,,,,,,,,,,,,
P02757,K23,Not Allowed,2020,NIEHS,post_policy,1,0,0,0,0,0,0,0,0,0,0,0,0,0,0,0,0,0,0,0,0,0,0,0,0,0,0,0,0,0,0,0,0,0,0,post,0,0,0,0,,,,0,0,0,0,0,0,0,0,0,0,none,k0p0,,,,,0,,,1,1,0,,,,,,,,,,,,,,,,,
P02758,K23,Not Allowed,2020,NHLBI,post_policy,1,0,0,0,0,0,0,0,0,0,0,0,0,0,0,0,0,0,0,0,0,0,0,0,0,0,1,0,0,1,0,0,0,0,0,post,0,0,0,0,,,,0,0,0,0,0,0,0,0,0,0,none,k0p0,,,,,0,,,1,1,0,,,,,,,,,,,,,,,,,
P02759,K23,Required,2021,NIMH,post_policy,1,1,0,1,0,0,0,0,0,1,0,0,0,0,0,0,0,1,0,0,0,0,1,0,1,0,0,0,0,0,0,0,0,0,0,post,0,0,0,0,,,,0,0,1,1,0,1,0,0,0,1,ktrial_only,k1p0,k1p0,k1p0,k1p0,k1p0,0,,,1,1,1,1,0,0,0,1,0,0,1,0,0,1,1,1,0,0,1,1
P02760,K23,Not Allowed,2020,NIMH,post_policy,1,0,0,0,0,0,1,0,0,0,0,0,0,0,0,0,0,0,0,0,0,0,0,0,0,0,0,0,0,0,0,0,0,0,1,post,0,0,0,0,,,,0,0,0,0,0,0,0,0,0,0,none,k0p0,,,,,0,,,1,1,0,,,,,,,,,,,,,,,,,
P02761,K08,Not Allowed,2019,NCI,post_policy,1,0,1,1,0,1,0,0,0,0,0,0,0,0,1,0,0,0,1,0,0,0,0,0,0,0,0,0,0,0,0,0,1,0,0,post,0,0,0,1,1,0,1,0,0,0,0,1,0,0,1,1,0,new_trial,k0p1,,,,,0,,,1,1,0,,,,,,,,,,,,,,,,,
P02762,K23,Not Allowed,2020,NICHD,post_policy,1,0,0,0,0,0,0,0,0,0,0,0,0,0,0,0,0,0,0,0,0,0,0,0,0,0,0,0,0,0,0,0,0,0,0,post,0,0,0,0,,,,0,0,0,0,0,0,0,0,0,0,none,k0p0,,,,,0,,,1,1,0,,,,,,,,,,,,,,,,,
P02763,K23,Required,2019,NHLBI,post_policy,1,1,0,1,0,0,1,1,0,1,0,0,0,0,0,0,0,1,0,0,0,0,1,1,0,1,1,1,1,1,1,1,0,0,1,post,1,1,1,0,,,,1,0,0,1,0,1,0,0,0,0,ktrial_only,k1p0,,,,,0,,,1,1,1,1,1,0,0,0,1,0,0,1,0,1,1,1,0,1,0,0
P02764,K23,Not Allowed,2021,NIDCD,post_policy,1,0,0,0,0,0,0,0,0,0,0,0,0,0,0,0,0,0,0,0,0,0,0,0,0,0,0,0,0,0,0,0,0,0,0,post,0,0,0,0,,,,0,0,0,0,0,0,0,0,0,0,none,k0p0,,,,,0,,,1,1,0,,,,,,,,,,,,,,,,,
P02765,K08,Not Allowed,2021,NIDDK,post_policy,1,0,0,0,0,0,0,0,0,0,0,0,0,0,0,0,0,0,0,0,0,0,0,0,0,0,0,0,0,0,0,0,0,0,0,post,0,0,0,0,,,,0,0,0,0,0,0,0,0,0,0,none,k0p0,,,,,0,,,1,1,0,,,,,,,,,,,,,,,,,
P02766,K23,Required,2020,NIA,post_policy,1,1,0,1,0,0,0,0,0,1,0,0,0,0,0,0,0,1,0,0,0,0,1,1,0,0,0,0,0,0,0,0,0,0,0,post,1,1,0,0,,,,1,0,0,1,0,1,0,0,0,0,ktrial_only,k1p0,,,,,0,,,1,1,1,1,1,0,0,0,1,0,0,1,0,1,1,1,0,1,0,0
P02767,K08,Not Allowed,2019,NIDDK,post_policy,1,0,0,0,0,0,0,1,0,0,0,0,0,0,0,0,0,0,0,0,0,0,0,0,0,1,1,1,1,1,1,1,1,0,0,post,0,0,0,1,0,0,0,0,0,0,0,0,0,0,0,0,0,none,k0p0,,,,,0,,,1,1,0,,,,,,,,,,,,,,,,,
P02768,K08,Not Allowed,2020,NIDA,post_policy,1,0,0,0,0,0,0,0,0,0,0,0,0,0,0,0,0,0,0,0,0,0,0,0,0,0,0,1,0,0,0,1,0,0,0,post,0,0,0,0,,,,0,0,0,0,0,0,0,0,0,0,none,k0p0,,,,,0,,,1,1,0,,,,,,,,,,,,,,,,,
P02769,K08,Not Allowed,2021,NIDCR,post_policy,1,0,1,1,0,1,1,1,0,1,0,0,1,1,1,0,0,1,1,1,0,0,1,1,0,1,1,1,1,1,1,1,0,0,1,post,0,0,0,0,,,,1,0,0,1,1,1,1,1,1,0,new_trial,k1p1,,,,,0,,,1,1,0,,,,,,,,,,,,,,,,,
P02770,K23,Not Allowed,2020,NIGMS,post_policy,1,0,0,0,0,0,0,0,0,0,0,0,0,0,0,0,0,0,0,0,0,0,0,0,0,0,1,0,0,1,0,0,0,0,0,post,0,0,0,0,,,,0,0,0,0,0,0,0,0,0,0,none,k0p0,,,,,0,,,1,1,0,,,,,,,,,,,,,,,,,
P02771,K23,Not Allowed,2019,NIAMS,post_policy,1,0,0,0,0,0,0,0,0,0,0,0,0,0,0,0,0,0,0,0,0,0,0,0,0,0,0,0,0,0,0,0,1,0,0,post,0,0,0,1,0,0,0,0,0,0,0,0,0,0,0,0,0,none,k0p0,,,,,0,,,1,1,0,,,,,,,,,,,,,,,,,
P02772,K08,Not Allowed,2019,NHLBI,post_policy,1,0,0,0,0,0,0,1,0,0,0,0,0,0,0,0,0,0,0,0,0,0,0,0,0,1,1,1,1,1,1,1,1,0,0,post,0,0,0,1,0,0,0,0,0,0,0,0,0,0,0,0,0,none,k0p0,,,,,0,,,1,1,0,,,,,,,,,,,,,,,,,
P02773,K23,Not Allowed,2021,NIEHS,post_policy,1,0,0,0,0,0,0,0,0,0,0,0,0,0,0,0,0,0,0,0,0,0,0,0,0,0,0,0,0,0,0,0,0,0,0,post,0,0,0,0,,,,0,0,0,0,0,0,0,0,0,0,none,k0p0,,,,,0,,,1,1,0,,,,,,,,,,,,,,,,,
P02774,K23,Not Allowed,2020,NINDS,post_policy,1,0,1,1,0,1,0,0,0,0,0,1,1,1,1,0,0,0,1,0,0,0,0,0,0,0,0,0,0,0,0,0,0,0,0,post,0,0,0,0,,,,0,0,0,0,1,0,0,1,1,0,new_trial,k0p1,,,,,0,,,1,1,0,,,,,,,,,,,,,,,,,
P02775,K23,Not Allowed,2019,NICHD,post_policy,1,0,0,0,0,0,0,0,0,0,0,0,0,0,0,0,0,0,0,0,0,0,0,0,0,0,0,0,0,0,0,0,1,0,0,post,0,0,0,1,0,0,0,0,0,0,0,0,0,0,0,0,0,none,k0p0,,,,,0,,,1,1,0,,,,,,,,,,,,,,,,,
P02776,K23,Not Allowed,2018,NIAID,post_policy,1,0,1,1,0,1,0,1,0,0,0,1,1,0,1,1,0,0,1,0,0,0,0,0,0,1,1,1,1,1,1,1,1,0,0,post,0,0,0,1,1,0,1,0,0,0,0,1,0,1,1,1,0,new_trial,k0p1,,,,,0,,,1,1,0,,,,,,,,,,,,,,,,,
P02777,K08,Not Allowed,2020,NHLBI,post_policy,1,0,0,0,0,0,0,0,0,0,0,0,0,0,0,0,0,0,0,0,0,0,0,0,0,0,1,0,0,1,0,0,0,0,0,post,0,0,0,0,,,,0,0,0,0,0,0,0,0,0,0,none,k0p0,,,,,0,,,1,1,0,,,,,,,,,,,,,,,,,
P02778,K23,Required,2020,NIDA,post_policy,1,1,0,1,0,0,0,0,0,1,0,0,0,0,0,0,0,1,0,0,0,0,1,1,0,0,0,0,0,0,0,0,0,0,0,post,1,1,1,0,,,,1,0,0,1,0,1,0,0,0,0,ktrial_only,k1p0,,,,,0,,,1,1,1,1,1,1,0,0,1,0,0,1,1,1,1,1,0,1,0,0
P02779,K23,Required,2020,NIMH,post_policy,1,1,0,1,0,0,1,1,0,1,1,0,0,0,0,0,0,1,0,0,0,0,1,0,1,1,1,1,1,1,1,1,0,0,0,post,0,0,0,0,,,,0,0,1,1,0,1,0,0,0,0,ktrial_only,k1p0,,,,,0,,,1,1,1,1,0,1,0,0,1,0,0,0,0,1,1,0,0,0,0,0
P02780,K08,Not Allowed,2020,NINDS,post_policy,1,0,0,0,0,0,0,1,0,0,0,0,0,0,0,0,0,0,0,0,0,0,0,0,0,1,1,1,1,1,1,1,0,0,0,post,0,0,0,0,,,,0,0,0,0,0,0,0,0,0,0,none,k0p0,,,,,0,,,1,1,0,,,,,,,,,,,,,,,,,
P02781,K08,Required,2020,NCI,post_policy,1,1,1,1,0,1,0,0,0,1,1,0,0,0,1,0,0,1,1,0,0,0,1,0,1,0,0,0,0,0,0,0,0,0,0,post,0,0,0,0,,,,0,0,1,1,1,0,1,1,1,0,new_trial,k1p1,,,,,0,,,1,1,0,,,,,,,,,,,,,,,,,
P02782,K08,Not Allowed,2019,NINDS,post_policy,1,0,0,0,0,0,0,0,0,0,0,0,0,0,0,0,0,0,0,0,0,0,0,0,0,0,0,0,0,0,0,0,1,0,0,post,0,0,0,1,0,0,0,0,0,0,0,0,0,0,0,0,0,none,k0p0,,,,,0,,,1,1,0,,,,,,,,,,,,,,,,,
P02783,K23,Required,2019,NHLBI,post_policy,1,1,0,1,0,0,0,0,0,1,1,0,0,0,0,0,0,1,0,0,0,0,1,1,0,0,0,0,0,0,0,0,1,0,0,post,1,1,0,1,0,0,0,1,0,0,1,0,1,0,0,0,0,ktrial_only,k1p0,,,,,0,,,1,1,1,1,0,1,0,0,1,0,0,0,1,1,1,0,0,1,0,0
P02784,K08,Not Allowed,2021,NHLBI,post_policy,1,0,0,0,0,0,0,0,0,0,0,0,0,0,0,0,0,0,0,0,0,0,0,0,0,0,0,0,0,0,0,0,0,0,0,post,0,0,0,0,,,,0,0,0,0,0,0,0,0,0,0,none,k0p0,,,,,0,,,1,1,0,,,,,,,,,,,,,,,,,
P02785,K23,Not Allowed,2021,NEI,post_policy,1,0,0,0,0,0,0,1,0,0,0,0,0,0,0,0,0,0,0,0,0,0,0,0,0,1,1,1,1,1,1,1,0,0,0,post,0,0,0,0,,,,0,0,0,0,0,0,0,0,0,0,none,k0p0,,,,,0,,,1,1,0,,,,,,,,,,,,,,,,,
P02786,K23,Not Allowed,2019,NIAID,post_policy,1,0,0,0,0,0,0,0,0,0,0,0,0,0,0,0,0,0,0,0,0,0,0,0,0,0,0,0,0,0,0,0,1,0,0,post,0,0,0,1,0,0,0,0,0,0,0,0,0,0,0,0,0,none,k0p0,,,,,1,0,0,1,1,0,,,,,,,,,,,,,,,,,
P02787,K08,Not Allowed,2020,NIA,post_policy,1,0,0,0,0,0,0,0,0,0,0,0,0,0,0,0,0,0,0,0,0,0,0,0,0,0,0,0,0,0,0,0,0,0,0,post,0,0,0,0,,,,0,0,0,0,0,0,0,0,0,0,none,k0p0,,,,,0,,,1,1,0,,,,,,,,,,,,,,,,,
P02788,K23,Not Allowed,2021,NIAMS,post_policy,1,0,0,0,0,0,0,0,0,0,0,0,0,0,0,0,0,0,0,0,0,0,0,0,0,0,0,0,0,0,0,0,0,0,0,post,0,0,0,0,,,,0,0,0,0,0,0,0,0,0,0,none,k0p0,,,,,0,,,1,1,0,,,,,,,,,,,,,,,,,
P02789,K08,Not Allowed,2020,NCI,post_policy,1,0,0,0,0,0,0,1,0,0,0,0,0,0,0,0,0,0,0,0,0,0,0,0,0,1,1,1,1,1,1,1,0,0,0,post,0,0,0,0,,,,0,0,0,0,0,0,0,0,0,0,none,k0p0,,,,,0,,,1,1,0,,,,,,,,,,,,,,,,,
P02790,K23,Not Allowed,2021,NHLBI,post_policy,1,0,1,1,1,1,0,0,1,0,0,0,0,0,1,1,0,0,1,0,1,1,0,0,0,0,0,0,0,0,0,0,0,0,0,post,0,0,0,0,,,,0,0,0,0,1,0,1,1,1,1,new_trial,k0p1,k0p1,k0p1,k0p1,k0p1,0,,,1,1,0,,,,,,,,,,,,,,,,,
P02791,K23,Not Allowed,2021,NIAID,post_policy,1,0,0,0,0,0,0,0,0,0,0,0,0,0,0,0,0,0,0,0,0,0,0,0,0,0,0,0,0,0,0,0,0,0,0,post,0,0,0,0,,,,0,0,0,0,0,0,0,0,0,0,none,k0p0,,,,,0,,,1,1,0,,,,,,,,,,,,,,,,,
P02792,K23,Required,2020,NIDA,post_policy,1,1,0,1,0,0,0,1,0,1,0,0,0,0,0,0,0,1,0,0,0,0,1,0,1,1,1,1,1,1,1,1,0,0,0,post,1,0,0,0,,,,0,0,1,1,0,0,0,0,0,0,ktrial_only,k1p0,,,,,0,,,1,1,1,1,0,1,0,0,1,0,0,0,0,1,1,1,0,0,0,0
P02793,K08,Not Allowed,2018,NIAID,post_policy,1,0,0,0,0,0,0,0,0,0,0,0,0,0,0,0,0,0,0,0,0,0,0,0,0,0,1,0,0,1,0,0,1,0,0,post,0,0,0,1,0,0,0,0,0,0,0,0,0,0,0,0,0,none,k0p0,,,,,0,,,1,1,0,,,,,,,,,,,,,,,,,
P02794,K23,Required,2019,NHLBI,post_policy,1,1,0,1,0,0,0,0,0,1,1,0,0,0,0,0,0,1,0,0,0,0,1,1,0,0,0,0,0,0,0,0,1,0,0,post,1,1,1,1,1,1,1,1,0,0,1,0,0,0,0,1,0,ktrial_only,k1p0,,,,,0,,,1,1,1,1,0,0,1,0,0,1,1,0,1,1,1,1,0,1,1,1
P02795,K23,Required,2020,NHLBI,post_policy,1,1,0,1,0,0,0,0,0,1,1,0,0,0,0,0,0,1,0,0,0,0,1,0,1,0,0,0,0,0,0,0,0,0,0,post,1,1,1,0,,,,0,0,1,1,0,0,0,0,0,1,ktrial_only,k1p0,k0p0,k0p0,k0p0,k0p0,0,,,1,1,1,1,0,1,0,0,1,0,0,0,0,1,1,1,0,1,0,0
P02796,K23,Required,2021,NHLBI,post_policy,1,1,0,1,0,0,0,0,0,1,1,0,0,0,0,0,0,1,0,0,0,0,1,1,0,0,0,0,0,0,0,0,0,0,0,post,0,0,0,0,,,,1,0,0,1,0,1,0,0,0,0,ktrial_only,k1p0,,,,,0,,,1,1,1,1,1,0,0,0,1,0,0,1,0,1,0,0,0,0,0,0
P02797,K08,Not Allowed,2020,NHLBI,post_policy,1,0,0,0,0,0,0,0,0,0,0,0,0,0,0,0,0,0,0,0,0,0,0,0,0,0,1,0,0,1,0,0,0,0,0,post,0,0,0,0,,,,0,0,0,0,0,0,0,0,0,0,none,k0p0,,,,,0,,,1,1,0,,,,,,,,,,,,,,,,,
P02798,K23,Not Allowed,2019,NIAID,post_policy,1,0,0,0,0,0,0,0,0,0,0,0,0,0,0,0,0,0,0,0,0,0,0,0,0,0,0,0,0,0,0,0,1,0,0,post,0,0,0,1,0,0,0,0,0,0,0,0,0,0,0,0,0,none,k0p0,,,,,0,,,1,1,0,,,,,,,,,,,,,,,,,
P02799,K08,Not Allowed,2021,NHLBI,post_policy,1,0,0,0,0,0,0,0,0,0,0,0,0,0,0,0,0,0,0,0,0,0,0,0,0,0,0,0,0,0,0,0,0,0,0,post,0,0,0,0,,,,0,0,0,0,0,0,0,0,0,0,none,k0p0,,,,,0,,,1,1,0,,,,,,,,,,,,,,,,,
P02800,K08,Not Allowed,2021,NIAID,post_policy,1,0,0,0,0,0,0,1,0,0,0,0,0,0,0,0,0,0,0,0,0,0,0,0,0,1,1,1,1,1,1,1,0,0,0,post,0,0,0,0,,,,0,0,0,0,0,0,0,0,0,0,none,k0p0,,,,,0,,,1,1,0,,,,,,,,,,,,,,,,,
P02801,K08,Not Allowed,2020,NIMH,post_policy,1,0,0,0,0,0,0,1,0,0,0,0,0,0,0,0,0,0,0,0,0,0,0,0,0,1,1,1,1,1,1,1,0,0,0,post,0,0,0,0,,,,0,0,0,0,0,0,0,0,0,0,none,k0p0,,,,,0,,,1,1,0,,,,,,,,,,,,,,,,,
P02802,K23,Not Allowed,2018,NIDDK,post_policy,1,0,0,0,0,0,0,0,0,0,0,0,0,0,0,0,0,0,0,0,0,0,0,0,0,0,0,0,0,0,0,0,1,0,0,post,0,0,0,1,0,0,0,0,0,0,0,0,0,0,0,0,0,none,k0p0,,,,,0,,,1,1,0,,,,,,,,,,,,,,,,,
P02803,K23,Not Allowed,2019,NIMHD,post_policy,1,0,0,0,0,0,0,1,0,0,0,0,0,0,0,0,0,0,0,0,0,0,0,0,0,1,1,1,1,1,1,1,1,0,0,post,0,0,0,1,1,1,1,0,0,0,0,0,0,0,0,1,0,none,k0p0,,,,,0,,,1,1,0,,,,,,,,,,,,,,,,,
P02804,K08,Not Allowed,2019,NIBIB,post_policy,1,0,0,0,0,0,0,1,0,0,0,0,0,0,0,0,0,0,0,0,0,0,0,0,0,1,1,1,1,1,1,1,1,0,0,post,0,0,0,1,0,0,0,0,0,0,0,0,0,0,0,0,0,none,k0p0,,,,,0,,,1,1,0,,,,,,,,,,,,,,,,,
P02805,K23,Not Allowed,2020,NIDDK,post_policy,1,0,0,0,0,0,0,0,0,0,0,0,0,0,0,0,0,0,0,0,0,0,0,0,0,0,0,0,0,0,0,0,0,0,0,post,0,0,0,0,,,,0,0,0,0,0,0,0,0,0,0,none,k0p0,,,,,0,,,1,1,0,,,,,,,,,,,,,,,,,
P02806,K08,Not Allowed,2020,NIDDK,post_policy,1,0,0,0,0,0,0,0,0,0,0,0,0,0,0,0,0,0,0,0,0,0,0,0,0,0,0,0,0,0,0,0,0,0,0,post,0,0,0,0,,,,0,0,0,0,0,0,0,0,0,0,none,k0p0,,,,,0,,,1,1,0,,,,,,,,,,,,,,,,,
P02807,K23,Required,2021,NICHD,post_policy,1,1,0,1,0,0,0,0,0,1,0,0,0,0,0,0,0,1,0,0,0,0,1,1,0,0,0,0,0,0,0,0,0,0,0,post,1,1,1,0,,,,1,0,0,1,0,1,0,0,0,0,ktrial_only,k1p0,,,,,0,,,1,1,1,1,0,0,1,0,0,1,1,0,1,1,1,1,0,1,1,0
P02808,K23,Required,2021,NIMH,post_policy,1,1,0,1,0,0,1,1,0,1,0,0,0,0,0,0,0,1,0,0,0,0,1,1,0,1,1,1,1,1,1,1,0,0,1,post,1,0,0,0,,,,1,0,0,1,0,1,0,0,0,1,ktrial_only,k1p0,k1p0,k1p0,k1p0,k1p0,0,,,1,1,1,1,1,0,0,0,1,0,0,1,0,1,1,1,0,0,0,0
P02809,K23,Required,2018,NIDDK,post_policy,1,1,0,0,0,0,0,0,0,0,0,0,0,0,0,0,0,0,0,0,0,0,0,0,0,0,0,0,1,1,1,1,1,0,0,post,0,0,0,1,0,0,0,0,0,0,0,0,0,0,0,0,0,none,k0p0,,,,,0,,,1,1,1,0,0,0,0,0,0,0,0,0,0,0,0,0,0,0,0,0
P02810,K08,Not Allowed,2019,NIAAA,post_policy,1,0,0,0,0,0,0,1,0,0,0,0,0,0,0,0,0,0,0,0,0,0,0,0,0,1,1,1,1,1,1,1,1,0,0,post,0,0,0,1,0,0,0,0,0,0,0,0,0,0,0,0,0,none,k0p0,,,,,0,,,1,1,0,,,,,,,,,,,,,,,,,
P02811,K23,Not Allowed,2019,NICHD,post_policy,1,0,1,1,0,1,0,0,0,0,0,0,1,0,1,0,0,0,1,0,0,0,0,0,0,0,1,0,0,1,0,0,1,0,0,post,0,0,0,1,1,0,1,0,0,0,0,1,0,1,1,1,0,new_trial,k0p1,,,,,0,,,1,1,0,,,,,,,,,,,,,,,,,
P02812,K23,Not Allowed,2018,NIAID,post_policy,1,0,0,0,0,0,0,0,0,0,0,0,0,0,0,0,0,0,0,0,0,0,0,0,0,0,1,0,0,1,0,0,1,0,0,post,0,0,0,1,0,0,0,0,0,0,0,0,0,0,0,0,0,none,k0p0,,,,,0,,,1,1,0,,,,,,,,,,,,,,,,,
P02813,K08,Not Allowed,2018,NINDS,post_policy,1,0,0,0,0,0,0,0,0,0,0,0,0,0,0,0,0,0,0,0,0,0,0,0,0,0,1,0,0,1,0,0,1,0,0,post,0,0,0,1,0,0,0,0,0,0,0,0,0,0,0,0,0,none,k0p0,,,,,0,,,1,1,0,,,,,,,,,,,,,,,,,
P02814,K23,Required,2021,NIMH,post_policy,1,0,0,0,0,0,1,0,0,0,0,0,0,0,0,0,0,0,0,0,0,0,0,0,0,0,0,0,0,0,0,0,0,0,1,post,0,0,0,0,,,,0,0,0,0,0,0,0,0,0,0,none,k0p0,,,,,0,,,1,1,0,,,,,,,,,,,,,,,,,
P02815,K23,Not Allowed,2020,NIMH,post_policy,1,0,0,0,0,0,0,0,0,0,0,0,0,0,0,0,0,0,0,0,0,0,0,0,0,0,0,0,0,0,0,0,0,0,0,post,0,0,0,0,,,,0,0,0,0,0,0,0,0,0,0,none,k0p0,,,,,0,,,1,1,0,,,,,,,,,,,,,,,,,
P02816,K23,Not Allowed,2021,NIA,post_policy,1,0,0,0,0,0,0,0,0,0,0,0,0,0,0,0,0,0,0,0,0,0,0,0,0,0,0,0,0,0,0,0,0,0,0,post,0,0,0,0,,,,0,0,0,0,0,0,0,0,0,0,none,k0p0,,,,,0,,,1,1,0,,,,,,,,,,,,,,,,,
P02817,K23,Required,2021,NIMH,post_policy,1,0,1,1,0,1,1,0,0,0,0,0,0,0,1,1,0,0,1,0,0,0,1,0,0,0,0,0,0,0,0,0,0,0,0,post,0,0,0,0,,,,0,0,0,0,1,0,1,1,1,1,new_trial,k0p1,k0p1,k0p1,k0p1,k0p1,0,,,1,1,0,,,,,,,,,,,,,,,,,
P02818,K23,Not Allowed,2020,NINR,post_policy,1,0,0,0,0,0,0,0,0,0,0,0,0,0,0,0,0,0,0,0,0,0,0,0,0,0,0,0,0,0,0,0,0,0,0,post,0,0,0,0,,,,0,0,0,0,0,0,0,0,0,1,none,k0p0,k0p0,k0p0,k0p0,k0p0,0,,,1,1,0,,,,,,,,,,,,,,,,,
P02819,K08,Not Allowed,2020,NEI,post_policy,1,0,0,0,0,0,0,0,0,0,0,0,0,0,0,0,0,0,0,0,0,0,0,0,0,0,1,0,0,1,0,0,0,0,0,post,0,0,0,0,,,,0,0,0,0,0,0,0,0,0,0,none,k0p0,,,,,0,,,1,1,0,,,,,,,,,,,,,,,,,
P02820,K08,Not Allowed,2021,NIAID,post_policy,1,0,0,0,0,0,0,0,0,0,0,0,0,0,0,0,0,0,0,0,0,0,0,0,0,0,0,0,0,0,0,0,0,0,0,post,0,0,0,0,,,,0,0,0,0,0,0,0,0,0,0,none,k0p0,,,,,0,,,1,1,0,,,,,,,,,,,,,,,,,
P02821,K08,Not Allowed,2021,NEI,post_policy,1,0,0,0,0,0,1,1,0,0,0,0,0,0,0,0,0,0,0,0,0,0,0,0,0,1,1,1,1,1,1,1,0,0,1,post,0,0,0,0,,,,0,0,0,0,0,0,0,0,0,0,none,k0p0,,,,,0,,,1,1,0,,,,,,,,,,,,,,,,,
P02822,K23,Required,2019,NIMH,post_policy,1,1,0,1,0,0,0,0,0,1,0,0,0,0,0,0,0,1,0,0,0,0,1,1,0,0,0,0,0,0,0,0,1,0,0,post,1,1,1,1,0,0,0,1,0,0,1,0,0,0,0,0,1,ktrial_only,k1p0,k1p0,k1p0,k1p0,k1p0,0,,,1,1,1,1,0,1,0,0,1,0,0,0,1,1,1,1,0,1,1,1
P02823,K23,Not Allowed,2021,NIDDK,post_policy,1,0,0,0,0,0,1,0,0,0,0,0,0,0,0,0,0,0,0,0,0,0,0,0,0,0,0,0,0,0,0,0,0,0,1,post,0,0,0,0,,,,0,0,0,0,0,0,0,0,0,0,none,k0p0,,,,,0,,,1,1,0,,,,,,,,,,,,,,,,,
P02824,K23,Not Allowed,2019,NIMH,post_policy,1,0,0,0,0,0,0,0,0,0,0,0,0,0,0,0,0,0,0,0,0,0,0,0,0,0,0,0,0,0,0,0,1,0,0,post,0,0,0,1,0,0,0,0,0,0,0,0,0,0,0,0,0,none,k0p0,,,,,0,,,1,1,0,,,,,,,,,,,,,,,,,
P02825,K08,Not Allowed,2019,NCI,post_policy,1,0,1,1,0,1,0,0,0,0,0,0,0,0,1,0,0,0,1,0,0,0,0,0,0,0,1,0,0,1,0,0,1,0,0,post,0,0,0,1,1,0,1,0,0,0,0,1,0,1,1,1,0,new_trial,k0p1,,,,,0,,,1,1,0,,,,,,,,,,,,,,,,,
P02826,K08,Not Allowed,2019,NIDDK,post_policy,1,0,0,0,0,0,0,0,0,0,0,0,0,0,0,0,0,0,0,0,0,0,0,0,0,0,1,0,0,1,0,0,1,0,0,post,0,0,0,1,0,0,0,0,0,0,0,0,0,0,0,0,0,none,k0p0,,,,,0,,,1,1,0,,,,,,,,,,,,,,,,,
P02827,K08,Not Allowed,2019,NCI,post_policy,1,0,0,0,0,0,0,0,0,0,0,0,0,0,0,0,0,0,0,0,0,0,0,0,0,0,0,0,0,0,0,0,1,0,0,post,0,0,0,1,0,0,0,0,0,0,0,0,0,0,0,0,0,none,k0p0,,,,,0,,,1,1,0,,,,,,,,,,,,,,,,,
P02828,K23,Not Allowed,2020,NIAID,post_policy,1,0,0,0,0,0,0,0,0,0,0,0,0,0,0,0,0,0,0,0,0,0,0,0,0,0,0,0,0,0,0,0,0,0,0,post,0,0,0,0,,,,0,0,0,0,0,0,0,0,0,0,none,k0p0,,,,,0,,,1,1,0,,,,,,,,,,,,,,,,,
P02829,K23,Not Allowed,2019,NIMH,post_policy,1,0,0,0,0,0,0,1,0,0,0,0,0,0,0,0,0,0,0,0,0,0,0,0,0,1,1,1,1,1,1,1,1,0,0,post,0,0,0,1,0,0,0,0,0,0,0,0,0,0,0,0,0,none,k0p0,,,,,0,,,1,1,0,,,,,,,,,,,,,,,,,
P02830,K08,Not Allowed,2020,NIAID,post_policy,1,0,0,0,0,0,0,0,0,0,0,0,0,0,0,0,0,0,0,0,0,0,0,0,0,0,0,0,0,0,0,0,0,0,0,post,0,0,0,0,,,,0,0,0,0,0,0,0,0,0,0,none,k0p0,,,,,0,,,1,1,0,,,,,,,,,,,,,,,,,
P02831,K23,Required,2020,NICHD,post_policy,1,1,0,1,0,0,0,1,0,1,0,0,0,0,0,0,0,1,0,0,0,0,1,1,0,1,1,1,1,1,1,1,0,0,0,post,0,0,0,0,,,,1,0,0,1,0,1,0,0,0,0,ktrial_only,k1p0,,,,,0,,,1,1,1,1,0,0,0,1,0,0,1,1,0,1,1,0,0,0,0,0
P02832,K23,Not Allowed,2020,NIMHD,post_policy,1,0,0,0,0,0,0,0,0,0,0,0,0,0,0,0,0,0,0,0,0,0,0,0,0,0,0,0,0,0,0,0,0,0,0,post,0,0,0,0,,,,0,0,0,0,0,0,0,0,0,0,none,k0p0,,,,,1,0,0,1,1,0,,,,,,,,,,,,,,,,,
P02833,K08,Not Allowed,2019,NIDDK,post_policy,1,0,0,0,0,0,0,0,0,0,0,0,0,0,0,0,0,0,0,0,0,0,0,0,0,0,0,0,0,0,0,0,1,0,0,post,0,0,0,1,0,0,0,0,0,0,0,0,0,0,0,0,0,none,k0p0,,,,,0,,,1,1,0,,,,,,,,,,,,,,,,,
P02834,K23,Required,2021,NIDDK,post_policy,1,0,0,1,0,0,0,0,0,1,0,0,0,0,0,0,0,1,0,0,0,0,1,1,0,0,0,0,0,0,0,0,0,0,0,post,1,1,1,0,,,,1,0,0,1,0,1,0,0,0,0,ktrial_only,k1p0,,,,,0,,,1,1,0,,,,,,,,,,,,,,,,,
P02835,K23,Not Allowed,2020,NHLBI,post_policy,1,0,0,0,0,0,0,1,0,0,0,0,0,0,0,0,0,0,0,0,0,0,0,0,0,1,1,1,1,1,1,1,0,0,0,post,0,0,0,0,,,,0,0,0,0,0,0,0,0,0,0,none,k0p0,,,,,0,,,1,1,0,,,,,,,,,,,,,,,,,
P02836,K08,Not Allowed,2019,NHLBI,post_policy,1,0,0,0,0,0,0,1,0,0,0,0,0,0,0,0,0,0,0,0,0,0,0,0,0,1,1,1,1,1,1,1,1,0,0,post,0,0,0,1,0,0,0,0,0,0,0,0,0,0,0,0,0,none,k0p0,,,,,0,,,1,1,0,,,,,,,,,,,,,,,,,
P02837,K08,Not Allowed,2021,NCI,post_policy,1,0,0,0,0,0,1,0,0,0,0,0,0,0,0,0,0,0,0,0,0,0,0,0,0,0,0,0,0,0,0,0,0,0,1,post,0,0,0,0,,,,0,0,0,0,0,0,0,0,0,0,none,k0p0,,,,,0,,,1,1,0,,,,,,,,,,,,,,,,,
P02838,K23,Required,2019,NICHD,post_policy,1,1,0,1,0,0,0,0,0,1,0,0,0,0,0,0,0,1,0,0,0,0,1,0,1,0,0,0,0,0,0,0,1,1,0,post,0,0,0,1,0,0,0,0,0,1,1,0,1,0,0,0,0,ktrial_only,k1p0,,,,,0,,,1,1,0,,,,,,,,,,,,,,,,,
P02839,K23,Not Allowed,2021,NHLBI,post_policy,1,0,0,0,0,0,0,0,0,0,0,0,0,0,0,0,0,0,0,0,0,0,0,0,0,0,0,0,0,0,0,0,0,0,0,post,0,0,0,0,,,,0,0,0,0,0,0,0,0,0,0,none,k0p0,,,,,0,,,1,1,0,,,,,,,,,,,,,,,,,
P02840,K08,Required,2019,NCI,post_policy,1,1,0,1,0,0,1,0,0,1,0,0,0,0,0,0,0,1,0,0,0,0,1,0,1,0,0,0,0,0,0,0,1,0,1,post,1,1,1,1,0,0,0,0,0,1,1,0,1,0,0,0,0,ktrial_only,k1p0,,,,,0,,,1,1,0,,,,,,,,,,,,,,,,,
P02841,K08,Not Allowed,2018,NIAID,post_policy,1,0,0,0,0,0,0,0,0,0,0,0,0,0,0,0,0,0,0,0,0,0,0,0,0,0,0,0,0,0,0,0,1,0,0,post,0,0,0,1,0,0,0,0,0,0,0,0,0,0,0,0,0,none,k0p0,,,,,0,,,1,1,0,,,,,,,,,,,,,,,,,
P02842,K08,Not Allowed,2021,NIAMS,post_policy,1,0,0,0,0,0,0,0,0,0,0,0,0,0,0,0,0,0,0,0,0,0,0,0,0,0,1,0,0,1,0,0,0,0,0,post,0,0,0,0,,,,0,0,0,0,0,0,0,0,0,0,none,k0p0,,,,,0,,,1,1,0,,,,,,,,,,,,,,,,,
P02843,K08,Not Allowed,2021,NHLBI,post_policy,1,0,0,0,0,0,0,0,0,0,0,0,0,0,0,0,0,0,0,0,0,0,0,0,0,0,1,0,0,1,0,0,0,0,0,post,0,0,0,0,,,,0,0,0,0,0,0,0,0,0,0,none,k0p0,,,,,0,,,1,1,0,,,,,,,,,,,,,,,,,
P02844,K23,Not Allowed,2019,NINDS,post_policy,1,0,1,1,1,1,1,1,0,0,0,0,0,0,1,0,0,0,1,0,0,0,1,0,0,1,1,1,1,1,1,1,1,0,1,post,0,0,0,1,1,0,1,0,0,0,0,1,0,1,1,1,0,new_trial,k0p1,,,,,0,,,1,1,0,,,,,,,,,,,,,,,,,
P02845,K08,Not Allowed,2020,NHLBI,post_policy,1,0,0,0,0,0,0,1,0,0,0,0,0,0,0,0,0,0,0,0,0,0,0,0,0,1,1,1,1,1,1,1,0,0,0,post,0,0,0,0,,,,0,0,0,0,0,0,0,0,0,0,none,k0p0,,,,,0,,,1,1,0,,,,,,,,,,,,,,,,,
P02846,K23,Not Allowed,2021,NIAID,post_policy,1,0,0,0,0,0,0,1,0,0,0,0,0,0,0,0,0,0,0,0,0,0,0,0,0,1,1,1,1,1,1,1,0,0,0,post,0,0,0,0,,,,0,0,0,0,0,0,0,0,0,0,none,k0p0,,,,,0,,,1,1,0,,,,,,,,,,,,,,,,,
P02847,K23,Required,2020,NHLBI,post_policy,1,1,0,1,0,0,1,0,0,1,0,0,0,0,0,0,0,1,0,0,0,0,1,1,0,0,0,0,0,0,0,0,0,0,1,post,1,0,0,0,,,,1,0,0,1,0,0,0,0,0,0,ktrial_only,k1p0,,,,,0,,,1,1,1,1,1,0,0,0,1,0,0,1,0,1,1,1,0,0,0,0
P02848,K08,Not Allowed,2020,NHLBI,post_policy,1,0,0,0,0,0,0,0,0,0,0,0,0,0,0,0,0,0,0,0,0,0,0,0,0,0,0,0,0,0,0,0,0,0,0,post,0,0,0,0,,,,0,0,0,0,0,0,0,0,0,0,none,k0p0,,,,,0,,,1,1,0,,,,,,,,,,,,,,,,,
P02849,K08,Not Allowed,2020,NINDS,post_policy,1,0,0,0,0,0,0,0,0,0,0,0,0,0,0,0,0,0,0,0,0,0,0,0,0,0,0,0,0,0,0,0,0,0,0,post,0,0,0,0,,,,0,0,0,0,0,0,0,0,0,0,none,k0p0,,,,,0,,,1,1,0,,,,,,,,,,,,,,,,,
P02850,K23,Not Allowed,2019,NIAAA,post_policy,1,0,0,0,0,0,0,0,0,0,0,0,0,0,0,0,0,0,0,0,0,0,0,0,0,0,1,0,0,1,0,0,1,0,0,post,0,0,0,1,0,0,0,0,0,0,0,0,0,0,0,0,0,none,k0p0,,,,,0,,,1,1,0,,,,,,,,,,,,,,,,,
P02851,K08,Not Allowed,2020,NIDDK,post_policy,1,0,0,0,0,0,0,0,0,0,0,0,0,0,0,0,0,0,0,0,0,0,0,0,0,0,1,0,0,1,0,0,0,0,0,post,0,0,0,0,,,,0,0,0,0,0,0,0,0,0,0,none,k0p0,,,,,0,,,1,1,0,,,,,,,,,,,,,,,,,
P02852,K23,Not Allowed,2020,NIDCD,post_policy,1,0,0,0,0,0,0,1,0,0,0,0,0,0,0,0,0,0,0,0,0,0,0,0,0,1,1,1,1,1,1,1,0,0,0,post,0,0,0,0,,,,0,0,0,0,0,0,0,0,0,0,none,k0p0,,,,,0,,,1,1,0,,,,,,,,,,,,,,,,,
P02853,K23,Not Allowed,2020,NIMH,post_policy,1,0,1,1,0,1,0,0,0,0,0,0,0,0,1,0,0,0,1,0,0,0,0,0,0,0,0,0,0,0,0,0,0,0,0,post,0,0,0,0,,,,0,0,0,0,1,0,1,1,1,0,new_trial,k0p1,,,,,0,,,1,1,0,,,,,,,,,,,,,,,,,
P02854,K08,Not Allowed,2021,NIDDK,post_policy,1,0,0,1,0,0,0,1,0,1,1,0,0,0,0,0,0,1,0,0,0,0,1,0,1,1,1,1,1,1,1,1,0,0,0,post,0,0,0,0,,,,0,0,1,1,0,1,0,0,0,0,ktrial_only,k1p0,,,,,0,,,1,1,0,,,,,,,,,,,,,,,,,
P02855,K23,Not Allowed,2020,NICHD,post_policy,1,0,0,0,0,0,0,0,0,0,0,0,0,0,0,0,0,0,0,0,0,0,0,0,0,0,1,0,1,1,1,1,0,0,0,post,0,0,0,0,,,,0,0,0,0,0,0,0,0,0,0,none,k0p0,,,,,0,,,1,1,0,,,,,,,,,,,,,,,,,
P02856,K08,Not Allowed,2019,NIAID,post_policy,1,0,0,0,0,0,0,0,0,0,0,0,0,0,0,0,0,0,0,0,0,0,0,0,0,0,0,0,0,0,0,0,1,0,0,post,0,0,0,1,0,0,0,0,0,0,0,0,0,0,0,0,0,none,k0p0,,,,,0,,,1,1,0,,,,,,,,,,,,,,,,,
P02857,K23,Not Allowed,2020,NHLBI,post_policy,1,0,0,0,0,0,0,0,0,0,0,0,0,0,0,0,0,0,0,0,0,0,0,0,0,0,1,0,0,1,0,0,0,0,0,post,0,0,0,0,,,,0,0,0,0,0,0,0,0,0,0,none,k0p0,,,,,0,,,1,1,0,,,,,,,,,,,,,,,,,
P02858,K08,Not Allowed,2020,NCI,post_policy,1,0,0,0,0,0,0,0,0,0,0,0,0,0,0,0,0,0,0,0,0,0,0,0,0,0,0,0,0,0,0,0,0,0,0,post,0,0,0,0,,,,0,0,0,0,0,0,0,0,0,0,none,k0p0,,,,,0,,,1,1,0,,,,,,,,,,,,,,,,,
P02859,K08,Not Allowed,2020,NIGMS,post_policy,1,0,0,0,0,0,0,0,0,0,0,0,0,0,0,0,0,0,0,0,0,0,0,0,0,0,0,1,0,0,0,1,0,0,0,post,0,0,0,0,,,,0,0,0,0,0,0,0,0,0,0,none,k0p0,,,,,0,,,1,1,0,,,,,,,,,,,,,,,,,
P02860,K08,Required,2019,NCI,post_policy,1,1,1,1,0,1,1,0,0,0,0,0,0,0,1,0,0,0,1,0,0,0,1,0,0,0,0,0,0,0,0,0,1,0,1,post,0,0,0,1,1,0,1,0,0,0,0,1,0,0,1,1,0,new_trial,k0p1,,,,,0,,,1,1,0,,,,,,,,,,,,,,,,,
P02861,K08,Not Allowed,2019,NIAID,post_policy,1,0,0,0,0,0,0,0,0,0,0,0,0,0,0,0,0,0,0,0,0,0,0,0,0,0,0,0,0,0,0,0,1,0,0,post,0,0,0,1,0,0,0,0,0,0,0,0,0,0,0,0,0,none,k0p0,,,,,0,,,1,1,0,,,,,,,,,,,,,,,,,
P02862,K23,Not Allowed,2021,NHLBI,post_policy,1,0,0,0,0,0,0,0,0,0,0,0,0,0,0,0,0,0,0,0,0,0,0,0,0,0,0,0,0,0,0,0,0,0,0,post,0,0,0,0,,,,0,0,0,0,0,0,0,0,0,0,none,k0p0,,,,,0,,,1,1,0,,,,,,,,,,,,,,,,,
P02863,K23,Required,2019,NHLBI,post_policy,1,1,0,1,0,0,0,1,0,1,0,0,0,0,0,0,0,1,0,0,0,0,1,1,0,1,1,1,1,1,1,1,1,0,0,post,1,1,0,1,0,0,0,1,0,0,1,0,0,0,0,0,0,ktrial_only,k1p0,,,,,0,,,1,1,1,1,1,0,0,0,1,0,0,1,0,1,1,1,0,1,0,0
P02864,K23,Not Allowed,2020,NHLBI,post_policy,1,0,0,0,0,0,0,1,0,0,0,0,0,0,0,0,0,0,0,0,0,0,0,0,0,1,1,1,1,1,1,1,0,0,0,post,0,0,0,0,,,,0,0,0,0,0,0,0,0,0,0,none,k0p0,,,,,0,,,1,1,0,,,,,,,,,,,,,,,,,
P02865,K08,Not Allowed,2021,NCI,post_policy,1,0,0,0,0,0,0,0,0,0,0,0,0,0,0,0,0,0,0,0,0,0,0,0,0,0,0,0,0,0,0,0,0,0,0,post,0,0,0,0,,,,0,0,0,0,0,0,0,0,0,0,none,k0p0,,,,,0,,,1,1,0,,,,,,,,,,,,,,,,,
P02866,K08,Not Allowed,2021,NIMH,post_policy,1,0,0,0,0,0,1,0,0,0,0,0,0,0,0,0,0,0,0,0,0,0,1,0,0,0,0,0,0,0,0,0,0,0,0,post,0,0,0,0,,,,0,0,0,0,0,0,0,0,0,0,none,k0p0,,,,,0,,,1,1,0,,,,,,,,,,,,,,,,,
P02867,K23,Required,2018,NIMH,post_policy,1,1,1,1,1,1,0,1,0,1,0,0,1,1,1,0,0,1,1,0,0,0,1,0,1,1,1,1,1,1,1,1,1,0,0,post,1,0,0,1,1,0,1,0,0,1,1,1,1,0,1,1,0,new_trial,k1p1,,,,,0,,,1,1,1,1,0,1,0,0,1,0,0,0,0,1,1,1,0,0,0,0
P02868,K08,Not Allowed,2019,NIAID,post_policy,1,0,0,0,0,0,0,0,0,0,0,0,0,0,0,0,0,0,0,0,0,0,0,0,0,0,0,0,0,0,0,0,1,0,0,post,0,0,0,1,0,0,0,0,0,0,0,0,0,0,0,0,0,none,k0p0,,,,,0,,,1,1,0,,,,,,,,,,,,,,,,,
P02869,K08,Not Allowed,2021,NCI,post_policy,1,0,0,0,0,0,0,0,0,0,0,0,0,0,0,0,0,0,0,0,0,0,0,0,0,0,1,0,0,1,0,0,0,0,0,post,0,0,0,0,,,,0,0,0,0,0,0,0,0,0,0,none,k0p0,,,,,0,,,1,1,0,,,,,,,,,,,,,,,,,
P02870,K23,Not Allowed,2020,NHLBI,post_policy,1,0,0,0,0,0,0,1,0,0,0,0,0,0,0,0,0,0,0,0,0,0,0,0,0,1,1,1,1,1,1,1,0,0,0,post,0,0,0,0,,,,0,0,0,0,0,0,0,0,0,1,none,k0p0,k0p0,k0p0,k0p0,k0p0,0,,,1,1,0,,,,,,,,,,,,,,,,,
P02871,K23,Not Allowed,2019,NIEHS,post_policy,1,0,0,0,0,0,1,0,0,0,0,0,0,0,0,0,0,0,0,0,0,0,0,0,0,0,0,0,0,0,0,0,1,0,1,post,0,0,0,1,1,1,1,0,0,0,0,0,0,0,0,1,1,none,k0p0,k0p0,k0p0,k0p0,k0p0,0,,,1,1,0,,,,,,,,,,,,,,,,,
P02872,K23,Not Allowed,2021,NIDDK,post_policy,1,0,0,0,0,0,0,1,0,0,0,0,0,0,0,0,0,0,0,0,0,0,0,0,0,1,1,1,1,1,1,1,0,0,0,post,0,0,0,0,,,,0,0,0,0,0,0,0,0,0,1,none,k0p0,k0p0,k0p0,k0p0,k0p0,0,,,1,1,0,,,,,,,,,,,,,,,,,
P02873,K08,Not Allowed,2020,NCI,post_policy,1,0,1,1,1,1,0,0,0,0,0,0,1,1,1,1,0,0,1,0,0,0,0,0,0,0,0,0,0,0,0,0,0,0,0,post,0,0,0,0,,,,0,0,0,0,1,0,1,1,1,0,new_trial,k0p1,,,,,0,,,1,1,0,,,,,,,,,,,,,,,,,
P02874,K23,Not Allowed,2019,NIA,post_policy,1,0,0,0,0,0,0,0,0,0,0,0,0,0,0,0,0,0,0,0,0,0,0,0,0,0,0,0,0,0,0,0,1,0,0,post,0,0,0,1,0,0,0,0,0,0,0,0,0,0,0,0,0,none,k0p0,,,,,0,,,1,1,0,,,,,,,,,,,,,,,,,
P02875,K08,Not Allowed,2019,NIMH,post_policy,1,0,0,0,0,0,0,0,0,0,0,0,0,0,0,0,0,0,0,0,0,0,0,0,0,0,0,0,0,0,0,0,1,0,0,post,0,0,0,1,0,0,0,0,0,0,0,0,0,0,0,0,0,none,k0p0,,,,,0,,,1,1,0,,,,,,,,,,,,,,,,,
P02876,K23,Required,2021,NIA,post_policy,1,1,0,0,0,0,0,0,0,0,0,0,0,0,0,0,0,0,0,0,0,0,0,0,0,0,0,0,1,1,1,1,0,0,0,post,0,0,0,0,,,,0,0,0,0,0,0,0,0,0,0,none,k0p0,,,,,0,,,1,1,1,0,0,0,0,0,0,0,0,0,0,0,0,0,0,0,0,0
P02877,K23,Required,2020,NIDDK,post_policy,1,1,0,0,0,0,0,0,0,0,0,0,0,0,0,0,0,0,0,0,0,0,0,0,0,0,0,0,0,0,0,0,0,0,0,post,0,0,0,0,,,,0,0,0,0,0,0,0,0,0,0,none,k0p0,,,,,0,,,1,1,1,0,0,0,0,0,0,0,0,0,0,0,0,0,0,0,0,0
P02878,K08,Required,2020,NCI,post_policy,1,0,1,1,0,1,1,0,0,0,0,0,0,0,1,0,0,0,1,0,0,0,1,0,0,0,0,0,0,0,0,0,0,0,0,post,0,0,0,0,,,,0,0,0,0,1,0,0,1,1,0,new_trial,k0p1,,,,,0,,,1,1,0,,,,,,,,,,,,,,,,,
P02879,K08,Not Allowed,2019,NIAID,post_policy,1,0,0,0,0,0,0,0,0,0,0,0,0,0,0,0,0,0,0,0,0,0,0,0,0,0,1,0,0,1,0,0,1,0,0,post,0,0,0,1,0,0,0,0,0,0,0,0,0,0,0,0,0,none,k0p0,,,,,0,,,1,1,0,,,,,,,,,,,,,,,,,
P02880,K08,Not Allowed,2020,NIAID,post_policy,1,0,0,0,0,0,0,0,0,0,0,0,0,0,0,0,0,0,0,0,0,0,0,0,0,0,0,0,0,0,0,0,0,0,0,post,0,0,0,0,,,,0,0,0,0,0,0,0,0,0,0,none,k0p0,,,,,0,,,1,1,0,,,,,,,,,,,,,,,,,
P02881,K08,Not Allowed,2021,NIDCR,post_policy,1,0,0,0,0,0,0,0,0,0,0,0,0,0,0,0,0,0,0,0,0,0,0,0,0,0,0,0,0,0,0,0,0,0,0,post,0,0,0,0,,,,0,0,0,0,0,0,0,0,0,0,none,k0p0,,,,,0,,,1,1,0,,,,,,,,,,,,,,,,,
P02882,K23,Required,2021,NIDA,post_policy,1,1,0,0,0,0,0,0,0,0,0,0,0,0,0,0,0,0,0,0,0,0,0,0,0,0,0,0,0,0,0,0,0,0,0,post,0,0,0,0,,,,0,0,0,0,0,0,0,0,0,0,none,k0p0,,,,,0,,,1,1,1,0,0,0,0,0,0,0,0,0,0,0,0,0,0,0,0,0
P02883,K08,Not Allowed,2020,NEI,post_policy,1,0,0,0,0,0,0,1,0,0,0,0,0,0,0,0,0,0,0,0,0,0,0,0,0,1,1,1,1,1,1,1,0,0,0,post,0,0,0,0,,,,0,0,0,0,0,0,0,0,0,0,none,k0p0,,,,,0,,,1,1,0,,,,,,,,,,,,,,,,,
P02884,K08,Not Allowed,2020,NHLBI,post_policy,1,0,0,0,0,0,0,0,0,0,0,0,0,0,0,0,0,0,0,0,0,0,0,0,0,0,0,0,0,0,0,0,0,0,0,post,0,0,0,0,,,,0,0,0,0,0,0,0,0,0,0,none,k0p0,,,,,0,,,1,1,0,,,,,,,,,,,,,,,,,
P02885,K23,Required,2019,NIDDK,post_policy,1,1,1,1,0,0,0,0,0,1,0,0,1,1,1,1,0,1,1,1,1,1,1,1,0,0,1,0,0,1,0,0,1,0,0,post,1,1,0,1,1,0,1,1,0,0,1,1,1,1,1,1,0,new_trial,k1p1,,,,,0,,,1,1,1,1,0,0,0,1,0,0,1,1,0,1,1,1,0,1,1,1
P02886,K23,Not Allowed,2019,NINDS,post_policy,1,0,0,0,0,0,0,0,0,0,0,0,0,0,0,0,0,0,0,0,0,0,0,0,0,0,0,1,0,0,0,1,1,0,0,post,0,0,0,1,0,0,0,0,0,0,0,0,0,0,0,0,0,none,k0p0,,,,,0,,,1,1,0,,,,,,,,,,,,,,,,,
P02887,K08,Not Allowed,2020,NIDDK,post_policy,1,0,0,0,0,0,0,0,0,0,0,0,0,0,0,0,0,0,0,0,0,0,0,0,0,0,0,0,0,0,0,0,0,0,0,post,0,0,0,0,,,,0,0,0,0,0,0,0,0,0,0,none,k0p0,,,,,0,,,1,1,0,,,,,,,,,,,,,,,,,
P02888,K08,Required,2021,NCI,post_policy,1,1,0,0,0,0,0,0,0,0,0,0,0,0,0,0,0,0,0,0,0,0,0,0,0,0,0,0,0,0,0,0,0,0,0,post,0,0,0,0,,,,0,0,0,0,0,0,0,0,0,0,none,k0p0,,,,,0,,,1,1,0,,,,,,,,,,,,,,,,,
P02889,K23,Required,2019,NHLBI,post_policy,1,1,0,1,0,0,0,0,0,1,0,0,0,0,0,0,0,1,0,0,0,0,1,1,0,0,1,0,0,1,0,0,1,0,0,post,1,1,0,1,1,1,1,1,0,0,1,0,1,0,0,1,0,ktrial_only,k1p0,,,,,0,,,1,1,1,1,0,0,0,1,0,0,1,0,1,1,1,1,0,1,0,0
P02890,K08,Not Allowed,2020,NIDDK,post_policy,1,0,0,0,0,0,0,0,0,0,0,0,0,0,0,0,0,0,0,0,0,0,0,0,0,0,0,0,0,0,0,0,0,0,0,post,0,0,0,0,,,,0,0,0,0,0,0,0,0,0,0,none,k0p0,,,,,0,,,1,1,0,,,,,,,,,,,,,,,,,
P02891,K08,Not Allowed,2019,NIAMS,post_policy,1,0,0,0,0,0,0,0,0,0,0,0,0,0,0,0,0,0,0,0,0,0,0,0,0,0,0,0,0,0,0,0,1,0,0,post,0,0,0,1,0,0,0,0,0,0,0,0,0,0,0,0,0,none,k0p0,,,,,0,,,1,1,0,,,,,,,,,,,,,,,,,
P02892,K23,Not Allowed,2019,NIAMS,post_policy,1,0,0,0,0,0,0,0,0,0,0,0,0,0,0,0,0,0,0,0,0,0,0,0,0,0,1,0,0,1,0,0,1,0,0,post,0,0,0,1,0,0,0,0,0,0,0,0,0,0,0,0,0,none,k0p0,,,,,0,,,1,1,0,,,,,,,,,,,,,,,,,
P02893,K23,Not Allowed,2020,NIMHD,post_policy,1,1,0,0,0,0,0,1,0,0,0,0,0,0,0,0,0,0,0,0,0,0,0,0,0,1,1,1,1,1,1,1,0,0,0,post,0,0,0,0,,,,0,0,0,0,0,0,0,0,0,0,none,k0p0,,,,,0,,,1,1,1,0,0,0,0,0,0,0,0,0,0,0,0,0,0,0,0,0
P02894,K08,Not Allowed,2020,NHLBI,post_policy,1,0,1,1,0,1,0,0,0,0,0,0,1,0,1,0,0,0,1,0,0,0,0,0,0,0,0,0,0,0,0,0,0,0,0,post,0,0,0,0,,,,0,0,0,0,1,0,1,1,1,0,new_trial,k0p1,,,,,0,,,1,1,0,,,,,,,,,,,,,,,,,
P02895,K23,Not Allowed,2019,NINDS,post_policy,1,0,0,0,0,0,0,0,0,0,0,0,0,0,0,0,0,0,0,0,0,0,0,0,0,0,0,0,0,0,0,0,1,0,0,post,0,0,0,1,0,0,0,0,0,0,0,0,0,0,0,0,0,none,k0p0,,,,,0,,,1,1,0,,,,,,,,,,,,,,,,,
P02896,K08,Not Allowed,2020,NHLBI,post_policy,1,0,0,0,0,0,0,1,0,0,0,0,0,0,0,0,0,0,0,0,0,0,0,0,0,1,1,1,1,1,1,1,0,0,0,post,0,0,0,0,,,,0,0,0,0,0,0,0,0,0,0,none,k0p0,,,,,0,,,1,1,0,,,,,,,,,,,,,,,,,
P02897,K23,Required,2021,NHLBI,post_policy,1,1,0,0,0,0,0,0,0,0,0,0,0,0,0,0,0,0,0,0,0,0,0,0,0,0,1,0,0,1,0,0,0,0,0,post,0,0,0,0,,,,0,0,0,0,0,0,0,0,0,0,none,k0p0,,,,,0,,,1,1,1,0,0,0,0,0,0,0,0,0,0,0,0,0,0,0,0,0
P02898,K08,Not Allowed,2019,NCI,post_policy,1,0,0,0,0,0,0,0,0,0,0,0,0,0,0,0,0,0,0,0,0,0,0,0,0,0,0,0,0,0,0,0,1,0,0,post,0,0,0,1,0,0,0,0,0,0,0,0,0,0,0,0,0,none,k0p0,,,,,0,,,1,1,0,,,,,,,,,,,,,,,,,
P02899,K23,Required,2019,NICHD,post_policy,1,1,0,0,0,0,1,0,0,0,0,0,0,0,0,0,0,0,0,0,0,0,1,0,0,0,1,0,0,1,0,0,1,0,1,post,0,0,0,1,1,1,1,0,0,0,0,0,0,0,0,1,0,none,k0p0,,,,,0,,,1,1,1,0,0,0,0,0,0,0,0,0,0,0,0,0,0,0,0,0
P02900,K23,Required,2021,NHLBI,post_policy,1,0,0,0,0,0,0,0,0,0,0,0,0,0,0,0,0,0,0,0,0,0,0,0,0,0,0,0,0,0,0,0,0,0,0,post,0,0,0,0,,,,0,0,0,0,0,0,0,0,0,0,none,k0p0,,,,,0,,,1,1,0,,,,,,,,,,,,,,,,,
P02901,K23,Required,2020,NIMH,post_policy,1,0,1,1,0,1,0,0,0,1,0,0,1,0,1,0,0,1,1,0,0,0,1,1,0,0,0,0,0,0,0,0,0,0,0,post,0,0,0,0,,,,1,0,0,1,1,0,0,1,1,1,new_trial,k1p1,k0p1,k0p1,k0p1,k0p1,0,,,1,1,0,,,,,,,,,,,,,,,,,
P02902,K08,Not Allowed,2018,NINDS,post_policy,1,0,0,0,0,0,0,1,0,0,0,0,0,0,0,0,0,0,0,0,0,0,0,0,0,1,1,1,1,1,1,1,1,0,0,post,0,0,0,1,0,0,0,0,0,0,0,0,0,0,0,0,0,none,k0p0,,,,,0,,,1,1,0,,,,,,,,,,,,,,,,,
P02903,K08,Required,2019,NCI,post_policy,1,1,0,0,0,0,0,0,0,0,0,0,0,0,0,0,0,0,0,0,0,0,0,0,0,0,1,0,0,1,0,0,1,0,0,post,0,0,0,1,0,0,0,0,0,0,0,0,0,0,0,0,0,none,k0p0,,,,,0,,,1,1,0,,,,,,,,,,,,,,,,,
P02904,K23,Not Allowed,2021,NIA,post_policy,1,0,0,0,0,0,0,1,0,0,0,0,0,0,0,0,0,0,0,0,0,0,0,0,0,1,1,1,1,1,1,1,0,0,0,post,0,0,0,0,,,,0,0,0,0,0,0,0,0,0,0,none,k0p0,,,,,0,,,1,1,0,,,,,,,,,,,,,,,,,
P02905,K23,Not Allowed,2019,NIDDK,post_policy,1,0,0,0,0,0,0,0,0,0,0,0,0,0,0,0,0,0,0,0,0,0,0,0,0,0,0,0,0,0,0,0,1,0,0,post,0,0,0,1,0,0,0,0,0,0,0,0,0,0,0,0,0,none,k0p0,,,,,0,,,1,1,0,,,,,,,,,,,,,,,,,
P02906,K23,Required,2019,NIMH,post_policy,1,0,1,1,0,0,0,1,0,0,0,0,0,0,1,1,0,0,1,0,0,0,0,0,0,1,1,1,1,1,1,1,1,0,0,post,0,0,0,1,1,0,1,0,0,0,0,1,0,1,1,1,0,new_trial,k0p1,,,,,0,,,1,1,0,,,,,,,,,,,,,,,,,
P02907,K23,Not Allowed,2021,NIDDK,post_policy,1,0,0,0,0,0,0,0,0,0,0,0,0,0,0,0,0,0,0,0,0,0,0,0,0,0,0,0,0,0,0,0,0,0,0,post,0,0,0,0,,,,0,0,0,0,0,0,0,0,0,0,none,k0p0,,,,,0,,,1,1,0,,,,,,,,,,,,,,,,,
P02908,K23,Not Allowed,2019,NIMH,post_policy,1,0,0,0,0,0,0,0,0,0,0,0,0,0,0,0,0,0,0,0,0,0,0,0,0,0,1,0,0,1,0,0,1,0,0,post,0,0,0,1,0,0,0,0,0,0,0,0,0,0,0,0,0,none,k0p0,,,,,0,,,1,1,0,,,,,,,,,,,,,,,,,
P02909,K08,Not Allowed,2019,NHLBI,post_policy,1,0,0,0,0,0,0,0,0,0,0,0,0,0,0,0,0,0,0,0,0,0,0,0,0,0,0,0,0,0,0,0,1,0,0,post,0,0,0,1,0,0,0,0,0,0,0,0,0,0,0,0,0,none,k0p0,,,,,0,,,1,1,0,,,,,,,,,,,,,,,,,
P02910,K23,Not Allowed,2020,NIAMS,post_policy,1,0,0,0,0,0,0,0,0,0,0,0,0,0,0,0,0,0,0,0,0,0,0,0,0,0,1,0,0,1,0,0,0,0,0,post,0,0,0,0,,,,0,0,0,0,0,0,0,0,0,0,none,k0p0,,,,,1,0,0,1,1,0,,,,,,,,,,,,,,,,,
P02911,K08,Not Allowed,2020,NIDDK,post_policy,1,0,0,0,0,0,0,0,0,0,0,0,0,0,0,0,0,0,0,0,0,0,0,0,0,0,1,0,0,1,0,0,0,0,0,post,0,0,0,0,,,,0,0,0,0,0,0,0,0,0,0,none,k0p0,,,,,0,,,1,1,0,,,,,,,,,,,,,,,,,
P02912,K23,Required,2021,NIMH,post_policy,1,1,0,1,0,0,1,0,0,1,1,0,0,0,0,0,0,1,0,0,0,0,1,1,0,0,0,0,0,0,0,0,0,0,1,post,0,0,0,0,,,,1,0,0,1,0,1,0,0,0,0,ktrial_only,k1p0,,,,,0,,,1,1,1,1,0,1,0,0,1,0,0,0,1,1,0,0,1,0,0,0
P02913,K23,Not Allowed,2021,NIDDK,post_policy,1,0,0,0,0,0,0,0,0,0,0,0,0,0,0,0,0,0,0,0,0,0,0,0,0,0,1,0,0,1,0,0,0,0,0,post,0,0,0,0,,,,0,0,0,0,0,0,0,0,0,0,none,k0p0,,,,,0,,,1,1,0,,,,,,,,,,,,,,,,,
P02914,K23,Not Allowed,2021,NINDS,post_policy,1,0,0,0,0,0,0,0,0,0,0,0,0,0,0,0,0,0,0,0,0,0,0,0,0,0,0,0,0,0,0,0,0,0,0,post,0,0,0,0,,,,0,0,0,0,0,0,0,0,0,0,none,k0p0,,,,,0,,,1,1,0,,,,,,,,,,,,,,,,,
P02915,K08,Not Allowed,2019,NCI,post_policy,1,0,0,0,0,0,0,1,0,0,0,0,0,0,0,0,0,0,0,0,0,0,0,0,0,1,1,1,1,1,1,1,1,0,0,post,0,0,0,1,0,0,0,0,0,0,0,0,0,0,0,0,0,none,k0p0,,,,,0,,,1,1,0,,,,,,,,,,,,,,,,,
P02916,K23,Not Allowed,2019,NIAAA,post_policy,1,0,1,1,0,1,0,0,0,0,0,0,1,1,1,0,0,0,1,1,0,0,0,0,0,0,1,1,0,1,0,1,1,0,0,post,0,0,0,1,1,0,1,0,0,0,0,1,0,1,1,1,0,new_trial,k0p1,,,,,0,,,1,1,0,,,,,,,,,,,,,,,,,
P02917,K23,Required,2021,NIMH,post_policy,1,0,0,1,0,0,0,1,0,1,0,0,0,0,0,0,0,1,0,0,0,0,1,1,0,1,1,1,1,1,1,1,0,0,0,post,1,1,1,0,,,,1,0,0,1,0,1,0,0,0,0,ktrial_only,k1p0,,,,,0,,,1,1,0,,,,,,,,,,,,,,,,,
P02918,K08,Not Allowed,2019,NEI,post_policy,1,0,0,0,0,0,0,0,0,0,0,0,0,0,0,0,0,0,0,0,0,0,0,0,0,0,0,0,0,0,0,0,1,0,0,post,0,0,0,1,1,1,1,0,0,0,0,0,0,0,0,1,0,none,k0p0,,,,,0,,,1,1,0,,,,,,,,,,,,,,,,,
P02919,K23,Required,2019,NIA,post_policy,1,1,0,1,0,0,0,0,0,1,0,0,0,0,0,0,0,1,0,0,0,0,1,1,0,0,0,0,0,0,0,0,1,0,0,post,0,0,0,1,0,0,0,1,0,0,1,0,0,0,0,0,1,ktrial_only,k1p0,k1p0,k1p0,k1p0,k1p0,0,,,1,1,1,1,1,0,0,0,1,0,0,1,0,1,0,0,1,1,0,0
P02920,K08,Not Allowed,2018,NCI,post_policy,1,0,1,1,0,1,0,0,0,0,0,0,0,0,1,1,0,0,1,0,1,0,0,0,0,0,0,0,0,0,0,0,1,0,0,post,0,0,0,1,1,0,1,0,0,0,0,1,0,0,1,1,0,new_trial,k0p1,,,,,0,,,1,1,0,,,,,,,,,,,,,,,,,
P02921,K23,Not Allowed,2021,NIDDK,post_policy,1,0,1,1,0,0,0,0,0,0,0,1,0,0,1,1,0,0,1,0,1,1,0,0,0,0,0,0,1,1,1,1,0,0,0,post,0,0,0,0,,,,0,0,0,0,1,0,1,1,1,0,new_trial,k0p1,,,,,0,,,1,1,0,,,,,,,,,,,,,,,,,
P02922,K23,Not Allowed,2018,NIMH,post_policy,1,0,0,0,0,0,0,0,0,0,0,0,0,0,0,0,0,0,0,0,0,0,0,0,0,0,0,0,0,0,0,0,1,0,0,post,0,0,0,1,0,0,0,0,0,0,0,0,0,0,0,0,0,none,k0p0,,,,,0,,,1,1,0,,,,,,,,,,,,,,,,,
P02923,K08,Not Allowed,2018,NCI,post_policy,1,0,0,0,0,0,0,0,0,0,0,0,0,0,0,0,0,0,0,0,0,0,0,0,0,0,0,0,0,0,0,0,1,0,0,post,0,0,0,1,0,0,0,0,0,0,0,0,0,0,0,0,0,none,k0p0,,,,,0,,,1,1,0,,,,,,,,,,,,,,,,,
P02924,K23,Required,2021,NIDA,post_policy,1,1,1,1,1,1,1,0,0,1,0,0,1,0,1,0,0,1,1,0,0,0,1,1,0,0,0,0,0,0,0,0,0,0,0,post,0,0,0,0,,,,1,0,0,1,1,1,1,1,1,0,new_trial,k1p1,,,,,0,,,1,1,1,1,1,0,0,0,1,0,0,1,0,1,0,0,0,0,0,0
P02925,K08,Not Allowed,2020,NCI,post_policy,1,0,1,1,1,1,0,0,0,0,0,0,0,0,1,0,0,0,1,0,0,0,0,0,0,0,1,0,0,1,0,0,0,0,0,post,0,0,0,0,,,,0,0,0,0,1,0,0,1,1,0,new_trial,k0p1,,,,,0,,,1,1,0,,,,,,,,,,,,,,,,,
P02926,K23,Required,2021,NCCIH,post_policy,1,1,0,1,0,0,1,0,0,1,0,0,0,0,0,0,0,1,0,0,0,0,1,1,0,0,0,0,0,0,0,0,0,0,1,post,1,1,1,0,,,,1,0,0,1,0,1,0,0,0,0,ktrial_only,k1p0,,,,,0,,,1,1,1,1,1,1,0,0,1,0,0,1,1,1,1,1,0,1,0,0
P02927,K23,Required,2020,NICHD,post_policy,1,1,1,1,0,1,1,1,0,0,0,1,1,1,1,0,0,0,1,0,0,0,1,0,0,1,1,1,1,1,1,1,0,0,0,post,0,0,0,0,,,,0,0,0,0,1,0,1,1,1,0,new_trial,k0p1,,,,,0,,,1,1,1,0,0,0,0,0,0,0,0,0,0,0,0,0,0,0,0,0
P02928,K08,Not Allowed,2019,NIAID,post_policy,1,0,0,0,0,0,0,0,0,0,0,0,0,0,0,0,0,0,0,0,0,0,0,0,0,0,0,0,0,0,0,0,1,0,0,post,0,0,0,1,0,0,0,0,0,0,0,0,0,0,0,0,0,none,k0p0,,,,,0,,,1,1,0,,,,,,,,,,,,,,,,,
P02929,K08,Not Allowed,2020,NIMH,post_policy,1,0,0,0,0,0,0,1,0,0,0,0,0,0,0,0,0,0,0,0,0,0,0,0,0,1,1,1,1,1,1,1,0,0,0,post,0,0,0,0,,,,0,0,0,0,0,0,0,0,0,0,none,k0p0,,,,,0,,,1,1,0,,,,,,,,,,,,,,,,,
P02930,K23,Not Allowed,2019,NINR,post_policy,1,0,0,0,0,0,0,0,0,0,0,0,0,0,0,0,0,0,0,0,0,0,0,0,0,0,0,0,0,0,0,0,1,0,0,post,0,0,0,1,0,0,0,0,0,0,0,0,0,0,0,0,0,none,k0p0,,,,,0,,,1,1,0,,,,,,,,,,,,,,,,,
P02931,K23,Required,2019,NIDDK,post_policy,1,1,1,1,1,0,1,0,0,0,0,0,0,0,1,1,0,0,1,0,0,0,1,0,0,0,1,0,0,1,0,0,1,0,0,post,0,0,0,1,1,0,1,0,0,0,0,1,0,1,0,1,0,new_trial,k0p1,,,,,0,,,1,1,1,0,0,0,0,0,0,0,0,0,0,0,0,0,0,0,0,0
P02932,K23,Not Allowed,2019,NIA,post_policy,1,0,0,0,0,0,0,0,0,0,0,0,0,0,0,0,0,0,0,0,0,0,0,0,0,0,1,0,0,1,0,0,1,0,0,post,0,0,0,1,0,0,0,0,0,0,0,0,0,0,0,0,0,none,k0p0,,,,,0,,,1,1,0,,,,,,,,,,,,,,,,,
P02933,K08,Not Allowed,2019,NHLBI,post_policy,1,0,0,0,0,0,0,1,0,0,0,0,0,0,0,0,0,0,0,0,0,0,0,0,0,1,1,1,1,1,1,1,1,0,0,post,0,0,0,1,0,0,0,0,0,0,0,0,0,0,0,0,0,none,k0p0,,,,,0,,,1,1,0,,,,,,,,,,,,,,,,,
P02934,K08,Not Allowed,2018,NCI,post_policy,1,0,0,0,0,0,0,0,0,0,0,0,0,0,0,0,0,0,0,0,0,0,0,0,0,0,0,0,0,0,0,0,1,0,0,post,0,0,0,1,0,0,0,0,0,0,0,0,0,0,0,0,0,none,k0p0,,,,,0,,,1,1,0,,,,,,,,,,,,,,,,,
P02935,K08,Not Allowed,2019,NHLBI,post_policy,1,0,0,0,0,0,0,0,0,0,0,0,0,0,0,0,0,0,0,0,0,0,0,0,0,0,0,0,0,0,0,0,1,0,0,post,0,0,0,1,0,0,0,0,0,0,0,0,0,0,0,0,0,none,k0p0,,,,,0,,,1,1,0,,,,,,,,,,,,,,,,,
P02936,K23,Required,2020,NIDDK,post_policy,1,1,0,1,0,0,1,0,0,1,1,0,0,0,0,0,0,1,0,0,0,0,1,1,0,0,0,0,0,0,0,0,0,0,1,post,1,1,1,0,,,,1,0,0,1,0,0,0,0,0,0,ktrial_only,k1p0,,,,,0,,,1,1,1,1,1,0,0,0,1,0,0,1,0,1,1,1,0,1,0,0
P02937,K23,Not Allowed,2020,NHLBI,post_policy,1,1,0,0,0,0,0,0,0,0,0,0,0,0,0,0,0,0,0,0,0,0,0,0,0,0,0,1,0,0,0,1,0,0,0,post,0,0,0,0,,,,0,0,0,0,0,0,0,0,0,0,none,k0p0,,,,,0,,,1,1,1,0,0,0,0,0,0,0,0,0,0,0,0,0,0,0,0,0
P02938,K23,Not Allowed,2020,NIAMS,post_policy,1,0,0,0,0,0,1,0,0,0,0,0,0,0,0,0,0,0,0,0,0,0,0,0,0,0,0,0,0,0,0,0,0,0,1,post,0,0,0,0,,,,0,0,0,0,0,0,0,0,0,0,none,k0p0,,,,,0,,,1,1,0,,,,,,,,,,,,,,,,,
P02939,K08,Not Allowed,2019,NIAID,post_policy,1,0,0,0,0,0,0,1,0,0,0,0,0,0,0,0,0,0,0,0,0,0,0,0,0,1,1,1,1,1,1,1,1,0,0,post,0,0,0,1,0,0,0,0,0,0,0,0,0,0,0,0,0,none,k0p0,,,,,0,,,1,1,0,,,,,,,,,,,,,,,,,
P02940,K23,Required,2019,NIDDK,post_policy,1,1,0,1,0,0,1,0,0,1,0,0,0,0,0,0,0,1,0,0,0,0,1,1,0,0,1,0,0,1,0,0,1,0,1,post,1,1,1,1,0,0,0,1,0,0,1,0,1,0,0,0,0,ktrial_only,k1p0,,,,,0,,,1,1,1,1,0,1,0,0,1,0,0,0,1,1,1,0,0,1,1,1
P02941,K08,Required,2020,NCI,post_policy,1,1,1,1,1,1,0,0,0,1,0,0,1,1,1,0,0,1,1,0,0,0,1,1,0,0,0,0,0,1,0,0,0,0,0,post,0,0,0,0,,,,1,0,0,1,1,0,1,1,1,0,new_trial,k1p1,,,,,0,,,1,1,0,,,,,,,,,,,,,,,,,
P02942,K08,Not Allowed,2020,NIDCR,post_policy,1,0,0,0,0,0,0,0,0,0,0,0,0,0,0,0,0,0,0,0,0,0,0,0,0,0,1,0,0,1,0,0,0,0,0,post,0,0,0,0,,,,0,0,0,0,0,0,0,0,0,0,none,k0p0,,,,,0,,,1,1,0,,,,,,,,,,,,,,,,,
P02943,K23,Required,2020,NIMH,post_policy,1,1,0,1,0,0,0,0,1,1,0,0,0,0,0,0,0,1,0,0,0,0,1,1,0,0,0,0,0,0,0,0,0,0,0,post,1,1,1,0,,,,1,0,0,1,0,1,0,0,0,0,ktrial_only,k1p0,,,,,0,,,1,1,1,1,1,0,0,0,1,0,0,1,0,1,1,1,0,1,1,1
P02944,K23,Not Allowed,2020,NHLBI,post_policy,1,0,0,0,0,0,0,1,0,0,0,0,0,0,0,0,0,0,0,0,0,0,0,0,0,1,1,1,1,1,1,1,0,0,0,post,0,0,0,0,,,,0,0,0,0,0,0,0,0,0,0,none,k0p0,,,,,0,,,1,1,0,,,,,,,,,,,,,,,,,
P02945,K08,Not Allowed,2021,NIAMS,post_policy,1,0,0,0,0,0,0,1,0,0,0,0,0,0,0,0,0,0,0,0,0,0,0,0,0,1,1,1,1,1,1,1,0,0,0,post,0,0,0,0,,,,0,0,0,0,0,0,0,0,0,0,none,k0p0,,,,,0,,,1,1,0,,,,,,,,,,,,,,,,,
P02946,K08,Not Allowed,2019,NHLBI,post_policy,1,0,0,0,0,0,0,0,0,0,0,0,0,0,0,0,0,0,0,0,0,0,0,0,0,0,0,0,0,0,0,0,1,0,0,post,0,0,0,1,0,0,0,0,0,0,0,0,0,0,0,0,0,none,k0p0,,,,,0,,,1,1,0,,,,,,,,,,,,,,,,,
P02947,K08,Not Allowed,2019,NIGMS,post_policy,1,0,0,0,0,0,0,1,0,0,0,0,0,0,0,0,0,0,0,0,0,0,0,0,0,1,1,1,1,1,1,1,1,0,0,post,0,0,0,1,0,0,0,0,0,0,0,0,0,0,0,0,0,none,k0p0,,,,,0,,,1,1,0,,,,,,,,,,,,,,,,,
P02948,K08,Not Allowed,2020,NHLBI,post_policy,1,0,0,0,0,0,0,0,0,0,0,0,0,0,0,0,0,0,0,0,0,0,0,0,0,0,1,0,0,1,0,0,0,0,0,post,0,0,0,0,,,,0,0,0,0,0,0,0,0,0,0,none,k0p0,,,,,0,,,1,1,0,,,,,,,,,,,,,,,,,
P02949,K23,Not Allowed,2019,NIEHS,post_policy,1,0,0,0,0,0,0,0,0,0,0,0,0,0,0,0,0,0,0,0,0,0,0,0,0,0,1,0,0,1,0,0,1,0,0,post,0,0,0,1,0,0,0,0,0,0,0,0,0,0,0,0,0,none,k0p0,,,,,0,,,1,1,0,,,,,,,,,,,,,,,,,
P02950,K08,Not Allowed,2020,NHLBI,post_policy,1,0,0,0,0,0,0,1,0,0,0,0,0,0,0,0,0,0,0,0,0,0,0,0,0,1,1,1,1,1,1,1,0,0,0,post,0,0,0,0,,,,0,0,0,0,0,0,0,0,0,0,none,k0p0,,,,,0,,,1,1,0,,,,,,,,,,,,,,,,,
P02951,K23,Not Allowed,2021,NHLBI,post_policy,1,0,0,0,0,0,0,0,0,0,0,0,0,0,0,0,0,0,0,0,0,0,0,0,0,0,0,0,0,0,0,0,0,0,0,post,0,0,0,0,,,,0,0,0,0,0,0,0,0,0,0,none,k0p0,,,,,0,,,1,1,0,,,,,,,,,,,,,,,,,
P02952,K23,Required,2019,NIDDK,post_policy,1,1,0,1,0,0,0,1,0,1,1,0,0,0,0,0,0,1,0,0,0,0,1,1,0,1,1,1,1,1,1,1,1,0,0,post,1,1,1,1,1,1,1,1,0,0,1,0,1,0,0,1,0,ktrial_only,k1p0,,,,,0,,,1,1,1,1,1,0,0,0,1,0,0,1,0,1,1,1,0,1,1,1
P02953,K08,Not Allowed,2020,NCI,post_policy,1,0,0,0,0,0,0,0,0,0,0,0,0,0,0,0,0,0,0,0,0,0,0,0,0,0,0,0,0,0,0,0,0,0,0,post,0,0,0,0,,,,0,0,0,0,0,0,0,0,0,0,none,k0p0,,,,,0,,,1,1,0,,,,,,,,,,,,,,,,,
P02954,K08,Not Allowed,2021,NCI,post_policy,1,0,0,0,0,0,0,0,0,0,0,0,0,0,0,0,0,0,0,0,0,0,0,0,0,0,0,0,0,0,0,0,0,0,0,post,0,0,0,0,,,,0,0,0,0,0,0,0,0,0,0,none,k0p0,,,,,0,,,1,1,0,,,,,,,,,,,,,,,,,
P02955,K23,Not Allowed,2019,NIA,post_policy,1,0,0,0,0,0,0,0,0,0,0,0,0,0,0,0,0,0,0,0,0,0,0,0,0,0,1,0,0,1,0,0,1,0,0,post,0,0,0,1,0,0,0,0,0,0,0,0,0,0,0,0,0,none,k0p0,,,,,0,,,1,1,0,,,,,,,,,,,,,,,,,
P02956,K08,Not Allowed,2019,NIDDK,post_policy,1,0,0,0,0,0,0,0,0,0,0,0,0,0,0,0,0,0,0,0,0,0,0,0,0,0,0,0,0,0,0,0,1,0,0,post,0,0,0,1,0,0,0,0,0,0,0,0,0,0,0,0,0,none,k0p0,,,,,0,,,1,1,0,,,,,,,,,,,,,,,,,
P02957,K08,Not Allowed,2021,NCI,post_policy,1,0,1,1,1,1,0,0,0,0,0,1,0,0,1,0,0,0,1,0,0,0,0,0,0,1,1,1,1,1,1,1,0,0,0,post,0,0,0,0,,,,0,0,0,0,1,0,1,1,1,0,new_trial,k0p1,,,,,0,,,1,1,0,,,,,,,,,,,,,,,,,
P02958,K23,Required,2021,NHLBI,post_policy,1,1,0,1,0,0,0,0,0,1,1,0,0,0,0,0,0,1,0,0,0,0,1,1,0,0,0,0,0,0,0,0,0,0,0,post,1,1,1,0,,,,1,0,0,1,0,0,0,0,0,0,ktrial_only,k1p0,,,,,0,,,1,1,1,1,1,0,0,0,1,0,0,1,0,1,1,1,0,1,1,1
P02959,K23,Required,2020,NINR,post_policy,1,1,0,1,0,0,0,0,0,1,0,0,0,0,0,0,0,1,0,0,0,0,1,1,0,0,0,0,0,0,0,0,0,0,0,post,1,1,1,0,,,,1,0,0,1,0,0,0,0,0,0,ktrial_only,k1p0,,,,,0,,,1,1,1,1,1,0,0,0,1,0,0,1,0,1,1,1,0,1,0,0
P02960,K08,Not Allowed,2020,NHLBI,post_policy,1,0,0,0,0,0,0,0,0,0,0,0,0,0,0,0,0,0,0,0,0,0,0,0,0,0,0,0,0,0,0,0,0,0,0,post,0,0,0,0,,,,0,0,0,0,0,0,0,0,0,0,none,k0p0,,,,,0,,,1,1,0,,,,,,,,,,,,,,,,,
P02961,K23,Not Allowed,2020,NIGMS,post_policy,1,0,0,0,0,0,0,1,0,0,0,0,0,0,0,0,0,0,0,0,0,0,0,0,0,1,1,1,1,1,1,1,0,0,0,post,0,0,0,0,,,,0,0,0,0,0,0,0,0,0,0,none,k0p0,,,,,0,,,1,1,0,,,,,,,,,,,,,,,,,
P02962,K08,Not Allowed,2020,NCI,post_policy,1,0,0,0,0,0,0,0,0,0,0,0,0,0,0,0,0,0,0,0,0,0,0,0,0,1,1,1,1,1,1,1,0,0,0,post,0,0,0,0,,,,0,0,0,0,0,0,0,0,0,0,none,k0p0,,,,,0,,,1,1,0,,,,,,,,,,,,,,,,,
P02963,K08,Not Allowed,2020,NCI,post_policy,1,0,0,0,0,0,0,0,0,0,0,0,0,0,0,0,0,0,0,0,0,0,0,0,0,0,1,0,0,1,0,0,0,0,0,post,0,0,0,0,,,,0,0,0,0,0,0,0,0,0,0,none,k0p0,,,,,0,,,1,1,0,,,,,,,,,,,,,,,,,
P02964,K08,Not Allowed,2019,NEI,post_policy,1,0,0,0,0,0,0,1,0,0,0,0,0,0,0,0,0,0,0,0,0,0,0,0,0,1,1,1,1,1,1,1,0,0,0,post,0,0,0,0,,,,0,0,0,0,0,0,0,0,0,0,none,k0p0,,,,,0,,,1,1,0,,,,,,,,,,,,,,,,,
P02965,K08,Not Allowed,2021,NIDDK,post_policy,1,0,0,0,0,0,0,0,0,0,0,0,0,0,0,0,0,0,0,0,0,0,0,0,0,0,1,0,0,1,0,0,0,0,0,post,0,0,0,0,,,,0,0,0,0,0,0,0,0,0,0,none,k0p0,,,,,0,,,1,1,0,,,,,,,,,,,,,,,,,
P02966,K08,Not Allowed,2019,NINDS,post_policy,1,0,0,0,0,0,0,0,0,0,0,0,0,0,0,0,0,0,0,0,0,0,0,0,0,0,0,0,0,0,0,0,0,0,0,post,0,0,0,0,,,,0,0,0,0,0,0,0,0,0,0,none,k0p0,,,,,0,,,1,1,0,,,,,,,,,,,,,,,,,
P02967,K23,Not Allowed,2019,NICHD,post_policy,1,0,1,1,0,0,0,1,0,0,0,1,0,0,1,1,0,0,1,0,0,0,0,0,0,1,1,1,1,1,1,1,1,0,0,post,0,0,0,1,1,0,1,0,0,0,0,1,0,1,1,1,0,new_trial,k0p1,,,,,0,,,1,1,0,,,,,,,,,,,,,,,,,
P02968,K08,Not Allowed,2021,NIAMS,post_policy,1,0,0,0,0,0,0,0,0,0,0,0,0,0,0,0,0,0,0,0,0,0,0,0,0,0,0,0,0,0,0,0,0,0,0,post,0,0,0,0,,,,0,0,0,0,0,0,0,0,0,0,none,k0p0,,,,,0,,,1,1,0,,,,,,,,,,,,,,,,,
P02969,K08,Not Allowed,2021,NCI,post_policy,1,0,0,0,0,0,0,1,0,0,0,0,0,0,0,0,0,0,0,0,0,0,0,0,0,1,1,1,1,1,1,1,0,0,0,post,0,0,0,0,,,,0,0,0,0,0,0,0,0,0,0,none,k0p0,,,,,0,,,1,1,0,,,,,,,,,,,,,,,,,
P02970,K08,Not Allowed,2021,NCI,post_policy,1,0,0,0,0,0,0,0,0,0,0,0,0,0,0,0,0,0,0,0,0,0,0,0,0,0,0,0,0,0,0,0,0,0,0,post,0,0,0,0,,,,0,0,0,0,0,0,0,0,0,0,none,k0p0,,,,,0,,,1,1,0,,,,,,,,,,,,,,,,,
P02971,K08,Required,2019,NCI,post_policy,1,1,0,0,0,0,0,0,0,0,0,0,0,0,0,0,0,0,0,0,0,0,0,0,0,0,0,0,0,0,0,0,1,0,0,post,0,0,0,1,0,0,0,0,0,0,0,0,0,0,0,0,0,none,k0p0,,,,,0,,,1,1,0,,,,,,,,,,,,,,,,,
P02972,K23,Not Allowed,2020,NIAID,post_policy,1,0,0,0,0,0,0,0,0,0,0,0,0,0,0,0,0,0,0,0,0,0,0,0,0,0,0,0,0,0,0,0,0,0,0,post,0,0,0,0,,,,0,0,0,0,0,0,0,0,0,0,none,k0p0,,,,,0,,,1,1,0,,,,,,,,,,,,,,,,,
P02973,K23,Not Allowed,2019,NIAID,post_policy,1,0,0,0,0,0,0,0,0,0,0,0,0,0,0,0,0,0,0,0,0,0,0,0,0,0,0,0,0,0,0,0,1,0,0,post,0,0,0,1,0,0,0,0,0,0,0,0,0,0,0,0,0,none,k0p0,,,,,0,,,1,1,0,,,,,,,,,,,,,,,,,
P02974,K08,Not Allowed,2020,NIDCD,post_policy,1,0,0,0,0,0,0,0,0,0,0,0,0,0,0,0,0,0,0,0,0,0,0,0,0,0,0,0,0,0,0,0,0,0,0,post,0,0,0,0,,,,0,0,0,0,0,0,0,0,0,0,none,k0p0,,,,,0,,,1,1,0,,,,,,,,,,,,,,,,,
P02975,K08,Not Allowed,2020,NCI,post_policy,1,0,0,0,0,0,0,0,0,0,0,0,0,0,0,0,0,0,0,0,0,0,0,0,0,0,1,0,0,1,0,0,0,0,0,post,0,0,0,0,,,,0,0,0,0,0,0,0,0,0,0,none,k0p0,,,,,0,,,1,1,0,,,,,,,,,,,,,,,,,
P02976,K08,Not Allowed,2020,NIDCR,post_policy,1,0,0,0,0,0,0,0,0,0,0,0,0,0,0,0,0,0,0,0,0,0,0,0,0,0,0,0,0,0,0,0,0,0,0,post,0,0,0,0,,,,0,0,0,0,0,0,0,0,0,0,none,k0p0,,,,,0,,,1,1,0,,,,,,,,,,,,,,,,,
P02977,K23,Not Allowed,2021,NICHD,post_policy,1,0,0,0,0,0,0,0,0,0,0,0,0,0,0,0,0,0,0,0,0,0,0,0,0,0,1,0,0,1,0,0,0,0,0,post,0,0,0,0,,,,0,0,0,0,0,0,0,0,0,0,none,k0p0,,,,,0,,,1,1,0,,,,,,,,,,,,,,,,,
P02978,K08,Not Allowed,2020,NICHD,post_policy,1,0,0,0,0,0,0,0,0,0,0,0,0,0,0,0,0,0,0,0,0,0,0,0,0,0,0,0,0,0,0,0,0,0,0,post,0,0,0,0,,,,0,0,0,0,0,0,0,0,0,0,none,k0p0,,,,,0,,,1,1,0,,,,,,,,,,,,,,,,,
P02979,K23,Not Allowed,2019,NIAID,post_policy,1,0,0,0,0,0,0,1,0,0,0,0,0,0,0,0,0,0,0,0,0,0,0,0,0,1,1,1,1,1,1,1,1,0,0,post,0,0,0,1,0,0,0,0,0,0,0,0,0,0,0,0,0,none,k0p0,,,,,0,,,1,1,0,,,,,,,,,,,,,,,,,
P02980,K23,Required,2020,NHLBI,post_policy,1,1,1,1,1,1,1,1,0,0,0,1,1,0,1,1,0,0,1,0,0,0,1,0,0,1,1,1,1,1,1,1,0,0,0,post,0,0,0,0,,,,0,0,0,0,1,0,1,1,1,0,new_trial,k0p1,,,,,0,,,1,1,1,0,0,0,0,0,0,0,0,0,0,0,0,0,0,0,0,0
P02981,K23,Required,2019,NIA,post_policy,1,0,0,0,0,0,0,0,0,0,0,0,0,0,0,0,0,0,0,0,0,0,0,0,0,0,0,0,1,1,1,1,1,0,0,post,0,0,0,1,0,0,0,0,0,0,0,0,0,0,0,0,0,none,k0p0,,,,,0,,,1,1,0,,,,,,,,,,,,,,,,,
P02982,K23,Not Allowed,2020,NIDDK,post_policy,1,0,0,0,0,0,1,0,0,0,0,0,0,0,0,0,0,0,0,0,0,0,0,0,0,0,1,0,0,1,0,0,0,0,1,post,0,0,0,0,,,,0,0,0,0,0,0,0,0,0,0,none,k0p0,,,,,1,0,0,1,1,0,,,,,,,,,,,,,,,,,
P02983,K08,Not Allowed,2018,NINDS,post_policy,1,0,0,0,0,0,0,0,0,0,0,0,0,0,0,0,0,0,0,0,0,0,0,0,0,0,0,0,0,0,0,0,1,0,0,post,0,0,0,1,0,0,0,0,0,0,0,0,0,0,0,0,0,none,k0p0,,,,,0,,,1,1,0,,,,,,,,,,,,,,,,,
P02984,K23,Not Allowed,2019,NHLBI,post_policy,1,0,0,0,0,0,0,1,0,0,0,0,0,0,0,0,0,0,0,0,0,0,0,0,0,1,1,1,1,1,1,1,1,0,0,post,0,0,0,1,0,0,0,0,0,0,0,0,0,0,0,0,0,none,k0p0,,,,,0,,,1,1,0,,,,,,,,,,,,,,,,,
P02985,K23,Not Allowed,2021,NIAID,post_policy,1,1,0,0,0,0,0,0,0,0,0,0,0,0,0,0,0,0,0,0,0,0,0,0,0,0,1,0,0,1,0,0,0,0,0,post,0,0,0,0,,,,0,0,0,0,0,0,0,0,0,0,none,k0p0,,,,,0,,,1,1,1,0,0,0,0,0,0,0,0,0,0,0,0,0,0,0,0,0
P02986,K23,Not Allowed,2020,NICHD,post_policy,1,0,0,0,0,0,1,0,0,0,0,0,0,0,0,0,0,0,0,0,0,0,0,0,0,0,0,0,0,0,0,0,0,0,1,post,0,0,0,0,,,,0,0,0,0,0,0,0,0,0,0,none,k0p0,,,,,0,,,1,1,0,,,,,,,,,,,,,,,,,
P02987,K23,Required,2021,NIDDK,post_policy,1,1,1,1,0,0,0,1,0,1,0,0,0,0,1,1,0,1,1,0,1,1,1,1,0,1,1,1,1,1,1,1,0,0,0,post,1,1,0,0,,,,1,0,0,1,1,1,1,1,1,0,new_trial,k1p1,,,,,0,,,1,1,1,1,0,1,0,0,1,0,0,0,1,1,1,1,0,1,0,0
P02988,K08,Not Allowed,2019,NINDS,post_policy,1,0,0,0,0,0,0,0,0,0,0,0,0,0,0,0,0,0,0,0,0,0,0,0,0,0,1,0,0,1,0,0,1,0,0,post,0,0,0,1,1,1,1,0,0,0,0,0,0,0,0,1,0,none,k0p0,,,,,0,,,1,1,0,,,,,,,,,,,,,,,,,
P02989,K08,Not Allowed,2021,NIDDK,post_policy,1,0,0,0,0,0,0,0,0,0,0,0,0,0,0,0,0,0,0,0,0,0,0,0,0,0,0,0,0,0,0,0,0,0,0,post,0,0,0,0,,,,0,0,0,0,0,0,0,0,0,0,none,k0p0,,,,,0,,,1,1,0,,,,,,,,,,,,,,,,,
P02990,K23,Required,2020,NIA,post_policy,1,1,1,1,0,1,1,0,0,1,0,0,1,1,1,1,0,1,1,1,1,1,1,1,0,0,0,0,0,0,0,0,0,0,1,post,1,1,1,0,,,,1,0,0,1,1,0,1,1,1,1,new_trial,k1p1,k1p1,k1p1,k1p1,k1p1,0,,,1,1,1,1,1,0,0,0,1,0,0,1,0,1,1,1,0,1,0,0
P02991,K08,Not Allowed,2019,NINDS,post_policy,1,0,0,0,0,0,0,1,0,0,0,0,0,0,0,0,0,0,0,0,0,0,0,0,0,1,1,1,1,1,1,1,1,0,0,post,0,0,0,1,0,0,0,0,0,0,0,0,0,0,0,0,0,none,k0p0,,,,,0,,,1,1,0,,,,,,,,,,,,,,,,,
P02992,K23,Not Allowed,2020,NHLBI,post_policy,1,0,1,1,1,1,0,1,0,0,0,0,0,0,1,1,0,0,1,0,0,0,0,0,0,1,1,1,1,1,1,1,0,0,0,post,0,0,0,0,,,,0,0,0,0,1,0,1,1,1,1,new_trial,k0p1,k0p1,k0p1,k0p1,k0p1,0,,,1,1,0,,,,,,,,,,,,,,,,,
P02993,K23,Not Allowed,2019,NICHD,post_policy,1,0,0,0,0,0,0,0,0,0,0,0,0,0,0,0,0,0,0,0,0,0,0,0,0,0,0,0,0,0,0,0,1,0,0,post,0,0,0,1,0,0,0,0,0,0,0,0,0,0,0,0,0,none,k0p0,,,,,0,,,1,1,0,,,,,,,,,,,,,,,,,
P02994,K08,Not Allowed,2018,NINDS,post_policy,1,0,0,0,0,0,0,0,0,0,0,0,0,0,0,0,0,0,0,0,0,0,0,0,0,0,1,0,0,1,0,0,1,0,0,post,0,0,0,1,0,0,0,0,0,0,0,0,0,0,0,0,0,none,k0p0,,,,,0,,,1,1,0,,,,,,,,,,,,,,,,,
P02995,K23,Required,2020,NICHD,post_policy,1,1,0,0,0,0,1,0,0,0,0,0,0,0,0,0,0,0,0,0,0,0,0,0,0,0,1,0,0,1,0,0,0,0,1,post,0,0,0,0,,,,0,0,0,0,0,0,0,0,0,0,none,k0p0,,,,,0,,,1,1,1,0,0,0,0,0,0,0,0,0,0,0,0,0,0,0,0,0
P02996,K08,Not Allowed,2021,NCI,post_policy,1,0,0,0,0,0,0,0,0,0,0,0,0,0,0,0,0,0,0,0,0,0,0,0,0,0,0,0,0,0,0,0,0,0,0,post,0,0,0,0,,,,0,0,0,0,0,0,0,0,0,0,none,k0p0,,,,,0,,,1,1,0,,,,,,,,,,,,,,,,,
P02997,K08,Not Allowed,2020,NICHD,post_policy,1,0,0,0,0,0,0,0,0,0,0,0,0,0,0,0,0,0,0,0,0,0,0,0,0,0,0,0,0,0,0,0,0,0,0,post,0,0,0,0,,,,0,0,0,0,0,0,0,0,0,0,none,k0p0,,,,,0,,,1,1,0,,,,,,,,,,,,,,,,,
P02998,K23,Not Allowed,2020,NHLBI,post_policy,1,0,0,0,0,0,0,0,0,0,0,0,0,0,0,0,0,0,0,0,0,0,0,0,0,0,0,0,0,0,0,0,0,0,0,post,0,0,0,0,,,,0,0,0,0,0,0,0,0,0,0,none,k0p0,,,,,0,,,1,1,0,,,,,,,,,,,,,,,,,
P02999,K23,Not Allowed,2019,NIDCD,post_policy,1,0,0,0,0,0,0,0,0,0,0,0,0,0,0,0,0,0,0,0,0,0,0,0,0,0,0,0,0,0,0,0,1,0,0,post,0,0,0,1,1,1,1,0,0,0,0,0,0,0,0,1,1,none,k0p0,k0p0,k0p0,k0p0,k0p0,0,,,1,1,0,,,,,,,,,,,,,,,,,
P03000,K23,Required,2019,NHLBI,post_policy,1,1,0,1,0,0,0,1,0,1,0,0,0,0,0,0,0,1,0,0,0,0,1,1,0,1,1,1,1,1,1,1,0,0,0,post,1,1,1,0,,,,1,0,0,1,0,1,0,0,0,0,ktrial_only,k1p0,,,,,0,,,1,1,1,1,1,0,0,0,1,0,0,1,0,1,1,1,0,1,1,1
P03001,K08,Not Allowed,2019,NHLBI,post_policy,1,0,0,0,0,0,0,0,0,0,0,0,0,0,0,0,0,0,0,0,0,0,0,0,0,0,0,0,0,1,0,0,1,0,0,post,0,0,0,1,0,0,0,0,0,0,0,0,0,0,0,0,0,none,k0p0,,,,,0,,,1,1,0,,,,,,,,,,,,,,,,,
P03002,K23,Not Allowed,2019,NIAID,post_policy,1,0,1,1,0,0,0,0,0,0,0,0,1,0,1,1,0,0,1,0,1,0,0,0,0,0,0,0,0,0,0,0,1,0,0,post,0,0,0,1,1,0,1,0,0,0,0,1,0,1,1,1,1,new_trial,k0p1,k0p1,k0p1,k0p1,k0p1,0,,,1,1,0,,,,,,,,,,,,,,,,,
P03003,K23,Required,2018,NIAAA,post_policy,1,1,0,1,0,0,0,0,1,1,0,0,0,0,0,0,0,1,0,0,0,0,1,1,0,0,0,0,0,0,0,0,1,0,0,post,1,1,1,1,1,1,1,1,0,0,1,0,0,0,0,1,0,ktrial_only,k1p0,,,,,0,,,1,1,1,1,1,0,0,0,1,0,0,1,0,1,1,1,0,1,0,0
P03004,K08,Not Allowed,2019,NHLBI,post_policy,1,0,0,0,0,0,0,0,0,0,0,0,0,0,0,0,0,0,0,0,0,0,0,0,0,0,0,0,0,0,0,0,1,0,0,post,0,0,0,1,0,0,0,0,0,0,0,0,0,0,0,0,0,none,k0p0,,,,,0,,,1,1,0,,,,,,,,,,,,,,,,,
P03005,K23,Not Allowed,2020,NICHD,post_policy,1,0,1,1,1,1,0,1,0,0,0,1,0,0,1,1,0,0,1,0,0,0,0,0,0,1,1,1,1,1,1,1,0,0,0,post,0,0,0,0,,,,0,0,0,0,1,0,1,1,1,0,new_trial,k0p1,,,,,0,,,1,1,0,,,,,,,,,,,,,,,,,
P03006,K23,Required,2021,NIDDK,post_policy,1,1,1,1,1,1,1,0,0,0,0,0,0,0,1,1,0,0,1,0,1,0,1,0,0,0,0,0,0,0,0,0,0,0,1,post,0,0,0,0,,,,0,0,0,0,1,0,1,1,1,0,new_trial,k0p1,,,,,0,,,1,1,1,0,0,0,0,0,0,0,0,0,0,0,0,0,0,0,0,0
P03007,K08,Not Allowed,2019,NIAID,post_policy,1,0,0,0,0,0,0,0,0,0,0,0,0,0,0,0,0,0,0,0,0,0,0,0,0,0,0,0,0,0,0,0,1,0,0,post,0,0,0,1,0,0,0,0,0,0,0,0,0,0,0,0,0,none,k0p0,,,,,0,,,1,1,0,,,,,,,,,,,,,,,,,
P03008,K23,Not Allowed,2021,NINDS,post_policy,1,0,0,0,0,0,0,0,0,0,0,0,0,0,0,0,0,0,0,0,0,0,0,0,0,0,0,0,0,0,0,0,0,0,0,post,0,0,0,0,,,,0,0,0,0,0,0,0,0,0,0,none,k0p0,,,,,0,,,1,1,0,,,,,,,,,,,,,,,,,
P03009,K23,Not Allowed,2020,NINDS,post_policy,1,0,0,0,0,0,0,0,0,0,0,0,0,0,0,0,0,0,0,0,0,0,0,0,0,0,0,0,0,0,0,0,0,0,0,post,0,0,0,0,,,,0,0,0,0,0,0,0,0,0,0,none,k0p0,,,,,0,,,1,1,0,,,,,,,,,,,,,,,,,
P03010,K23,Not Allowed,2019,NIDDK,post_policy,1,0,1,1,0,1,0,0,0,0,0,0,0,0,1,0,0,0,1,0,0,0,0,0,0,0,1,0,0,1,0,0,1,0,0,post,0,0,0,1,1,0,1,0,0,0,0,1,0,0,1,1,0,new_trial,k0p1,,,,,0,,,1,1,0,,,,,,,,,,,,,,,,,
P03011,K23,Not Allowed,2020,NICHD,post_policy,1,0,0,0,0,0,0,0,0,0,0,0,0,0,0,0,0,0,0,0,0,0,0,0,0,0,0,0,0,0,0,0,0,0,0,post,0,0,0,0,,,,0,0,0,0,0,0,0,0,0,1,none,k0p0,k0p0,k0p0,k0p0,k0p0,0,,,1,1,0,,,,,,,,,,,,,,,,,
P03012,K08,Not Allowed,2019,NINDS,post_policy,1,0,0,0,0,0,0,0,0,0,0,0,0,0,0,0,0,0,0,0,0,0,0,0,0,0,0,0,0,0,0,0,0,0,0,post,0,0,0,0,,,,0,0,0,0,0,0,0,0,0,0,none,k0p0,,,,,0,,,1,1,0,,,,,,,,,,,,,,,,,
P03013,K08,Not Allowed,2021,NHLBI,post_policy,1,0,0,0,0,0,0,0,0,0,0,0,0,0,0,0,0,0,0,0,0,0,0,0,0,0,0,0,0,0,0,0,0,0,0,post,0,0,0,0,,,,0,0,0,0,0,0,0,0,0,0,none,k0p0,,,,,0,,,1,1,0,,,,,,,,,,,,,,,,,
P03014,K08,Not Allowed,2021,NCI,post_policy,1,1,0,1,0,0,0,0,0,1,0,0,0,0,0,0,0,1,0,0,0,0,1,1,0,0,0,0,0,0,0,0,0,0,0,post,0,0,0,0,,,,1,0,0,1,0,1,0,0,0,0,ktrial_only,k1p0,,,,,0,,,1,1,0,,,,,,,,,,,,,,,,,
P03015,K08,Not Allowed,2020,NIAMS,post_policy,1,0,0,0,0,0,1,0,0,0,0,0,0,0,0,0,0,0,0,0,0,0,0,0,0,0,1,0,0,1,0,0,0,0,1,post,0,0,0,0,,,,0,0,0,0,0,0,0,0,0,0,none,k0p0,,,,,0,,,1,1,0,,,,,,,,,,,,,,,,,
P03016,K08,Not Allowed,2019,NIA,post_policy,1,0,0,0,0,0,0,0,0,0,0,0,0,0,0,0,0,0,0,0,0,0,0,0,0,0,0,0,0,0,0,0,1,0,0,post,0,0,0,1,0,0,0,0,0,0,0,0,0,0,0,0,0,none,k0p0,,,,,0,,,1,1,0,,,,,,,,,,,,,,,,,
P03017,K23,Not Allowed,2019,NIMH,post_policy,1,0,0,0,0,0,1,0,0,0,0,0,0,0,0,0,0,0,0,0,0,0,0,0,0,0,0,0,0,0,0,0,1,0,1,post,0,0,0,1,0,0,0,0,0,0,0,0,0,0,0,0,0,none,k0p0,,,,,0,,,1,1,0,,,,,,,,,,,,,,,,,
P03018,K23,Not Allowed,2021,NHLBI,post_policy,1,0,0,0,0,0,0,1,0,0,0,0,0,0,0,0,0,0,0,0,0,0,0,0,0,1,1,1,1,1,1,1,0,0,0,post,0,0,0,0,,,,0,0,0,0,0,0,0,0,0,0,none,k0p0,,,,,0,,,1,1,0,,,,,,,,,,,,,,,,,
P03019,K08,Not Allowed,2020,NIA,post_policy,1,0,0,0,0,0,0,1,0,0,0,0,0,0,0,0,0,0,0,0,0,0,0,0,0,1,1,1,1,1,1,1,0,0,0,post,0,0,0,0,,,,0,0,0,0,0,0,0,0,0,0,none,k0p0,,,,,0,,,1,1,0,,,,,,,,,,,,,,,,,
P03020,K23,Required,2018,NICHD,post_policy,1,1,1,1,0,1,1,1,0,1,0,0,1,0,1,1,0,1,1,0,0,0,1,1,1,1,1,1,1,1,1,1,1,0,1,post,1,1,1,1,1,0,1,1,0,1,1,1,1,1,1,1,1,new_trial,k1p1,k1p1,k1p1,k1p1,k1p1,0,,,1,1,1,1,1,1,0,0,1,0,0,1,0,1,1,1,0,1,1,1
P03021,K08,Not Allowed,2019,NIAMS,post_policy,1,0,0,0,0,0,0,0,0,0,0,0,0,0,0,0,0,0,0,0,0,0,0,0,0,0,0,0,0,0,0,0,1,0,0,post,0,0,0,1,0,0,0,0,0,0,0,0,0,0,0,0,0,none,k0p0,,,,,0,,,1,1,0,,,,,,,,,,,,,,,,,
P03022,K23,Not Allowed,2020,NIA,post_policy,1,0,0,0,0,0,0,0,0,0,0,0,0,0,0,0,0,0,0,0,0,0,0,0,0,0,0,0,0,0,0,0,0,0,0,post,0,0,0,0,,,,0,0,0,0,0,0,0,0,0,0,none,k0p0,,,,,0,,,1,1,0,,,,,,,,,,,,,,,,,
P03023,K23,Not Allowed,2020,NIAID,post_policy,1,0,1,1,1,1,1,0,0,0,0,0,1,1,1,0,0,0,1,1,0,0,0,0,0,0,0,0,0,0,0,0,0,0,1,post,0,0,0,0,,,,0,0,0,0,1,0,0,1,1,0,new_trial,k0p1,,,,,0,,,1,1,0,,,,,,,,,,,,,,,,,
P03024,K08,Not Allowed,2021,NCI,post_policy,1,0,0,0,0,0,0,0,0,0,0,0,0,0,0,0,0,0,0,0,0,0,0,0,0,0,1,0,1,1,1,1,0,0,0,post,0,0,0,0,,,,0,0,0,0,0,0,0,0,0,0,none,k0p0,,,,,0,,,1,1,0,,,,,,,,,,,,,,,,,
P03025,K23,Not Allowed,2021,NIAMS,post_policy,1,0,0,0,0,0,0,1,0,0,0,0,0,0,0,0,0,0,0,0,0,0,0,0,0,1,1,1,1,1,1,1,0,0,0,post,0,0,0,0,,,,0,0,0,0,0,0,0,0,0,0,none,k0p0,,,,,0,,,1,1,0,,,,,,,,,,,,,,,,,
P03026,K08,Not Allowed,2021,NIA,post_policy,1,0,0,0,0,0,0,0,0,0,0,0,0,0,0,0,0,0,0,0,0,0,0,0,0,0,0,0,0,0,0,0,0,0,0,post,0,0,0,0,,,,0,0,0,0,0,0,0,0,0,0,none,k0p0,,,,,0,,,1,1,0,,,,,,,,,,,,,,,,,
P03027,K23,Required,2021,NHLBI,post_policy,1,1,0,1,0,0,0,0,0,1,1,0,0,0,0,0,0,1,0,0,0,0,1,0,1,0,0,0,0,0,0,0,0,0,0,post,0,0,0,0,,,,0,0,1,1,0,1,0,0,0,0,ktrial_only,k1p0,,,,,0,,,1,1,1,1,0,1,0,0,1,0,0,0,0,1,0,0,0,0,0,0
P03028,K23,Required,2019,NCCIH,post_policy,1,1,1,1,0,1,0,0,0,1,0,0,1,0,1,0,0,1,1,0,0,0,1,0,1,0,0,0,0,0,0,0,1,0,0,post,1,1,1,1,1,0,1,0,0,1,1,1,0,0,1,1,0,new_trial,k1p1,,,,,0,,,1,1,1,1,0,1,0,0,1,0,0,0,0,1,1,1,0,1,1,1
P03029,K23,Required,2019,NHLBI,post_policy,1,1,0,1,0,0,0,0,0,1,0,0,0,0,0,0,0,1,0,0,0,0,1,1,1,0,0,0,0,0,0,0,1,0,0,post,1,1,0,1,0,0,0,1,0,1,1,0,0,0,0,0,0,ktrial_only,k1p0,,,,,0,,,1,1,1,1,0,1,0,0,1,0,0,0,1,1,1,1,0,1,0,0
P03030,K23,Required,2019,NCCIH,post_policy,1,1,1,1,0,1,0,0,0,1,0,1,1,1,1,0,0,1,1,1,1,1,1,1,0,0,0,0,0,0,0,0,1,0,0,post,1,1,0,1,1,0,1,1,0,0,1,1,0,1,1,1,1,new_trial,k1p1,k1p1,k1p1,k1p1,k1p1,0,,,1,1,1,1,1,0,0,0,1,0,0,1,0,1,1,1,0,1,0,0
P03031,K23,Not Allowed,2020,NICHD,post_policy,1,1,1,1,0,1,0,1,0,0,0,0,0,0,1,1,0,0,1,0,0,0,0,0,0,1,1,1,1,1,1,1,0,0,0,post,0,0,0,0,,,,0,0,0,0,1,0,1,1,1,0,new_trial,k0p1,,,,,0,,,1,1,1,0,0,0,0,0,0,0,0,0,0,0,0,0,0,0,0,0
P03032,K08,Not Allowed,2020,NIA,post_policy,1,0,0,0,0,0,0,0,0,0,0,0,0,0,0,0,0,0,0,0,0,0,0,0,0,0,0,0,0,0,0,0,0,0,0,post,0,0,0,0,,,,0,0,0,0,0,0,0,0,0,0,none,k0p0,,,,,0,,,1,1,0,,,,,,,,,,,,,,,,,
P03033,K23,Required,2018,NIGMS,post_policy,1,1,1,1,1,1,0,0,0,1,1,0,1,1,1,1,1,1,1,1,0,0,1,1,0,0,1,0,0,1,0,0,1,0,0,post,0,0,0,1,1,0,1,1,0,0,1,1,1,1,1,1,0,new_trial,k1p1,,,,,0,,,1,1,1,1,1,0,0,0,1,0,0,1,0,1,0,0,1,1,0,0
P03034,K23,Not Allowed,2019,NHLBI,post_policy,1,0,1,1,1,1,1,0,0,0,0,0,0,0,1,1,0,0,1,0,1,1,0,0,0,0,0,0,0,0,0,0,1,0,1,post,0,0,0,1,1,0,1,0,0,0,0,1,0,1,1,1,1,new_trial,k0p1,k0p1,k0p1,k0p1,k0p1,0,,,1,1,0,,,,,,,,,,,,,,,,,
P03035,K08,Not Allowed,2019,NIA,post_policy,1,0,0,0,0,0,0,0,0,0,0,0,0,0,0,0,0,0,0,0,0,0,0,0,0,0,1,0,0,1,0,0,1,0,0,post,0,0,0,1,0,0,0,0,0,0,0,0,0,0,0,0,0,none,k0p0,,,,,0,,,1,1,0,,,,,,,,,,,,,,,,,
P03036,K08,Not Allowed,2020,NIAID,post_policy,1,0,0,0,0,0,0,0,0,0,0,0,0,0,0,0,0,0,0,0,0,0,0,0,0,0,1,0,0,1,0,0,0,0,0,post,0,0,0,0,,,,0,0,0,0,0,0,0,0,0,0,none,k0p0,,,,,0,,,1,1,0,,,,,,,,,,,,,,,,,
P03037,K08,Not Allowed,2020,NIBIB,post_policy,1,0,0,0,0,0,0,1,0,0,0,0,0,0,0,0,0,0,0,0,0,0,0,0,0,1,1,1,1,1,1,1,0,0,0,post,0,0,0,0,,,,0,0,0,0,0,0,0,0,0,0,none,k0p0,,,,,0,,,1,1,0,,,,,,,,,,,,,,,,,
P03038,K23,Not Allowed,2019,NIDA,post_policy,1,0,0,0,0,0,0,1,0,0,0,0,0,0,0,0,0,0,0,0,0,0,0,0,0,1,1,1,1,1,1,1,1,0,0,post,0,0,0,1,0,0,0,0,0,0,0,0,0,0,0,0,0,none,k0p0,,,,,0,,,1,1,0,,,,,,,,,,,,,,,,,
P03039,K08,Not Allowed,2019,NHLBI,post_policy,1,0,0,0,0,0,0,0,0,0,0,0,0,0,0,0,0,0,0,0,0,0,0,0,0,0,0,0,0,0,0,0,1,0,0,post,0,0,0,1,0,0,0,0,0,0,0,0,0,0,0,0,0,none,k0p0,,,,,0,,,1,1,0,,,,,,,,,,,,,,,,,
P03040,K23,Required,2021,NHLBI,post_policy,1,1,0,1,0,0,0,0,0,1,0,0,0,0,0,0,0,1,0,0,0,0,1,0,1,0,1,0,0,1,0,0,0,0,0,post,1,0,0,0,,,,0,0,1,1,0,1,0,0,0,0,ktrial_only,k1p0,,,,,0,,,1,1,1,1,0,1,0,0,1,0,0,0,0,1,1,1,0,0,0,0
P03041,K23,Not Allowed,2019,NIMH,post_policy,1,0,0,0,0,0,0,0,0,0,0,0,0,0,0,0,0,0,0,0,0,0,0,0,0,0,1,0,0,1,0,0,1,0,0,post,0,0,0,1,0,0,0,0,0,0,0,0,0,0,0,0,0,none,k0p0,,,,,0,,,1,1,0,,,,,,,,,,,,,,,,,
P03042,K23,Not Allowed,2021,NIA,post_policy,1,0,0,0,0,0,0,0,0,0,0,0,0,0,0,0,0,0,0,0,0,0,0,0,0,0,0,0,0,0,0,0,0,0,0,post,0,0,0,0,,,,0,0,0,0,0,0,0,0,0,0,none,k0p0,,,,,0,,,1,1,0,,,,,,,,,,,,,,,,,
P03043,K23,Required,2019,NHLBI,post_policy,1,1,0,1,0,0,0,0,0,1,0,0,0,0,0,0,0,1,0,0,0,0,1,1,0,0,1,0,0,1,0,0,1,0,0,post,0,0,0,1,0,0,0,1,0,0,1,0,1,0,0,0,0,ktrial_only,k1p0,,,,,0,,,1,1,1,1,1,0,0,0,1,0,0,1,0,1,0,0,0,0,0,0
P03044,K08,Not Allowed,2019,NCI,post_policy,1,0,0,0,0,0,0,0,0,0,0,0,0,0,0,0,0,0,0,0,0,0,0,0,0,0,0,0,0,0,0,0,1,0,0,post,0,0,0,1,0,0,0,0,0,0,0,0,0,0,0,0,0,none,k0p0,,,,,0,,,1,1,0,,,,,,,,,,,,,,,,,
P03045,K23,Not Allowed,2019,NEI,post_policy,1,0,0,0,0,0,0,0,0,0,0,0,0,0,0,0,0,0,0,0,0,0,0,0,0,0,0,0,0,0,0,0,1,0,0,post,0,0,0,1,0,0,0,0,0,0,0,0,0,0,0,0,0,none,k0p0,,,,,0,,,1,1,0,,,,,,,,,,,,,,,,,
P03046,K23,Not Allowed,2020,NIAID,post_policy,1,0,1,1,0,0,0,0,1,0,0,0,0,0,1,1,0,0,1,0,0,0,0,0,0,0,1,0,0,1,0,0,0,0,0,post,0,0,0,0,,,,0,0,0,0,1,0,1,1,1,0,new_trial,k0p1,,,,,0,,,1,1,0,,,,,,,,,,,,,,,,,
P03047,K08,Not Allowed,2019,NCI,post_policy,1,0,1,1,1,1,0,0,0,0,0,0,0,0,1,0,0,0,1,0,0,0,0,0,0,0,0,0,0,0,0,0,1,0,0,post,0,0,0,1,1,0,1,0,0,0,0,1,0,1,1,1,0,new_trial,k0p1,,,,,0,,,1,1,0,,,,,,,,,,,,,,,,,
P03048,K08,Not Allowed,2021,NINDS,post_policy,1,0,0,0,0,0,0,1,0,0,0,0,0,0,0,0,0,0,0,0,0,0,0,0,0,1,1,1,1,1,1,1,0,0,0,post,0,0,0,0,,,,0,0,0,0,0,0,0,0,0,0,none,k0p0,,,,,0,,,1,1,0,,,,,,,,,,,,,,,,,
P03049,K23,Not Allowed,2019,NICHD,post_policy,1,0,1,1,0,1,1,1,0,0,0,0,0,0,1,1,0,0,1,0,0,0,0,0,0,0,1,0,0,1,0,0,1,0,1,post,0,0,0,1,1,0,1,0,0,0,0,1,0,1,1,1,0,new_trial,k0p1,,,,,0,,,1,1,0,,,,,,,,,,,,,,,,,
P03050,K23,Not Allowed,2019,NIDDK,post_policy,1,0,0,0,0,0,1,0,0,0,0,0,0,0,0,0,0,0,0,0,0,0,0,0,0,0,0,0,0,0,0,0,1,0,1,post,0,0,0,1,0,0,0,0,0,0,0,0,0,0,0,0,0,none,k0p0,,,,,0,,,1,1,0,,,,,,,,,,,,,,,,,
P03051,K23,Not Allowed,2019,NIAID,post_policy,1,0,1,1,0,0,0,0,0,0,0,1,1,1,1,1,0,0,1,1,1,1,0,0,0,0,1,0,0,1,0,0,1,0,0,post,0,0,0,1,1,0,1,0,0,0,0,1,0,1,1,1,1,new_trial,k0p1,k0p1,k0p1,k0p1,k0p1,0,,,1,1,0,,,,,,,,,,,,,,,,,
P03052,K23,Required,2021,NIDA,post_policy,1,1,0,1,0,0,0,0,0,1,0,0,0,0,0,0,0,1,0,0,0,0,1,1,0,0,0,0,0,0,0,0,0,0,0,post,0,0,0,0,,,,1,0,0,1,0,0,0,0,0,0,ktrial_only,k1p0,,,,,0,,,1,1,1,1,1,0,0,0,1,0,0,1,0,1,0,0,0,0,1,1
P03053,K23,Not Allowed,2020,NIMH,post_policy,1,0,1,1,0,1,1,0,0,0,0,0,1,0,1,1,0,0,1,0,1,1,0,0,0,0,0,1,0,0,0,1,0,0,1,post,0,0,0,0,,,,0,0,0,0,1,0,1,1,1,1,new_trial,k0p1,k0p1,k0p1,k0p1,k0p1,0,,,1,1,0,,,,,,,,,,,,,,,,,
P03054,K23,Required,2021,NIMHD,post_policy,1,1,0,1,0,0,0,1,0,1,0,0,0,0,0,0,0,1,0,0,0,0,1,1,0,1,1,1,1,1,1,1,0,0,0,post,0,0,0,0,,,,1,0,0,1,0,1,0,0,0,0,ktrial_only,k1p0,,,,,0,,,1,1,1,1,1,0,0,0,1,0,0,1,0,1,1,1,0,0,0,0
P03055,K08,Not Allowed,2020,NHLBI,post_policy,1,0,0,0,0,0,0,0,0,0,0,0,0,0,0,0,0,0,0,0,0,0,0,0,0,0,0,0,0,0,0,0,0,0,0,post,0,0,0,0,,,,0,0,0,0,0,0,0,0,0,0,none,k0p0,,,,,0,,,1,1,0,,,,,,,,,,,,,,,,,
P03056,K23,Required,2020,NHLBI,post_policy,1,1,1,1,0,1,0,1,0,1,0,0,1,0,1,0,0,1,1,0,0,0,1,0,1,1,1,1,1,1,1,1,0,0,0,post,0,0,0,0,,,,0,0,1,1,1,1,0,1,1,1,new_trial,k1p1,k1p1,k1p1,k1p1,k1p1,0,,,1,1,1,1,0,1,0,0,1,0,0,0,0,1,0,0,0,0,0,0
P03057,K23,Required,2019,NICHD,post_policy,1,1,0,0,0,0,0,0,0,0,0,0,0,0,0,0,0,0,0,0,0,0,0,0,0,0,0,0,0,0,0,0,1,0,0,post,0,0,0,1,0,0,0,0,0,0,0,0,0,0,0,0,0,none,k0p0,,,,,0,,,1,1,1,0,0,0,0,0,0,0,0,0,0,0,0,0,0,0,0,0
P03058,K23,Not Allowed,2019,NIDCD,post_policy,1,0,0,0,0,0,0,0,0,0,0,0,0,0,0,0,0,0,0,0,0,0,0,0,0,0,0,0,0,0,0,0,1,1,0,post,0,0,0,1,0,0,0,0,0,0,0,0,0,0,0,0,0,none,k0p0,,,,,0,,,1,1,0,,,,,,,,,,,,,,,,,
P03059,K08,Not Allowed,2020,NHLBI,post_policy,1,0,0,0,0,0,0,0,0,0,0,0,0,0,0,0,0,0,0,0,0,0,0,0,0,0,0,0,0,0,0,0,0,0,0,post,0,0,0,0,,,,0,0,0,0,0,0,0,0,0,0,none,k0p0,,,,,0,,,1,1,0,,,,,,,,,,,,,,,,,
P03060,K23,Required,2021,NIDA,post_policy,1,1,0,1,0,0,0,0,0,1,0,0,0,0,0,0,0,1,0,0,0,0,1,1,0,0,1,0,0,1,0,0,0,0,0,post,0,0,0,0,,,,1,0,0,1,0,1,0,0,0,1,ktrial_only,k1p0,k1p0,k1p0,k1p0,k1p0,0,,,1,1,1,1,1,0,0,0,1,0,0,1,0,1,1,1,0,0,0,0
P03061,K08,Not Allowed,2019,NCI,post_policy,1,0,1,1,1,1,0,0,0,0,0,0,0,0,1,0,0,0,1,0,0,0,0,0,0,0,1,0,0,1,0,0,1,0,0,post,0,0,0,1,1,0,1,0,0,0,0,1,0,1,1,1,0,new_trial,k0p1,,,,,0,,,1,1,0,,,,,,,,,,,,,,,,,
P03062,K23,Not Allowed,2021,NINDS,post_policy,1,0,0,0,0,0,0,1,0,0,0,0,0,0,0,0,0,0,0,0,0,0,0,0,0,1,1,1,1,1,1,1,0,0,0,post,0,0,0,0,,,,0,0,0,0,0,0,0,0,0,0,none,k0p0,,,,,0,,,1,1,0,,,,,,,,,,,,,,,,,
P03063,K23,Required,2021,NIDA,post_policy,1,1,0,1,0,0,0,0,0,1,0,0,0,0,0,0,0,1,0,0,0,0,1,0,1,0,0,0,0,0,0,0,0,0,0,post,0,0,0,0,,,,0,0,1,1,0,1,0,0,0,1,ktrial_only,k1p0,k0p0,k0p0,k0p0,k0p0,0,,,1,1,1,1,0,1,0,0,1,0,0,0,0,1,1,1,0,0,0,0
P03064,K08,Not Allowed,2019,NIAID,post_policy,1,0,0,0,0,0,0,0,0,0,0,0,0,0,0,0,0,0,0,0,0,0,0,0,0,0,0,0,0,0,0,0,1,0,0,post,0,0,0,1,0,0,0,0,0,0,0,0,0,0,0,0,0,none,k0p0,,,,,0,,,1,1,0,,,,,,,,,,,,,,,,,
P03065,K23,Required,2021,NIDA,post_policy,1,1,0,1,0,0,1,0,0,1,0,0,0,0,0,0,0,1,0,0,0,0,1,1,0,0,0,0,0,0,0,0,0,0,1,post,0,0,0,0,,,,1,0,0,1,0,0,0,0,0,0,ktrial_only,k1p0,,,,,1,1,1,1,1,1,1,1,0,0,0,1,0,0,1,0,1,0,0,1,1,0,0
P03066,K23,Required,2019,NIEHS,post_policy,1,1,0,1,0,0,0,0,0,1,0,0,0,0,1,0,0,1,0,0,0,0,1,0,1,0,0,0,0,0,0,0,1,0,0,post,0,0,0,1,0,0,0,0,0,1,1,0,1,0,0,0,0,ktrial_only,k1p0,,,,,0,,,1,1,1,1,0,1,0,0,1,1,0,0,0,0,0,0,0,0,0,0
P03067,K23,Not Allowed,2019,NEI,post_policy,1,0,0,0,0,0,0,1,0,0,0,0,0,0,0,0,0,0,0,0,0,0,0,0,0,1,1,1,1,1,1,1,1,0,0,post,0,0,0,1,0,0,0,0,0,0,0,0,0,0,0,0,0,none,k0p0,,,,,0,,,1,1,0,,,,,,,,,,,,,,,,,
P03068,K23,Not Allowed,2020,NINDS,post_policy,1,0,0,0,0,0,0,0,0,0,0,0,0,0,0,0,0,0,0,0,0,0,0,0,0,0,0,0,0,0,0,0,0,0,0,post,0,0,0,0,,,,0,0,0,0,0,0,0,0,0,0,none,k0p0,,,,,0,,,1,1,0,,,,,,,,,,,,,,,,,
P03069,K08,Not Allowed,2018,NHLBI,post_policy,1,0,0,0,0,0,0,0,0,0,0,0,0,0,0,0,0,0,0,0,0,0,0,0,0,0,1,0,0,1,0,0,1,0,0,post,0,0,0,1,0,0,0,0,0,0,0,0,0,0,0,0,0,none,k0p0,,,,,0,,,1,1,0,,,,,,,,,,,,,,,,,
P03070,K23,Not Allowed,2021,NHLBI,post_policy,1,0,0,0,0,0,0,1,0,0,0,0,0,0,0,0,0,0,0,0,0,0,0,0,0,1,1,1,1,1,1,1,0,0,0,post,0,0,0,0,,,,0,0,0,0,0,0,0,0,0,1,none,k0p0,k0p0,k0p0,k0p0,k0p0,0,,,1,1,0,,,,,,,,,,,,,,,,,
P03071,K08,Not Allowed,2021,NCI,post_policy,1,0,0,0,0,0,0,0,0,0,0,0,0,0,0,0,0,0,0,0,0,0,0,0,0,0,0,0,0,0,0,0,0,0,0,post,0,0,0,0,,,,0,0,0,0,0,0,0,0,0,0,none,k0p0,,,,,0,,,1,1,0,,,,,,,,,,,,,,,,,
P03072,K08,Not Allowed,2019,NHLBI,post_policy,1,0,0,0,0,0,0,1,0,0,0,0,0,0,0,0,0,0,0,0,0,0,0,0,0,1,1,1,1,1,1,1,1,0,0,post,0,0,0,1,0,0,0,0,0,0,0,0,0,0,0,0,0,none,k0p0,,,,,0,,,1,1,0,,,,,,,,,,,,,,,,,
P03073,K23,Not Allowed,2021,NHLBI,post_policy,1,0,0,0,0,0,0,0,0,0,0,0,0,0,0,0,0,0,0,0,0,0,0,0,0,0,0,0,0,0,0,0,0,0,0,post,0,0,0,0,,,,0,0,0,0,0,0,0,0,0,0,none,k0p0,,,,,0,,,1,1,0,,,,,,,,,,,,,,,,,
P03074,K23,Required,2021,NIDA,post_policy,1,1,1,1,0,0,0,0,0,1,0,1,0,0,1,1,0,1,1,0,1,1,1,1,0,0,0,0,0,0,0,0,0,0,0,post,0,0,0,0,,,,1,0,0,1,1,1,1,1,1,1,new_trial,k1p1,k1p1,k1p1,k1p1,k1p1,0,,,1,1,1,1,1,0,0,0,1,0,0,1,0,1,1,0,0,0,0,0
P03075,K23,Required,2018,NHLBI,post_policy,1,1,0,1,0,0,0,0,0,1,0,0,0,0,0,0,0,1,0,0,0,0,1,1,0,0,1,0,0,1,0,0,1,0,0,post,1,1,0,1,0,0,0,1,0,0,1,0,0,0,0,0,0,ktrial_only,k1p0,,,,,0,,,1,1,1,1,1,0,0,0,1,0,0,1,0,1,1,1,0,1,1,1
P03076,K23,Not Allowed,2021,NIDCD,post_policy,1,0,0,0,0,0,0,0,0,0,0,0,0,0,0,0,0,0,0,0,0,0,0,0,0,0,0,0,0,0,0,0,0,0,0,post,0,0,0,0,,,,0,0,0,0,0,0,0,0,0,0,none,k0p0,,,,,1,0,0,1,1,0,,,,,,,,,,,,,,,,,
P03077,K23,Not Allowed,2021,NIMH,post_policy,1,0,1,1,0,1,0,0,0,0,0,0,1,0,1,0,0,0,1,0,0,0,0,0,0,0,0,0,0,0,0,0,0,0,0,post,0,0,0,0,,,,0,0,0,0,1,0,1,1,1,1,new_trial,k0p1,k0p1,k0p1,k0p1,k0p1,0,,,1,1,0,,,,,,,,,,,,,,,,,
P03078,K08,Not Allowed,2018,NCI,post_policy,1,0,0,0,0,0,0,0,0,0,0,0,0,0,0,0,0,0,0,0,0,0,0,0,0,0,0,0,0,0,0,0,1,0,0,post,0,0,0,1,0,0,0,0,0,0,0,0,0,0,0,0,0,none,k0p0,,,,,0,,,1,1,0,,,,,,,,,,,,,,,,,
P03079,K23,Required,2019,NIDA,post_policy,1,1,1,1,0,1,0,0,0,1,0,0,1,0,1,0,0,1,1,0,0,0,1,1,0,0,0,0,0,0,0,0,1,0,0,post,1,1,1,1,1,0,1,1,0,0,1,1,1,0,1,1,0,new_trial,k1p1,,,,,0,,,1,1,1,1,0,1,0,0,1,0,0,0,1,1,1,0,0,1,1,1
P03080,K08,Not Allowed,2020,NIA,post_policy,1,0,0,0,0,0,0,0,0,0,0,0,0,0,0,0,0,0,0,0,0,0,0,0,0,0,0,0,0,0,0,0,0,0,0,post,0,0,0,0,,,,0,0,0,0,0,0,0,0,0,0,none,k0p0,,,,,0,,,1,1,0,,,,,,,,,,,,,,,,,
P03081,K08,Not Allowed,2021,NIDDK,post_policy,1,0,0,0,0,0,0,0,0,0,0,0,0,0,0,0,0,0,0,0,0,0,0,0,0,0,0,0,0,0,0,0,0,0,0,post,0,0,0,0,,,,0,0,0,0,0,0,0,0,0,0,none,k0p0,,,,,0,,,1,1,0,,,,,,,,,,,,,,,,,
P03082,K23,Not Allowed,2018,NICHD,post_policy,1,0,0,0,0,0,0,0,0,0,0,0,0,0,0,0,0,0,0,0,0,0,0,0,0,0,0,0,0,0,0,0,1,0,0,post,0,0,0,1,0,0,0,0,0,0,0,0,0,0,0,0,0,none,k0p0,,,,,0,,,1,1,0,,,,,,,,,,,,,,,,,
P03083,K08,Not Allowed,2021,NCI,post_policy,1,0,0,0,0,0,0,0,0,0,0,0,0,0,0,0,0,0,0,0,0,0,0,0,0,0,0,0,0,0,0,0,0,0,0,post,0,0,0,0,,,,0,0,0,0,0,0,0,0,0,0,none,k0p0,,,,,0,,,1,1,0,,,,,,,,,,,,,,,,,
P03084,K23,Not Allowed,2020,NINDS,post_policy,1,0,0,0,0,0,0,0,0,0,0,0,0,0,0,0,0,0,0,0,0,0,0,0,0,0,0,0,0,0,0,0,0,0,0,post,0,0,0,0,,,,0,0,0,0,0,0,0,0,0,0,none,k0p0,,,,,0,,,1,1,0,,,,,,,,,,,,,,,,,
P03085,K23,Not Allowed,2019,NIDDK,post_policy,1,0,0,0,0,0,0,1,0,0,0,0,0,0,0,0,0,0,0,0,0,0,0,0,0,1,1,1,1,1,1,1,1,0,0,post,0,0,0,1,0,0,0,0,0,0,0,0,0,0,0,0,0,none,k0p0,,,,,0,,,1,1,0,,,,,,,,,,,,,,,,,
P03086,K08,Not Allowed,2021,NIAAA,post_policy,1,0,0,0,0,0,0,0,0,0,0,0,0,0,0,0,0,0,0,0,0,0,0,0,0,0,0,0,0,0,0,0,0,0,0,post,0,0,0,0,,,,0,0,0,0,0,0,0,0,0,0,none,k0p0,,,,,0,,,1,1,0,,,,,,,,,,,,,,,,,
P03087,K23,Not Allowed,2020,NIMH,post_policy,1,0,1,1,0,1,0,1,1,0,0,1,0,0,1,1,0,0,1,0,1,1,0,0,0,1,1,1,1,1,1,1,0,0,0,post,0,0,0,0,,,,0,0,0,0,1,0,1,1,1,0,new_trial,k0p1,,,,,0,,,1,1,0,,,,,,,,,,,,,,,,,
P03088,K23,Not Allowed,2020,NHLBI,post_policy,1,0,0,0,0,0,0,0,1,0,0,0,0,0,0,0,0,0,0,0,0,0,0,0,0,0,1,0,0,1,0,0,0,0,0,post,0,0,0,0,,,,0,0,0,0,0,0,0,0,0,0,none,k0p0,,,,,0,,,1,1,0,,,,,,,,,,,,,,,,,
P03089,K08,Not Allowed,2021,NIDDK,post_policy,1,0,0,0,0,0,0,0,0,0,0,0,0,0,0,0,0,0,0,0,0,0,0,0,0,0,0,0,0,0,0,0,0,0,0,post,0,0,0,0,,,,0,0,0,0,0,0,0,0,0,0,none,k0p0,,,,,0,,,1,1,0,,,,,,,,,,,,,,,,,
P03090,K23,Required,2019,NIMH,post_policy,1,1,0,1,0,0,0,0,0,1,0,0,0,0,0,0,0,1,0,0,0,0,1,1,0,0,0,0,0,0,0,0,0,0,0,post,0,0,0,0,,,,1,0,0,1,0,0,0,0,0,1,ktrial_only,k1p0,k1p0,k1p0,k1p0,k1p0,1,1,1,1,1,1,1,1,0,0,0,1,0,0,1,0,1,0,0,0,0,0,0
P03091,K23,Not Allowed,2021,NIA,post_policy,1,0,0,0,0,0,0,1,0,0,0,0,0,0,0,0,0,0,0,0,0,0,0,0,0,1,1,1,1,1,1,1,0,0,0,post,0,0,0,0,,,,0,0,0,0,0,0,0,0,0,0,none,k0p0,,,,,0,,,1,1,0,,,,,,,,,,,,,,,,,
P03092,K23,Not Allowed,2021,NHLBI,post_policy,1,0,0,0,0,0,0,0,0,0,0,0,0,0,0,0,0,0,0,0,0,0,0,0,0,0,0,0,0,0,0,0,0,0,0,post,0,0,0,0,,,,0,0,0,0,0,0,0,0,0,1,none,k0p0,k0p0,k0p0,k0p0,k0p0,0,,,1,1,0,,,,,,,,,,,,,,,,,
P03093,K23,Not Allowed,2021,NIDA,post_policy,1,0,0,0,0,0,0,0,0,0,0,0,0,0,0,0,0,0,0,0,0,0,0,0,0,0,0,0,0,0,0,0,0,0,0,post,0,0,0,0,,,,0,0,0,0,0,0,0,0,0,0,none,k0p0,,,,,0,,,1,1,0,,,,,,,,,,,,,,,,,
P03094,K23,Required,2021,NIDDK,post_policy,1,1,0,1,0,0,0,0,0,1,0,0,0,0,0,0,0,1,0,0,0,0,1,1,0,0,0,0,0,0,0,0,0,0,0,post,0,0,0,0,,,,1,0,0,1,0,1,0,0,0,0,ktrial_only,k1p0,,,,,0,,,1,1,1,1,1,0,0,0,1,0,0,1,0,1,0,0,1,0,0,0
P03095,K23,Required,2020,NIDDK,post_policy,1,1,1,1,1,1,0,0,0,1,0,0,0,0,1,1,0,1,1,0,0,0,1,1,0,0,0,0,0,0,0,0,0,0,0,post,0,0,0,0,,,,1,0,0,1,1,1,1,1,1,1,new_trial,k1p1,k1p1,k1p1,k1p1,k1p1,0,,,1,1,1,1,1,0,0,0,1,0,0,1,0,1,0,0,0,0,0,0
P03096,K23,Not Allowed,2020,NIAMS,post_policy,1,0,0,0,0,0,0,0,0,0,0,0,0,0,0,0,0,0,0,0,0,0,0,0,0,0,0,0,0,0,0,0,0,0,0,post,0,0,0,0,,,,0,0,0,0,0,0,0,0,0,0,none,k0p0,,,,,0,,,1,1,0,,,,,,,,,,,,,,,,,
P03097,K08,Not Allowed,2019,NHLBI,post_policy,1,0,0,0,0,0,0,0,0,0,0,0,0,0,0,0,0,0,0,0,0,0,0,0,0,0,0,0,0,0,0,0,1,0,0,post,0,0,0,1,0,0,0,0,0,0,0,0,0,0,0,0,0,none,k0p0,,,,,0,,,1,1,0,,,,,,,,,,,,,,,,,
P03098,K23,Required,2020,NINDS,post_policy,1,0,0,1,0,0,1,1,0,1,0,0,0,0,0,0,0,1,0,0,0,0,1,1,0,1,1,1,1,1,1,1,0,0,0,post,0,0,0,0,,,,1,0,0,1,0,0,0,0,0,1,ktrial_only,k1p0,k0p0,k0p0,k0p0,k1p0,0,,,1,1,0,,,,,,,,,,,,,,,,,
P03099,K08,Not Allowed,2019,NHLBI,post_policy,1,0,0,0,0,0,0,1,0,0,0,0,0,0,0,0,0,0,0,0,0,0,0,0,0,1,1,1,1,1,1,1,0,0,0,post,0,0,0,0,,,,0,0,0,0,0,0,0,0,0,0,none,k0p0,,,,,0,,,1,1,0,,,,,,,,,,,,,,,,,
P03100,K08,Not Allowed,2019,NHLBI,post_policy,1,0,0,0,0,0,0,1,0,0,0,0,0,0,0,0,0,0,0,0,0,0,0,0,0,1,1,1,1,1,1,1,1,0,0,post,0,0,0,1,0,0,0,0,0,0,0,0,0,0,0,0,0,none,k0p0,,,,,0,,,1,1,0,,,,,,,,,,,,,,,,,
P03101,K08,Not Allowed,2019,NIA,post_policy,1,0,0,0,0,0,0,0,0,0,0,0,0,0,0,0,0,0,0,0,0,0,0,0,0,0,1,0,0,1,0,0,1,0,0,post,0,0,0,1,0,0,0,0,0,0,0,0,0,0,0,0,0,none,k0p0,,,,,0,,,1,1,0,,,,,,,,,,,,,,,,,
P03102,K23,Not Allowed,2019,NIAID,post_policy,1,0,0,0,0,0,0,1,0,0,0,0,0,0,0,0,0,0,0,0,0,0,0,0,0,1,1,1,1,1,1,1,1,0,0,post,0,0,0,1,0,0,0,0,0,0,0,0,0,0,0,0,0,none,k0p0,,,,,0,,,1,1,0,,,,,,,,,,,,,,,,,
P03103,K23,Not Allowed,2019,NIDDK,post_policy,1,0,1,1,1,0,0,0,0,0,0,0,0,0,1,1,0,0,1,0,0,0,0,0,0,0,1,0,0,1,0,0,1,0,0,post,0,0,0,1,1,0,1,0,0,0,0,1,0,1,1,1,0,new_trial,k0p1,,,,,0,,,1,1,0,,,,,,,,,,,,,,,,,
P03104,K23,Not Allowed,2020,NIDDK,post_policy,1,0,0,0,0,0,0,0,0,0,0,0,0,0,0,0,0,0,0,0,0,0,0,0,0,0,0,0,0,0,0,0,0,0,0,post,0,0,0,0,,,,0,0,0,0,0,0,0,0,0,0,none,k0p0,,,,,0,,,1,1,0,,,,,,,,,,,,,,,,,
P03105,K23,Required,2021,NICHD,post_policy,1,1,0,1,0,0,1,0,0,1,0,0,0,0,0,0,0,1,0,0,0,0,1,0,1,0,0,0,0,0,0,0,0,0,1,post,0,0,0,0,,,,0,0,1,1,0,0,0,0,0,1,ktrial_only,k1p0,k1p0,k1p0,k1p0,k1p0,0,,,1,1,1,1,0,1,0,0,1,0,0,0,0,1,0,0,0,0,0,0
P03106,K23,Required,2021,NHLBI,post_policy,1,1,0,0,0,0,0,0,0,0,0,0,0,0,0,0,0,0,0,0,0,0,0,0,0,0,0,0,0,0,0,0,0,0,0,post,0,0,0,0,,,,0,0,0,0,0,0,0,0,0,0,none,k0p0,,,,,0,,,1,1,1,0,0,0,0,0,0,0,0,0,0,0,0,0,0,0,0,0
P03107,K23,Required,2021,NHLBI,post_policy,1,1,0,1,0,0,0,0,0,1,0,0,0,0,0,0,0,1,0,0,0,0,1,1,0,0,0,0,0,0,0,0,0,0,0,post,0,0,0,0,,,,1,0,0,1,0,1,0,0,0,0,ktrial_only,k1p0,,,,,0,,,1,1,1,1,1,0,0,0,1,0,0,1,0,1,0,0,0,0,0,0
P03108,K23,Not Allowed,2019,NIAID,post_policy,1,0,0,0,0,0,0,0,0,0,0,0,0,0,0,0,0,0,0,0,0,0,0,0,0,0,0,0,0,0,0,0,1,0,0,post,0,0,0,1,0,0,0,0,0,0,0,0,0,0,0,0,0,none,k0p0,,,,,0,,,1,1,0,,,,,,,,,,,,,,,,,
P03109,K08,Not Allowed,2019,NCI,post_policy,1,0,0,0,0,0,0,0,0,0,0,0,0,0,0,0,0,0,0,0,0,0,0,0,0,1,1,1,1,1,1,1,1,0,0,post,0,0,0,1,0,0,0,0,0,0,0,0,0,0,0,0,0,none,k0p0,,,,,0,,,1,1,0,,,,,,,,,,,,,,,,,
P03110,K23,Not Allowed,2020,NIMH,post_policy,1,0,0,0,0,0,0,0,0,0,0,0,0,0,0,0,0,0,0,0,0,0,0,0,0,0,0,0,0,0,0,0,0,0,0,post,0,0,0,0,,,,0,0,0,0,0,0,0,0,0,0,none,k0p0,,,,,0,,,1,1,0,,,,,,,,,,,,,,,,,
P03111,K08,Not Allowed,2021,NCI,post_policy,1,0,0,0,0,0,0,0,0,0,0,0,0,0,0,0,0,0,0,0,0,0,0,0,0,0,0,0,0,0,0,0,0,0,0,post,0,0,0,0,,,,0,0,0,0,0,0,0,0,0,0,none,k0p0,,,,,0,,,1,1,0,,,,,,,,,,,,,,,,,
P03112,K23,Not Allowed,2019,NHLBI,post_policy,1,0,0,0,0,0,0,0,0,0,0,0,0,0,0,0,0,0,0,0,0,0,0,0,0,0,1,0,0,1,0,0,1,0,0,post,0,0,0,1,0,0,0,0,0,0,0,0,0,0,0,0,0,none,k0p0,,,,,0,,,1,1,0,,,,,,,,,,,,,,,,,
P03113,K08,Not Allowed,2020,NIDDK,post_policy,1,0,0,0,0,0,0,0,0,0,0,0,0,0,0,0,0,0,0,0,0,0,0,0,0,0,0,0,0,0,0,0,0,0,0,post,0,0,0,0,,,,0,0,0,0,0,0,0,0,0,0,none,k0p0,,,,,0,,,1,1,0,,,,,,,,,,,,,,,,,
P03114,K08,Not Allowed,2019,NIAID,post_policy,1,0,0,0,0,0,0,0,0,0,0,0,0,0,0,0,0,0,0,0,0,0,0,0,0,0,0,0,0,0,0,0,1,0,0,post,0,0,0,1,0,0,0,0,0,0,0,0,0,0,0,0,0,none,k0p0,,,,,0,,,1,1,0,,,,,,,,,,,,,,,,,
P03115,K23,Required,2021,NINR,post_policy,1,1,0,1,0,0,0,0,0,1,0,0,0,0,0,0,0,1,0,0,0,0,1,1,0,0,0,0,0,0,0,0,0,0,0,post,1,1,1,0,,,,1,0,0,1,0,0,0,0,0,0,ktrial_only,k1p0,,,,,0,,,1,1,1,1,1,0,0,0,1,0,0,1,0,1,1,1,0,1,0,0
P03116,K08,Not Allowed,2020,NIGMS,post_policy,1,0,0,0,0,0,0,0,0,0,0,0,0,0,0,0,0,0,0,0,0,0,0,0,0,0,1,0,0,1,0,0,0,0,0,post,0,0,0,0,,,,0,0,0,0,0,0,0,0,0,0,none,k0p0,,,,,0,,,1,1,0,,,,,,,,,,,,,,,,,
P03117,K23,Not Allowed,2021,NINDS,post_policy,1,0,1,1,1,1,0,0,0,0,0,0,0,0,1,1,0,0,1,0,0,0,0,0,0,0,0,0,0,0,0,0,0,0,0,post,0,0,0,0,,,,0,0,0,0,1,0,1,1,1,0,new_trial,k0p1,,,,,0,,,1,1,0,,,,,,,,,,,,,,,,,
P03118,K23,Required,2019,NHLBI,post_policy,1,1,0,1,0,0,0,0,0,1,0,0,0,0,0,0,0,1,0,0,0,0,1,1,0,0,1,0,0,1,0,0,1,0,0,post,1,1,0,1,1,1,1,1,0,0,1,0,1,0,0,1,0,ktrial_only,k1p0,,,,,0,,,1,1,1,1,0,1,0,0,1,0,0,0,1,1,1,1,0,1,0,0
P03119,K08,Not Allowed,2020,NIAMS,post_policy,1,0,0,0,0,0,0,0,0,0,0,0,0,0,0,0,0,0,0,0,0,0,0,0,0,0,0,0,0,0,0,0,0,0,0,post,0,0,0,0,,,,0,0,0,0,0,0,0,0,0,0,none,k0p0,,,,,0,,,1,1,0,,,,,,,,,,,,,,,,,
P03120,K08,Not Allowed,2021,NHLBI,post_policy,1,0,0,0,0,0,0,1,0,0,0,0,0,0,0,0,0,0,0,0,0,0,0,0,0,1,1,1,1,1,1,1,0,0,0,post,0,0,0,0,,,,0,0,0,0,0,0,0,0,0,0,none,k0p0,,,,,0,,,1,1,0,,,,,,,,,,,,,,,,,
P03121,K08,Not Allowed,2019,NHLBI,post_policy,1,0,0,0,0,0,0,0,0,0,0,0,0,0,0,0,0,0,0,0,0,0,0,0,0,0,1,0,0,1,0,0,1,0,0,post,0,0,0,1,0,0,0,0,0,0,0,0,0,0,0,0,0,none,k0p0,,,,,0,,,1,1,0,,,,,,,,,,,,,,,,,
P03122,K08,Not Allowed,2021,NINDS,post_policy,1,0,0,0,0,0,0,0,0,0,0,0,0,0,0,0,0,0,0,0,0,0,0,0,0,0,0,0,0,0,0,0,0,0,0,post,0,0,0,0,,,,0,0,0,0,0,0,0,0,0,0,none,k0p0,,,,,0,,,1,1,0,,,,,,,,,,,,,,,,,
P03123,K08,Not Allowed,2019,NHLBI,post_policy,1,0,0,0,0,0,0,1,0,0,0,0,0,0,0,0,0,0,0,0,0,0,0,0,0,1,1,1,1,1,1,1,1,0,0,post,0,0,0,1,0,0,0,0,0,0,0,0,0,0,0,0,0,none,k0p0,,,,,0,,,1,1,0,,,,,,,,,,,,,,,,,
P03124,K23,Not Allowed,2021,NINDS,post_policy,1,0,0,0,0,0,1,0,0,0,0,0,0,0,0,0,0,0,0,0,0,0,0,0,0,0,0,0,0,0,0,0,0,0,1,post,0,0,0,0,,,,0,0,0,0,0,0,0,0,0,0,none,k0p0,,,,,0,,,1,1,0,,,,,,,,,,,,,,,,,
P03125,K08,Not Allowed,2019,NIDDK,post_policy,1,0,0,0,0,0,0,0,0,0,0,0,0,0,0,0,0,0,0,0,0,0,0,0,0,0,0,0,0,0,0,0,1,0,0,post,0,0,0,1,0,0,0,0,0,0,0,0,0,0,0,0,0,none,k0p0,,,,,0,,,1,1,0,,,,,,,,,,,,,,,,,
P03126,K08,Not Allowed,2019,NHLBI,post_policy,1,0,0,0,0,0,0,0,0,0,0,0,0,0,0,0,0,0,0,0,0,0,0,0,0,0,1,0,0,1,0,0,1,0,0,post,0,0,0,1,0,0,0,0,0,0,0,0,0,0,0,0,0,none,k0p0,,,,,0,,,1,1,0,,,,,,,,,,,,,,,,,
P03127,K23,Not Allowed,2021,NHLBI,post_policy,1,0,0,0,0,0,0,0,0,0,0,0,0,0,0,0,0,0,0,0,0,0,0,0,0,0,0,0,0,0,0,0,0,0,0,post,0,0,0,0,,,,0,0,0,0,0,0,0,0,0,0,none,k0p0,,,,,0,,,1,1,0,,,,,,,,,,,,,,,,,
P03128,K23,Not Allowed,2021,NIGMS,post_policy,1,0,0,0,0,0,0,0,0,0,0,0,0,0,0,0,0,0,0,0,0,0,0,0,0,0,0,0,0,0,0,0,0,0,0,post,0,0,0,0,,,,0,0,0,0,0,0,0,0,0,0,none,k0p0,,,,,0,,,1,1,0,,,,,,,,,,,,,,,,,
P03129,K08,Not Allowed,2019,NIAMS,post_policy,1,0,0,0,0,0,0,0,0,0,0,0,0,0,0,0,0,0,0,0,0,0,0,0,0,0,0,0,0,0,0,0,1,0,0,post,0,0,0,1,0,0,0,0,0,0,0,0,0,0,0,0,0,none,k0p0,,,,,0,,,1,1,0,,,,,,,,,,,,,,,,,
P03130,K08,Not Allowed,2021,NIAID,post_policy,1,0,0,0,0,0,0,1,0,0,0,0,0,0,1,0,0,0,0,0,0,0,0,0,0,1,1,1,1,1,1,1,0,0,0,post,0,0,0,0,,,,0,0,0,0,0,0,0,0,0,0,none,k0p0,,,,,0,,,1,1,0,,,,,,,,,,,,,,,,,
P03131,K08,Not Allowed,2020,NHLBI,post_policy,1,0,0,0,0,0,0,0,0,0,0,0,0,0,0,0,0,0,0,0,0,0,0,0,0,0,0,0,0,0,0,0,0,0,0,post,0,0,0,0,,,,0,0,0,0,0,0,0,0,0,0,none,k0p0,,,,,0,,,1,1,0,,,,,,,,,,,,,,,,,
P03132,K23,Required,2020,NICHD,post_policy,1,1,1,1,1,0,1,1,0,1,1,1,0,0,1,1,0,1,1,0,1,1,1,1,0,1,1,1,1,1,1,1,0,0,1,post,0,0,0,0,,,,1,0,0,1,1,1,1,1,1,0,new_trial,k1p1,,,,,0,,,1,1,1,1,0,1,0,0,1,0,0,0,1,1,0,0,0,0,0,0
P03133,K23,Not Allowed,2021,NHLBI,post_policy,1,0,0,0,0,0,0,0,0,0,0,0,0,0,0,0,0,0,0,0,0,0,0,0,0,0,0,0,0,0,0,0,0,0,0,post,0,0,0,0,,,,0,0,0,0,0,0,0,0,0,0,none,k0p0,,,,,0,,,1,1,0,,,,,,,,,,,,,,,,,
P03134,K23,Required,2020,NICHD,post_policy,1,1,0,1,0,0,0,0,0,1,0,0,0,0,0,0,0,1,0,0,0,0,1,1,0,0,0,0,0,0,0,0,0,0,0,post,1,1,1,0,,,,1,0,0,1,0,0,0,0,0,0,ktrial_only,k1p0,,,,,1,1,1,1,1,1,1,0,1,0,0,1,0,0,0,1,1,1,1,0,1,0,0
P03135,K23,Not Allowed,2021,NINDS,post_policy,1,0,0,0,0,0,0,1,0,0,0,0,0,0,0,0,0,0,0,0,0,0,0,0,0,1,1,1,1,1,1,1,0,0,0,post,0,0,0,0,,,,0,0,0,0,0,0,0,0,0,0,none,k0p0,,,,,0,,,1,1,0,,,,,,,,,,,,,,,,,
P03136,K23,Required,2019,NIMH,post_policy,1,1,0,1,0,0,0,0,0,1,0,0,0,0,0,0,0,1,0,0,0,0,1,1,0,0,1,0,0,1,0,0,1,0,0,post,1,1,0,1,1,1,1,1,0,0,1,0,0,0,0,1,1,ktrial_only,k1p0,k0p0,k0p0,k0p0,k0p0,0,,,1,1,1,1,0,0,0,1,0,0,1,0,1,1,1,1,0,1,0,0
P03137,K23,Not Allowed,2019,NHLBI,post_policy,1,0,0,0,0,0,0,0,0,0,0,0,0,0,0,0,0,0,0,0,0,0,0,0,0,0,1,0,0,1,0,0,1,0,0,post,0,0,0,1,0,0,0,0,0,0,0,0,0,0,0,0,0,none,k0p0,,,,,0,,,1,1,0,,,,,,,,,,,,,,,,,
P03138,K08,Not Allowed,2019,NIDDK,post_policy,1,0,0,0,0,0,0,0,0,0,0,0,0,0,0,0,0,0,0,0,0,0,0,0,0,0,0,0,0,0,0,0,1,0,0,post,0,0,0,1,0,0,0,0,0,0,0,0,0,0,0,0,0,none,k0p0,,,,,0,,,1,1,0,,,,,,,,,,,,,,,,,
P03139,K23,Required,2020,NIMHD,post_policy,1,1,0,1,0,0,1,0,0,1,0,0,0,0,0,0,0,1,0,0,0,0,1,1,0,0,0,0,0,0,0,0,0,0,0,post,1,1,0,0,,,,1,0,0,1,0,1,0,0,0,0,ktrial_only,k1p0,,,,,0,,,1,1,1,1,1,0,0,0,1,0,0,1,0,1,1,1,0,1,1,1
P03140,K08,Not Allowed,2019,NHLBI,post_policy,1,0,0,0,0,0,0,1,0,0,0,0,0,0,0,0,0,0,0,0,0,0,0,0,0,1,1,1,1,1,1,1,1,0,0,post,0,0,0,1,0,0,0,0,0,0,0,0,0,0,0,0,0,none,k0p0,,,,,0,,,1,1,0,,,,,,,,,,,,,,,,,
P03141,K23,Required,2019,NIMH,post_policy,1,1,0,1,0,0,0,0,0,1,0,0,0,0,0,0,0,1,0,0,0,0,1,1,0,0,1,0,0,1,0,0,1,0,0,post,1,1,0,1,0,0,0,1,0,0,1,0,1,0,0,0,0,ktrial_only,k1p0,,,,,0,,,1,1,1,1,1,0,0,0,1,0,0,1,0,1,1,0,0,1,1,1
P03142,K23,Required,2021,NIMHD,post_policy,1,1,0,1,0,0,0,0,0,1,0,0,0,0,0,0,0,1,0,0,0,0,1,1,0,0,0,0,0,0,0,0,0,0,0,post,0,0,0,0,,,,1,0,0,1,0,1,0,0,0,0,ktrial_only,k1p0,,,,,0,,,1,1,1,1,1,0,0,0,1,0,0,1,0,1,0,0,0,0,0,0
P03143,K08,Not Allowed,2019,NHLBI,post_policy,1,0,0,0,0,0,0,1,0,0,0,0,0,0,0,0,0,0,0,0,0,0,0,0,0,1,1,1,1,1,1,1,1,0,0,post,0,0,0,1,0,0,0,0,0,0,0,0,0,0,0,0,0,none,k0p0,,,,,0,,,1,1,0,,,,,,,,,,,,,,,,,
P03144,K23,Not Allowed,2021,NHLBI,post_policy,1,1,0,0,0,0,0,0,0,0,0,0,0,0,0,0,0,0,0,0,0,0,0,0,0,0,0,0,0,0,0,0,0,0,0,post,0,0,0,0,,,,0,0,0,0,0,0,0,0,0,0,none,k0p0,,,,,0,,,1,1,1,0,0,0,0,0,0,0,0,0,0,0,0,0,0,0,0,0
P03145,K23,Not Allowed,2019,NIDDK,post_policy,1,0,0,0,0,0,0,1,0,0,0,0,0,0,0,0,0,0,0,0,0,0,0,0,0,1,1,1,1,1,1,1,1,0,0,post,0,0,0,1,0,0,0,0,0,0,0,0,0,0,0,0,0,none,k0p0,,,,,1,0,0,1,1,0,,,,,,,,,,,,,,,,,
P03146,K23,Required,2019,NHLBI,post_policy,1,1,0,0,0,0,0,0,0,0,0,0,0,0,0,0,0,0,0,0,0,0,0,0,0,0,1,0,0,1,0,0,1,0,0,post,0,0,0,1,0,0,0,0,0,0,0,0,0,0,0,0,0,none,k0p0,,,,,0,,,1,1,1,0,0,0,0,0,0,0,0,0,0,0,0,0,0,0,0,0
P03147,K23,Not Allowed,2020,NIAID,post_policy,1,0,1,1,0,1,0,0,0,0,0,0,1,0,1,1,0,0,1,0,1,1,0,0,0,0,1,0,1,1,1,1,0,0,0,post,0,0,0,0,,,,0,0,0,0,1,0,1,1,1,0,new_trial,k0p1,,,,,0,,,1,1,0,,,,,,,,,,,,,,,,,
P03148,K23,Required,2019,NIMH,post_policy,1,1,1,1,0,0,0,1,0,1,0,1,0,0,1,1,0,1,1,0,0,0,1,1,0,1,1,1,1,1,1,1,1,0,0,post,1,1,1,1,1,0,1,1,0,0,1,1,1,1,1,1,0,new_trial,k1p1,,,,,0,,,1,1,1,1,0,0,0,1,0,0,1,1,0,1,1,0,0,1,1,1
P03149,K08,Not Allowed,2019,NHLBI,post_policy,1,0,0,0,0,0,0,0,0,0,0,0,0,0,0,0,0,0,0,0,0,0,0,0,0,0,0,0,0,0,0,0,1,0,0,post,0,0,0,1,0,0,0,0,0,0,0,0,0,0,0,0,0,none,k0p0,,,,,0,,,1,1,0,,,,,,,,,,,,,,,,,
P03150,K23,Not Allowed,2020,NIA,post_policy,1,0,0,0,0,0,0,0,0,0,0,0,0,0,0,0,0,0,0,0,0,0,0,0,0,0,1,0,0,1,0,0,0,0,0,post,0,0,0,0,,,,0,0,0,0,0,0,0,0,0,0,none,k0p0,,,,,0,,,1,1,0,,,,,,,,,,,,,,,,,
P03151,K08,Required,2021,NCI,post_policy,1,1,1,1,0,1,0,0,0,1,0,0,1,0,1,1,0,1,1,0,0,0,1,1,0,0,0,0,0,0,0,0,0,0,0,post,1,0,0,0,,,,1,0,0,1,1,0,1,1,1,0,new_trial,k1p1,,,,,0,,,1,1,0,,,,,,,,,,,,,,,,,
P03152,K08,Not Allowed,2020,NINDS,post_policy,1,0,0,0,0,0,0,1,0,0,0,0,0,0,0,0,0,0,0,0,0,0,0,0,0,1,1,1,1,1,1,1,0,0,0,post,0,0,0,0,,,,0,0,0,0,0,0,0,0,0,0,none,k0p0,,,,,0,,,1,1,0,,,,,,,,,,,,,,,,,
P03153,K23,Not Allowed,2019,NINDS,post_policy,1,0,1,1,0,1,0,0,0,0,0,0,1,0,1,1,0,0,1,0,0,0,0,0,0,0,1,0,0,1,0,0,0,0,0,post,0,0,0,0,,,,0,0,0,0,1,0,1,1,1,0,new_trial,k0p1,,,,,0,,,1,1,0,,,,,,,,,,,,,,,,,
P03154,K23,Not Allowed,2020,NHLBI,post_policy,1,0,0,0,0,0,0,0,0,0,0,0,0,0,0,0,0,0,0,0,0,0,0,0,0,0,0,0,0,0,0,0,0,0,0,post,0,0,0,0,,,,0,0,0,0,0,0,0,0,0,1,none,k0p0,k0p0,k0p0,k0p0,k0p0,0,,,1,1,0,,,,,,,,,,,,,,,,,
P03155,K08,Not Allowed,2019,NIAID,post_policy,1,0,1,1,1,1,0,0,0,0,0,1,1,1,1,0,0,0,1,1,0,0,0,0,0,0,0,0,0,0,0,0,1,0,0,post,0,0,0,1,1,0,1,0,0,0,0,1,0,0,1,1,0,new_trial,k0p1,,,,,0,,,1,1,0,,,,,,,,,,,,,,,,,
P03156,K23,Required,2020,NIDDK,post_policy,1,1,0,0,0,0,1,0,0,0,0,0,0,0,0,0,0,0,0,0,0,0,0,0,0,0,1,0,0,1,0,0,0,0,1,post,0,0,0,0,,,,0,0,0,0,0,0,0,0,0,0,none,k0p0,,,,,0,,,1,1,1,0,0,0,0,0,0,0,0,0,0,0,0,0,0,0,0,0
P03157,K08,Not Allowed,2018,NINDS,post_policy,1,0,0,0,0,0,0,0,0,0,0,0,0,0,0,0,0,0,0,0,0,0,0,0,0,0,0,0,0,0,0,0,1,0,0,post,0,0,0,1,0,0,0,0,0,0,0,0,0,0,0,0,0,none,k0p0,,,,,0,,,1,1,0,,,,,,,,,,,,,,,,,
P03158,K08,Not Allowed,2019,NCI,post_policy,1,0,1,1,1,1,1,0,0,0,0,0,1,1,1,1,0,0,1,1,1,1,0,0,0,0,0,0,0,0,0,0,1,0,1,post,0,0,0,1,1,0,1,0,0,0,0,1,0,1,1,1,0,new_trial,k0p1,,,,,0,,,1,1,0,,,,,,,,,,,,,,,,,
P03159,K08,Not Allowed,2021,NIDDK,post_policy,1,0,0,0,0,0,0,0,0,0,0,0,0,0,0,0,0,0,0,0,0,0,0,0,0,0,0,0,0,0,0,0,0,0,0,post,0,0,0,0,,,,0,0,0,0,0,0,0,0,0,0,none,k0p0,,,,,0,,,1,1,0,,,,,,,,,,,,,,,,,
P03160,K23,Not Allowed,2020,NIAMS,post_policy,1,0,0,0,0,0,0,1,0,0,0,0,0,0,0,0,0,0,0,0,0,0,0,0,0,1,1,1,1,1,1,1,0,0,0,post,0,0,0,0,,,,0,0,0,0,0,0,0,0,0,0,none,k0p0,,,,,0,,,1,1,0,,,,,,,,,,,,,,,,,
P03161,K23,Not Allowed,2019,NIDDK,post_policy,1,0,0,0,0,0,0,0,0,0,0,0,0,0,0,0,0,0,0,0,0,0,0,0,0,0,0,0,0,0,0,0,1,0,0,post,0,0,0,1,0,0,0,0,0,0,0,0,0,0,0,0,0,none,k0p0,,,,,0,,,1,1,0,,,,,,,,,,,,,,,,,
P03162,K23,Not Allowed,2021,NIAID,post_policy,1,0,0,0,0,0,0,1,0,0,0,0,0,0,0,0,1,0,0,0,0,0,0,0,0,1,1,1,1,1,1,1,0,0,0,post,0,0,0,0,,,,0,0,0,0,0,0,0,0,0,0,none,k0p0,,,,,0,,,1,1,0,,,,,,,,,,,,,,,,,
P03163,K23,Not Allowed,2019,NIAID,post_policy,1,0,0,0,0,0,0,0,0,0,0,0,0,0,0,0,0,0,0,0,0,0,0,0,0,0,0,0,0,0,0,0,1,0,0,post,0,0,0,1,0,0,0,0,0,0,0,0,0,0,0,0,0,none,k0p0,,,,,0,,,1,1,0,,,,,,,,,,,,,,,,,
P03164,K08,Not Allowed,2019,NHLBI,post_policy,1,1,0,0,0,0,0,0,0,0,0,0,0,0,0,0,0,0,0,0,0,0,0,0,0,0,0,0,0,0,0,0,1,0,0,post,0,0,0,1,0,0,0,0,0,0,0,0,0,0,0,0,0,none,k0p0,,,,,0,,,1,1,0,,,,,,,,,,,,,,,,,
P03165,K08,Not Allowed,2020,NICHD,post_policy,1,0,0,0,0,0,0,0,0,0,0,0,0,0,0,0,0,0,0,0,0,0,0,0,0,0,0,0,0,0,0,0,0,0,0,post,0,0,0,0,,,,0,0,0,0,0,0,0,0,0,0,none,k0p0,,,,,0,,,1,1,0,,,,,,,,,,,,,,,,,
P03166,K23,Not Allowed,2020,NIMH,post_policy,1,0,0,0,0,0,0,0,0,0,0,0,0,0,0,0,0,0,0,0,0,0,0,0,0,0,0,0,0,0,0,0,0,0,0,post,0,0,0,0,,,,0,0,0,0,0,0,0,0,0,0,none,k0p0,,,,,0,,,1,1,0,,,,,,,,,,,,,,,,,
P03167,K23,Required,2020,NHLBI,post_policy,1,1,1,1,0,1,0,1,0,1,1,0,1,0,1,0,0,1,0,0,0,0,1,1,0,1,1,1,1,1,1,1,0,0,0,post,1,1,1,0,,,,1,0,0,1,1,1,1,1,1,0,new_trial,k1p1,,,,,0,,,1,1,1,1,1,0,0,0,1,0,0,1,0,1,1,1,0,1,0,0
P03168,K23,Required,2021,NIAAA,post_policy,1,0,0,0,0,0,0,0,0,0,0,0,0,0,0,0,0,0,0,0,0,0,0,0,0,0,1,0,0,1,0,0,0,0,0,post,0,0,0,0,,,,0,0,0,0,0,0,0,0,0,0,none,k0p0,,,,,0,,,1,1,0,,,,,,,,,,,,,,,,,
P03169,K23,Required,2021,NIDDK,post_policy,1,0,0,1,0,0,0,0,0,1,0,0,0,0,0,0,0,1,0,0,0,0,1,1,0,0,0,0,0,0,0,0,0,0,0,post,0,0,0,0,,,,1,0,0,1,0,1,0,0,0,0,ktrial_only,k1p0,,,,,0,,,1,1,0,,,,,,,,,,,,,,,,,
P03170,K08,Not Allowed,2020,NCI,post_policy,1,0,0,0,0,0,0,0,0,0,0,0,0,0,0,0,0,0,0,0,0,0,0,0,0,0,0,0,0,0,0,0,0,0,0,post,0,0,0,0,,,,0,0,0,0,0,0,0,0,0,0,none,k0p0,,,,,0,,,1,1,0,,,,,,,,,,,,,,,,,
P03171,K08,Not Allowed,2021,NINDS,post_policy,1,0,0,0,0,0,0,0,0,0,0,0,0,0,0,0,0,0,0,0,0,0,0,0,0,0,0,0,0,0,0,0,0,0,0,post,0,0,0,0,,,,0,0,0,0,0,0,0,0,0,0,none,k0p0,,,,,0,,,1,1,0,,,,,,,,,,,,,,,,,
P03172,K23,Not Allowed,2018,NINDS,post_policy,1,0,0,0,0,0,0,0,0,0,0,0,0,0,0,0,0,0,0,0,0,0,0,0,0,0,0,0,0,0,0,0,1,0,0,post,0,0,0,1,0,0,0,0,0,0,0,0,0,0,0,0,0,none,k0p0,,,,,0,,,1,1,0,,,,,,,,,,,,,,,,,
P03173,K23,Not Allowed,2019,NIA,post_policy,1,0,0,0,0,0,0,0,0,0,0,0,0,0,0,0,0,0,0,0,0,0,0,0,0,0,0,0,0,0,0,0,1,0,0,post,0,0,0,1,0,0,0,0,0,0,0,0,0,0,0,0,0,none,k0p0,,,,,0,,,1,1,0,,,,,,,,,,,,,,,,,
P03174,K23,Not Allowed,2020,NIA,post_policy,1,0,1,1,0,1,0,0,0,0,0,0,1,1,1,0,0,0,1,1,0,0,0,0,0,0,0,0,0,0,0,0,0,0,0,post,0,0,0,0,,,,0,0,0,0,1,0,1,1,1,0,new_trial,k0p1,,,,,0,,,1,1,0,,,,,,,,,,,,,,,,,
P03175,K08,Not Allowed,2021,NHLBI,post_policy,1,0,0,0,0,0,0,1,0,0,0,0,0,0,0,0,0,0,0,0,0,0,0,0,0,1,1,1,1,1,1,1,0,0,0,post,0,0,0,0,,,,0,0,0,0,0,0,0,0,0,0,none,k0p0,,,,,0,,,1,1,0,,,,,,,,,,,,,,,,,
P03176,K23,Required,2020,NIMHD,post_policy,1,1,0,0,0,0,0,0,0,0,0,0,0,0,0,0,0,0,0,0,0,0,0,0,0,0,0,0,0,0,0,0,0,0,0,post,0,0,0,0,,,,0,0,0,0,0,0,0,0,0,0,none,k0p0,,,,,0,,,1,1,1,0,0,0,0,0,0,0,0,0,0,0,0,0,0,0,0,0
P03177,K23,Required,2020,NIMH,post_policy,1,1,1,1,0,1,0,0,1,1,0,0,1,1,1,1,0,1,1,1,1,0,1,1,0,0,0,0,0,0,0,0,0,0,0,post,1,1,1,0,,,,1,0,0,1,1,1,1,1,1,0,new_trial,k1p1,,,,,0,,,1,1,1,1,1,0,0,0,1,0,0,1,0,1,1,1,0,1,0,0
P03178,K08,Not Allowed,2020,NCI,post_policy,1,0,0,0,0,0,0,0,0,0,0,0,0,0,0,0,0,0,0,0,0,0,0,0,0,0,0,0,0,0,0,0,0,0,0,post,0,0,0,0,,,,0,0,0,0,0,0,0,0,0,0,none,k0p0,,,,,0,,,1,1,0,,,,,,,,,,,,,,,,,
P03179,K08,Not Allowed,2021,NIDDK,post_policy,1,0,0,0,0,0,0,0,0,0,0,0,0,0,0,0,0,0,0,0,0,0,0,0,0,0,0,0,1,1,1,1,0,0,0,post,0,0,0,0,,,,0,0,0,0,0,0,0,0,0,0,none,k0p0,,,,,0,,,1,1,0,,,,,,,,,,,,,,,,,
P03180,K23,Not Allowed,2018,NINDS,post_policy,1,0,0,0,0,0,0,0,0,0,0,0,0,0,0,0,0,0,0,0,0,0,0,0,0,0,0,0,0,0,0,0,1,0,0,post,0,0,0,1,0,0,0,0,0,0,0,0,0,0,0,0,0,none,k0p0,,,,,0,,,1,1,0,,,,,,,,,,,,,,,,,
P03181,K23,Not Allowed,2021,NIDDK,post_policy,1,0,1,1,1,1,0,0,0,0,0,0,0,0,1,1,0,0,1,0,1,1,0,0,0,0,0,0,0,0,0,0,0,0,0,post,0,0,0,0,,,,0,0,0,0,1,0,1,1,1,0,new_trial,k0p1,,,,,0,,,1,1,0,,,,,,,,,,,,,,,,,
P03182,K23,Not Allowed,2021,NIDCR,post_policy,1,0,0,0,0,0,0,0,0,0,0,0,0,0,0,0,0,0,0,0,0,0,0,0,0,0,1,0,0,1,0,0,0,0,0,post,0,0,0,0,,,,0,0,0,0,0,0,0,0,0,0,none,k0p0,,,,,0,,,1,1,0,,,,,,,,,,,,,,,,,
P03183,K08,Required,2020,NCI,post_policy,1,1,1,1,1,1,0,0,0,1,1,1,0,0,1,1,0,1,1,0,0,0,1,1,0,0,0,0,0,0,0,0,0,0,0,post,1,1,1,0,,,,1,0,0,1,1,0,1,1,1,0,new_trial,k1p1,,,,,0,,,1,1,0,,,,,,,,,,,,,,,,,
P03184,K08,Not Allowed,2020,NINDS,post_policy,1,0,0,0,0,0,0,0,0,0,0,0,0,0,0,0,0,0,0,0,0,0,0,0,0,0,0,0,0,0,0,0,0,0,0,post,0,0,0,0,,,,0,0,0,0,0,0,0,0,0,0,none,k0p0,,,,,0,,,1,1,0,,,,,,,,,,,,,,,,,
P03185,K23,Not Allowed,2020,NICHD,post_policy,1,0,0,0,0,0,0,1,0,0,0,0,0,0,0,0,0,0,0,0,0,0,0,0,0,1,1,1,1,1,1,1,0,0,0,post,0,0,0,0,,,,0,0,0,0,0,0,0,0,0,0,none,k0p0,,,,,0,,,1,1,0,,,,,,,,,,,,,,,,,
P03186,K23,Not Allowed,2019,NIAMS,post_policy,1,0,1,1,0,1,0,1,0,0,0,0,1,1,1,0,0,0,1,0,1,0,0,0,0,1,1,1,1,1,1,1,1,0,0,post,0,0,0,1,1,0,1,0,0,0,0,1,0,1,1,1,0,new_trial,k0p1,,,,,0,,,1,1,0,,,,,,,,,,,,,,,,,
P03187,K08,Not Allowed,2021,NCI,post_policy,1,0,0,0,0,0,0,0,0,0,0,0,0,0,0,0,0,0,0,0,0,0,0,0,0,0,0,0,0,0,0,0,0,0,0,post,0,0,0,0,,,,0,0,0,0,0,0,0,0,0,0,none,k0p0,,,,,0,,,1,1,0,,,,,,,,,,,,,,,,,
P03188,K23,Not Allowed,2019,NIDDK,post_policy,1,0,1,1,0,1,1,0,0,0,0,0,0,0,1,1,0,0,1,0,0,0,0,0,0,0,0,0,0,0,0,0,1,0,1,post,0,0,0,1,1,0,1,0,0,0,0,1,0,1,1,1,0,new_trial,k0p1,,,,,0,,,1,1,0,,,,,,,,,,,,,,,,,
P03189,K08,Not Allowed,2020,NCI,post_policy,1,0,0,0,0,0,0,0,0,0,0,0,0,0,0,0,0,0,0,0,0,0,0,0,0,0,0,0,0,0,0,0,0,0,0,post,0,0,0,0,,,,0,0,0,0,0,0,0,0,0,0,none,k0p0,,,,,0,,,1,1,0,,,,,,,,,,,,,,,,,
P03190,K08,Not Allowed,2020,NCI,post_policy,1,0,0,0,0,0,0,0,0,0,0,0,0,0,0,0,0,0,0,0,0,0,0,0,0,0,0,0,0,0,0,0,0,0,0,post,0,0,0,0,,,,0,0,0,0,0,0,0,0,0,0,none,k0p0,,,,,0,,,1,1,0,,,,,,,,,,,,,,,,,
P03191,K23,Required,2020,NIDDK,post_policy,1,1,1,1,0,0,1,1,0,1,0,1,0,0,1,1,0,1,1,0,1,1,1,1,0,1,1,1,1,1,1,1,0,0,1,post,1,1,0,0,,,,1,0,0,1,1,1,1,1,1,0,new_trial,k1p1,,,,,0,,,1,1,1,1,0,1,0,0,1,0,0,0,1,1,1,1,0,1,0,0
P03192,K23,Required,2020,NCCIH,post_policy,1,1,0,1,0,0,1,0,0,1,0,0,0,0,0,0,0,1,0,0,0,0,1,1,0,0,0,0,0,0,0,0,0,0,0,post,0,0,0,0,,,,1,0,0,1,0,1,0,0,0,1,ktrial_only,k1p0,k1p0,k1p0,k1p0,k1p0,0,,,1,1,1,1,1,0,0,0,1,1,0,1,0,1,0,0,0,0,0,0
P03193,K23,Required,2021,NHLBI,post_policy,1,1,1,1,0,0,0,0,0,1,0,0,0,0,1,1,0,1,1,0,1,0,1,1,0,0,0,0,0,0,0,0,0,0,0,post,1,1,1,0,,,,1,0,0,1,1,1,1,1,1,1,new_trial,k1p1,k1p1,k1p1,k1p1,k1p1,0,,,1,1,1,1,1,0,0,0,1,0,0,1,0,1,1,1,0,1,0,0
P03194,K08,Required,2019,NHLBI,post_policy,1,0,1,1,1,1,0,0,0,0,0,0,0,0,1,0,0,0,1,0,0,0,0,0,0,0,0,0,0,0,0,0,1,0,0,post,0,0,0,1,1,0,1,0,0,0,0,1,0,1,1,1,0,new_trial,k0p1,,,,,0,,,1,1,0,,,,,,,,,,,,,,,,,
P03195,K23,Required,2021,NHLBI,post_policy,1,1,1,1,0,1,1,0,0,1,0,0,1,0,1,1,0,1,1,0,1,0,1,1,0,0,0,0,0,0,0,0,0,0,1,post,1,1,0,0,,,,1,0,0,1,1,1,1,1,1,0,new_trial,k1p1,,,,,0,,,1,1,1,1,1,1,0,0,1,0,0,1,1,1,1,1,0,1,0,0
P03196,K23,Required,2020,NIAAA,post_policy,1,1,0,1,0,0,0,0,0,1,0,0,0,0,0,0,0,1,0,0,0,0,1,0,1,0,0,0,0,0,0,0,0,0,0,post,0,0,0,0,,,,0,0,1,1,0,1,0,0,0,0,ktrial_only,k1p0,,,,,0,,,1,1,1,1,0,1,0,0,1,0,0,0,0,0,0,0,0,0,0,0
P03197,K23,Required,2019,NIDA,post_policy,1,1,0,0,0,0,0,0,0,0,0,0,0,0,0,0,0,0,0,0,0,0,0,0,0,0,1,0,0,1,0,0,1,0,0,post,0,0,0,1,0,0,0,0,0,0,0,0,0,0,0,0,0,none,k0p0,,,,,0,,,1,1,1,0,0,0,0,0,0,0,0,0,0,0,0,0,0,0,0,0
P03198,K23,Not Allowed,2020,NIA,post_policy,1,0,0,0,0,0,0,0,0,0,0,0,0,0,0,0,0,0,0,0,0,0,0,0,0,0,0,0,0,0,0,0,0,0,0,post,0,0,0,0,,,,0,0,0,0,0,0,0,0,0,0,none,k0p0,,,,,0,,,1,1,0,,,,,,,,,,,,,,,,,
P03199,K08,Not Allowed,2020,NIDDK,post_policy,1,0,0,0,0,0,0,0,0,0,0,0,0,0,0,0,0,0,0,0,0,0,0,0,0,0,0,0,0,0,0,0,0,0,0,post,0,0,0,0,,,,0,0,0,0,0,0,0,0,0,0,none,k0p0,,,,,0,,,1,1,0,,,,,,,,,,,,,,,,,
P03200,K23,Not Allowed,2021,NHLBI,post_policy,1,0,0,0,0,0,0,1,0,0,0,0,0,0,0,0,0,0,0,0,0,0,0,0,0,1,1,1,1,1,1,1,0,0,0,post,0,0,0,0,,,,0,0,0,0,0,0,0,0,0,0,none,k0p0,,,,,0,,,1,1,0,,,,,,,,,,,,,,,,,
P03201,K23,Not Allowed,2020,NIDDK,post_policy,1,0,0,0,0,0,1,0,0,0,0,0,0,0,0,0,0,0,0,0,0,0,0,0,0,0,1,0,0,1,0,0,0,0,1,post,0,0,0,0,,,,0,0,0,0,0,0,0,0,0,0,none,k0p0,,,,,0,,,1,1,0,,,,,,,,,,,,,,,,,
P03202,K23,Not Allowed,2021,NHLBI,post_policy,1,0,1,1,1,0,0,0,0,0,0,0,0,0,1,1,0,0,1,0,0,0,0,0,0,0,0,0,0,0,0,0,0,0,0,post,0,0,0,0,,,,0,0,0,0,1,0,1,1,1,0,new_trial,k0p1,,,,,0,,,1,1,0,,,,,,,,,,,,,,,,,
P03203,K23,Not Allowed,2018,NIMH,post_policy,1,0,0,0,0,0,0,1,0,0,0,0,0,0,0,0,0,0,0,0,0,0,0,0,0,1,1,1,1,1,1,1,1,0,0,post,0,0,0,1,0,0,0,0,0,0,0,0,0,0,0,0,0,none,k0p0,,,,,0,,,1,1,0,,,,,,,,,,,,,,,,,
P03204,K23,Not Allowed,2021,NIAAA,post_policy,1,0,1,1,0,1,0,1,0,0,0,0,1,0,1,0,0,0,0,0,0,0,0,0,0,1,1,1,1,1,1,1,0,0,0,post,0,0,0,0,,,,0,0,0,0,1,0,0,1,1,0,new_trial,k0p1,,,,,0,,,1,1,0,,,,,,,,,,,,,,,,,
P03205,K23,Required,2019,NINR,post_policy,1,1,1,1,0,1,0,0,0,1,0,0,1,1,1,0,0,1,1,1,1,0,1,1,1,0,1,0,0,1,0,0,1,0,0,post,1,1,0,1,1,0,1,1,0,1,1,1,1,0,1,1,0,new_trial,k1p1,,,,,0,,,1,1,1,1,0,1,0,0,1,0,0,0,1,1,1,1,0,1,0,0
P03206,K23,Required,2021,NIAMS,post_policy,1,1,0,1,0,0,0,0,0,1,0,0,0,0,0,0,0,1,0,0,0,0,1,1,0,0,0,0,0,0,0,0,0,0,0,post,1,1,1,0,,,,1,0,0,1,0,1,0,0,0,0,ktrial_only,k1p0,,,,,0,,,1,1,1,1,1,0,0,0,1,0,0,1,0,1,1,1,0,1,1,1
P03207,K23,Not Allowed,2020,NHLBI,post_policy,1,0,0,0,0,0,0,1,0,0,0,0,0,0,0,0,0,0,0,0,0,0,0,0,0,1,1,1,1,1,1,1,0,0,0,post,0,0,0,0,,,,0,0,0,0,0,0,0,0,0,0,none,k0p0,,,,,0,,,1,1,0,,,,,,,,,,,,,,,,,
P03208,K23,Required,2019,NICHD,post_policy,1,1,1,1,0,0,0,1,0,1,0,1,0,0,1,1,0,1,1,0,1,1,1,1,0,1,1,1,1,1,1,1,1,0,0,post,1,1,1,1,1,0,1,1,0,0,1,1,1,1,1,1,0,new_trial,k1p1,,,,,0,,,1,1,1,1,1,0,0,0,1,0,0,1,0,1,1,1,0,1,0,0
P03209,K23,Not Allowed,2021,NIMHD,post_policy,1,0,0,0,0,0,1,0,0,0,0,0,0,0,0,0,0,0,0,0,0,0,0,0,0,0,0,0,0,0,0,0,0,0,1,post,0,0,0,0,,,,0,0,0,0,0,0,0,0,0,0,none,k0p0,,,,,0,,,1,1,0,,,,,,,,,,,,,,,,,
P03210,K23,Required,2021,NINDS,post_policy,1,1,0,0,0,0,0,0,0,0,0,0,0,0,0,0,0,0,0,0,0,0,0,0,0,0,0,0,0,0,0,0,0,0,0,post,0,0,0,0,,,,0,0,0,0,0,0,0,0,0,1,none,k0p0,k0p0,k0p0,k0p0,k0p0,0,,,1,1,1,0,0,0,0,0,0,0,0,0,0,0,0,0,0,0,0,0
P03211,K23,Not Allowed,2019,NIDDK,post_policy,1,0,0,0,0,0,0,0,0,0,0,0,0,0,0,0,0,0,0,0,0,0,0,0,0,0,0,0,0,0,0,0,1,0,0,post,0,0,0,1,0,0,0,0,0,0,0,0,0,0,0,0,0,none,k0p0,,,,,0,,,1,1,0,,,,,,,,,,,,,,,,,
P03212,K08,Not Allowed,2021,NIAID,post_policy,1,0,0,0,0,0,0,0,0,0,0,0,0,0,0,0,0,0,0,0,0,0,0,0,0,0,0,0,0,0,0,0,0,0,0,post,0,0,0,0,,,,0,0,0,0,0,0,0,0,0,0,none,k0p0,,,,,0,,,1,1,0,,,,,,,,,,,,,,,,,
P03213,K08,Not Allowed,2019,NEI,post_policy,1,0,0,0,0,0,0,1,0,0,0,0,0,0,0,0,0,0,0,0,0,0,0,0,0,1,1,1,1,1,1,1,1,0,0,post,0,0,0,1,0,0,0,0,0,0,0,0,0,0,0,0,0,none,k0p0,,,,,0,,,1,1,0,,,,,,,,,,,,,,,,,
P03214,K08,Not Allowed,2021,NIDDK,post_policy,1,0,0,0,0,0,0,0,0,0,0,0,0,0,0,0,0,0,0,0,0,0,0,0,0,0,0,0,0,0,0,0,0,0,0,post,0,0,0,0,,,,0,0,0,0,0,0,0,0,0,0,none,k0p0,,,,,0,,,1,1,0,,,,,,,,,,,,,,,,,
P03215,K23,Not Allowed,2020,NHLBI,post_policy,1,0,0,0,0,0,0,0,0,0,0,0,0,0,0,0,0,0,0,0,0,0,0,0,0,0,0,0,0,0,0,0,0,0,0,post,0,0,0,0,,,,0,0,0,0,0,0,0,0,0,0,none,k0p0,,,,,0,,,1,1,0,,,,,,,,,,,,,,,,,
P03216,K23,Not Allowed,2019,NHLBI,post_policy,1,0,0,0,0,0,0,1,0,0,0,0,0,0,0,0,0,0,0,0,0,0,0,0,0,1,1,1,1,1,1,1,1,0,0,post,0,0,0,1,0,0,0,0,0,0,0,0,0,0,0,0,0,none,k0p0,,,,,0,,,1,1,0,,,,,,,,,,,,,,,,,
P03217,K08,Not Allowed,2020,NHLBI,post_policy,1,0,0,0,0,0,0,0,0,0,0,0,0,0,0,0,0,0,0,0,0,0,0,0,0,0,0,0,0,0,0,0,0,0,0,post,0,0,0,0,,,,0,0,0,0,0,0,0,0,0,0,none,k0p0,,,,,0,,,1,1,0,,,,,,,,,,,,,,,,,
P03218,K23,Not Allowed,2020,NIMH,post_policy,1,0,0,0,0,0,0,0,0,0,0,0,0,0,0,0,0,0,0,0,0,0,0,0,0,0,0,0,0,0,0,0,0,0,0,post,0,0,0,0,,,,0,0,0,0,0,0,0,0,0,0,none,k0p0,,,,,0,,,1,1,0,,,,,,,,,,,,,,,,,
P03219,K23,Not Allowed,2021,NIAID,post_policy,1,0,0,0,0,0,0,0,0,0,0,0,0,0,0,0,0,0,0,0,0,0,0,0,0,0,0,0,0,0,0,0,0,0,0,post,0,0,0,0,,,,0,0,0,0,0,0,0,0,0,0,none,k0p0,,,,,0,,,1,1,0,,,,,,,,,,,,,,,,,
P03220,K08,Not Allowed,2020,NEI,post_policy,1,0,0,0,0,0,0,1,0,0,0,0,0,0,0,0,0,0,0,0,0,0,0,0,0,1,1,1,1,1,1,1,0,0,0,post,0,0,0,0,,,,0,0,0,0,0,0,0,0,0,0,none,k0p0,,,,,0,,,1,1,0,,,,,,,,,,,,,,,,,
P03221,K23,Not Allowed,2018,NINDS,post_policy,1,0,0,0,0,0,0,0,0,0,0,0,0,0,0,0,0,0,0,0,0,0,0,0,0,0,0,0,0,0,0,0,1,0,0,post,0,0,0,1,0,0,0,0,0,0,0,0,0,0,0,0,0,none,k0p0,,,,,0,,,1,1,0,,,,,,,,,,,,,,,,,
P03222,K23,Not Allowed,2021,NIMH,post_policy,1,0,1,1,1,1,0,0,0,0,0,0,0,0,1,1,0,0,1,0,0,0,0,0,0,0,0,0,0,0,0,0,0,0,0,post,0,0,0,0,,,,0,0,0,0,1,0,1,1,1,0,new_trial,k0p1,,,,,0,,,1,1,0,,,,,,,,,,,,,,,,,
P03223,K23,Required,2021,NIA,post_policy,1,1,0,1,0,0,1,0,0,1,0,0,0,0,0,0,0,1,0,0,0,0,1,1,0,0,0,0,0,0,0,0,0,0,1,post,0,0,0,0,,,,1,0,0,1,0,0,0,0,0,1,ktrial_only,k1p0,k1p0,k1p0,k1p0,k1p0,1,1,1,1,1,1,1,1,0,0,0,1,0,0,1,0,1,0,0,0,0,0,0
P03224,K08,Not Allowed,2019,NCI,post_policy,1,0,0,0,0,0,0,0,0,0,0,0,0,0,0,0,0,0,0,0,0,0,0,0,0,0,0,0,1,1,1,1,1,0,0,post,0,0,0,1,0,0,0,0,0,0,0,0,0,0,0,0,0,none,k0p0,,,,,0,,,1,1,0,,,,,,,,,,,,,,,,,
P03225,K08,Not Allowed,2019,NHLBI,post_policy,1,0,0,0,0,0,0,0,0,0,0,0,0,0,0,0,0,0,0,0,0,0,0,0,0,0,0,0,0,0,0,0,1,0,0,post,0,0,0,1,0,0,0,0,0,0,0,0,0,0,0,0,0,none,k0p0,,,,,0,,,1,1,0,,,,,,,,,,,,,,,,,
P03226,K08,Not Allowed,2020,NCI,post_policy,1,0,0,0,0,0,0,0,0,0,0,0,0,0,0,0,0,0,0,0,0,0,0,0,0,0,0,0,0,0,0,0,0,0,0,post,0,0,0,0,,,,0,0,0,0,0,0,0,0,0,0,none,k0p0,,,,,0,,,1,1,0,,,,,,,,,,,,,,,,,
P03227,K08,Not Allowed,2020,NHLBI,post_policy,1,0,0,0,0,0,0,0,0,0,0,0,0,0,0,0,0,0,0,0,0,0,0,0,0,0,0,0,0,0,0,0,0,0,0,post,0,0,0,0,,,,0,0,0,0,0,0,0,0,0,0,none,k0p0,,,,,0,,,1,1,0,,,,,,,,,,,,,,,,,
P03228,K23,Required,2019,NIA,post_policy,1,1,1,1,0,0,0,0,1,0,0,1,0,0,1,1,0,0,1,0,0,0,0,0,0,0,0,0,0,0,0,0,1,0,0,post,0,0,0,1,1,0,1,0,0,0,0,1,0,1,1,1,0,new_trial,k0p1,,,,,0,,,1,1,1,0,0,0,0,0,0,0,0,0,0,0,0,0,0,0,0,0
P03229,K23,Not Allowed,2020,NINDS,post_policy,1,0,0,0,0,0,0,0,0,0,0,0,0,0,0,0,0,0,0,0,0,0,0,0,0,0,1,0,0,1,0,0,0,0,0,post,0,0,0,0,,,,0,0,0,0,0,0,0,0,0,0,none,k0p0,,,,,0,,,1,1,0,,,,,,,,,,,,,,,,,
P03230,K23,Not Allowed,2019,NHLBI,post_policy,1,0,0,0,0,0,0,0,0,0,0,0,0,0,0,0,0,0,0,0,0,0,0,0,0,0,1,0,0,1,0,0,1,0,0,post,0,0,0,1,1,1,1,0,0,0,0,0,0,0,0,1,0,none,k0p0,,,,,0,,,1,1,0,,,,,,,,,,,,,,,,,
P03231,K08,Not Allowed,2020,NIAID,post_policy,1,0,0,0,0,0,0,1,0,0,0,0,0,0,0,0,0,0,0,0,0,0,0,0,0,1,1,1,1,1,1,1,0,0,0,post,0,0,0,0,,,,0,0,0,0,0,0,0,0,0,0,none,k0p0,,,,,0,,,1,1,0,,,,,,,,,,,,,,,,,
P03232,K23,Required,2021,NIAMS,post_policy,1,1,0,1,0,0,1,0,0,1,1,0,0,0,0,0,0,1,0,0,0,0,1,1,0,0,0,0,0,0,0,0,0,0,1,post,0,0,0,0,,,,1,0,0,1,0,1,0,0,0,0,ktrial_only,k1p0,,,,,0,,,1,1,1,1,1,0,0,0,1,1,0,1,0,1,0,0,0,0,1,1
P03233,K23,Not Allowed,2021,NHLBI,post_policy,1,0,0,0,0,0,0,0,0,0,0,0,0,0,0,0,0,0,0,0,0,0,0,0,0,0,0,0,0,0,0,0,0,0,0,post,0,0,0,0,,,,0,0,0,0,0,0,0,0,0,0,none,k0p0,,,,,0,,,1,1,0,,,,,,,,,,,,,,,,,
P03234,K08,Not Allowed,2021,NEI,post_policy,1,0,0,0,0,0,0,1,0,0,0,0,0,0,0,0,0,0,0,0,0,0,0,0,0,1,1,1,1,1,1,1,0,0,0,post,0,0,0,0,,,,0,0,0,0,0,0,0,0,0,0,none,k0p0,,,,,0,,,1,1,0,,,,,,,,,,,,,,,,,
P03235,K23,Not Allowed,2020,NHLBI,post_policy,1,0,0,0,0,0,0,0,0,0,0,0,0,0,0,0,0,0,0,0,0,0,0,0,0,0,0,0,0,0,0,0,0,0,0,post,0,0,0,0,,,,0,0,0,0,0,0,0,0,0,0,none,k0p0,,,,,0,,,1,1,0,,,,,,,,,,,,,,,,,
P03236,K23,Not Allowed,2021,NIDDK,post_policy,1,0,0,0,0,0,0,0,0,0,0,0,0,0,0,0,0,0,0,0,0,0,0,0,0,0,0,0,0,0,0,0,0,0,0,post,0,0,0,0,,,,0,0,0,0,0,0,0,0,0,0,none,k0p0,,,,,0,,,1,1,0,,,,,,,,,,,,,,,,,
P03237,K23,Not Allowed,2019,NHLBI,post_policy,1,0,0,0,0,0,0,0,0,0,0,0,0,0,0,0,0,0,0,0,0,0,0,0,0,0,0,0,0,0,0,0,1,0,0,post,0,0,0,1,0,0,0,0,0,0,0,0,0,0,0,0,0,none,k0p0,,,,,0,,,1,1,0,,,,,,,,,,,,,,,,,
P03238,K23,Not Allowed,2018,NIDCD,post_policy,1,0,0,0,0,0,0,1,0,0,0,0,0,0,0,0,0,0,0,0,0,0,0,0,0,1,1,1,1,1,1,1,1,0,0,post,0,0,0,1,0,0,0,0,0,0,0,0,0,0,0,0,0,none,k0p0,,,,,0,,,1,1,0,,,,,,,,,,,,,,,,,
P03239,K08,Not Allowed,2021,NIAMS,post_policy,1,0,0,0,0,0,0,0,0,0,0,0,0,0,0,0,0,0,0,0,0,0,0,0,0,0,0,0,0,0,0,0,0,0,0,post,0,0,0,0,,,,0,0,0,0,0,0,0,0,0,0,none,k0p0,,,,,0,,,1,1,0,,,,,,,,,,,,,,,,,
P03240,K08,Not Allowed,2018,NHGRI,post_policy,1,0,0,0,0,0,0,0,0,0,0,0,0,0,0,0,0,0,0,0,0,0,0,0,0,0,0,0,0,0,0,0,1,0,0,post,0,0,0,1,0,0,0,0,0,0,0,0,0,0,0,0,0,none,k0p0,,,,,0,,,1,1,0,,,,,,,,,,,,,,,,,
P03241,K23,Required,2021,NHLBI,post_policy,1,1,1,1,0,1,0,0,0,1,0,0,0,0,1,1,0,1,1,0,0,0,1,0,1,0,0,0,0,0,0,0,0,0,0,post,1,1,1,0,,,,0,0,1,1,1,1,1,1,1,1,new_trial,k1p1,k1p1,k1p1,k1p1,k1p1,0,,,1,1,1,1,0,1,0,0,1,0,0,0,0,1,1,1,0,1,1,1
P03242,K23,Required,2018,NIMH,post_policy,1,1,1,1,0,1,0,0,0,0,0,0,1,1,1,1,0,0,1,1,1,1,0,0,0,0,0,0,0,0,0,0,1,0,0,post,0,0,0,1,1,0,1,0,0,0,0,1,0,1,1,1,1,new_trial,k0p1,,,,,0,,,1,1,1,0,0,0,0,0,0,0,0,0,0,0,0,0,0,0,0,0
P03243,K08,Not Allowed,2019,NHLBI,post_policy,1,0,0,0,0,0,0,1,0,0,0,0,0,0,0,0,0,0,0,0,0,0,0,0,0,1,1,1,1,1,1,1,1,0,0,post,0,0,0,1,0,0,0,0,0,0,0,0,0,0,0,0,0,none,k0p0,,,,,0,,,1,1,0,,,,,,,,,,,,,,,,,
P03244,K23,Not Allowed,2019,NINDS,post_policy,1,0,0,0,0,0,0,1,0,0,0,0,0,0,0,0,0,0,0,0,0,0,0,0,0,1,1,1,1,1,1,1,1,0,0,post,0,0,0,1,0,0,0,0,0,0,0,0,0,0,0,0,0,none,k0p0,,,,,0,,,1,1,0,,,,,,,,,,,,,,,,,
P03245,K23,Required,2021,NINR,post_policy,1,1,0,0,0,0,0,0,0,0,0,0,0,0,0,0,0,0,0,0,0,0,0,0,0,0,0,0,0,0,0,0,0,0,0,post,0,0,0,0,,,,0,0,0,0,0,0,0,0,0,0,none,k0p0,,,,,0,,,1,1,1,0,0,0,0,0,0,0,0,0,0,0,0,0,0,0,0,0
P03246,K23,Not Allowed,2019,NINDS,post_policy,1,0,0,0,0,0,0,0,0,0,0,0,0,0,0,0,0,0,0,0,0,0,0,0,0,0,0,0,0,1,0,0,1,0,0,post,0,0,0,1,1,1,1,0,0,0,0,0,0,0,0,1,0,none,k0p0,,,,,0,,,1,1,0,,,,,,,,,,,,,,,,,
P03247,K08,Not Allowed,2020,NHLBI,post_policy,1,0,1,1,1,1,1,0,0,0,0,1,0,0,1,0,0,0,1,0,0,0,0,0,0,0,0,0,0,0,0,0,0,0,1,post,0,0,0,0,,,,0,0,0,0,1,0,0,1,1,0,new_trial,k0p1,,,,,0,,,1,1,0,,,,,,,,,,,,,,,,,
P03248,K08,Not Allowed,2019,NCI,post_policy,1,0,0,0,0,0,0,0,0,0,0,0,0,0,0,0,0,0,0,0,0,0,0,0,0,0,0,0,0,0,0,0,1,0,0,post,0,0,0,1,0,0,0,0,0,0,0,0,0,0,0,0,0,none,k0p0,,,,,0,,,1,1,0,,,,,,,,,,,,,,,,,
P03249,K08,Not Allowed,2019,NHGRI,post_policy,1,0,0,0,0,0,0,0,0,0,0,0,0,0,0,0,0,0,0,0,0,0,0,0,0,0,0,0,1,1,1,1,1,0,0,post,0,0,0,1,0,0,0,0,0,0,0,0,0,0,0,0,0,none,k0p0,,,,,0,,,1,1,0,,,,,,,,,,,,,,,,,
P03250,K23,Required,2020,NIMHD,post_policy,1,1,0,0,0,0,0,0,0,0,0,0,0,0,0,0,0,0,0,0,0,0,0,0,0,0,0,0,0,0,0,0,0,0,0,post,0,0,0,0,,,,0,0,0,0,0,0,0,0,0,0,none,k0p0,,,,,0,,,1,1,1,0,0,0,0,0,0,0,0,0,0,0,0,0,0,0,0,0
P03251,K23,Required,2020,NIDDK,post_policy,1,1,0,0,0,0,0,0,0,0,0,0,0,0,0,0,0,0,0,0,0,0,0,0,0,0,0,0,0,0,0,0,0,0,0,post,0,0,0,0,,,,0,0,0,0,0,0,0,0,0,1,none,k0p0,k0p0,k0p0,k0p0,k0p0,0,,,1,1,1,0,0,0,0,0,0,0,0,0,0,0,0,0,0,0,0,0
P03252,K23,Not Allowed,2021,NICHD,post_policy,1,0,0,0,0,0,0,0,0,0,0,0,0,0,0,0,0,0,0,0,0,0,0,0,0,0,0,0,0,0,0,0,0,0,0,post,0,0,0,0,,,,0,0,0,0,0,0,0,0,0,0,none,k0p0,,,,,0,,,1,1,0,,,,,,,,,,,,,,,,,
P03253,K08,Not Allowed,2019,NCI,post_policy,1,0,0,0,0,0,0,0,0,0,0,0,0,0,0,0,0,0,0,0,0,0,0,0,0,0,0,0,0,0,0,0,1,0,0,post,0,0,0,1,0,0,0,0,0,0,0,0,0,0,0,0,0,none,k0p0,,,,,0,,,1,1,0,,,,,,,,,,,,,,,,,
P03254,K23,Required,2020,NICHD,post_policy,1,1,0,1,0,0,1,0,0,1,1,0,0,0,0,0,0,1,0,0,0,0,1,1,0,0,1,0,0,1,0,0,0,0,1,post,1,1,0,0,,,,1,0,0,1,0,1,0,0,0,0,ktrial_only,k1p0,,,,,0,,,1,1,1,1,1,0,0,0,1,0,0,1,0,1,1,1,0,1,0,0
P03255,K23,Not Allowed,2018,NIMH,post_policy,1,1,0,0,0,0,1,1,0,0,0,0,0,0,0,0,0,0,0,0,0,0,0,0,0,1,1,1,1,1,1,1,1,0,1,post,0,0,0,1,0,0,0,0,0,0,0,0,0,0,0,0,0,none,k0p0,,,,,0,,,1,1,1,0,0,0,0,0,0,0,0,0,0,0,0,0,0,0,0,0
P03256,K23,Not Allowed,2020,NINDS,post_policy,1,0,0,0,0,0,0,0,0,0,0,0,0,0,0,0,0,0,0,0,0,0,0,0,0,0,0,0,0,0,0,0,0,0,0,post,0,0,0,0,,,,0,0,0,0,0,0,0,0,0,0,none,k0p0,,,,,0,,,1,1,0,,,,,,,,,,,,,,,,,
P03257,K08,Not Allowed,2020,NIDDK,post_policy,1,0,0,0,0,0,0,0,0,0,0,0,0,0,0,0,0,0,0,0,0,0,0,0,0,0,0,0,0,0,0,0,0,0,0,post,0,0,0,0,,,,0,0,0,0,0,0,0,0,0,0,none,k0p0,,,,,0,,,1,1,0,,,,,,,,,,,,,,,,,
P03258,K23,Required,2021,NIMH,post_policy,1,1,0,1,0,0,0,0,0,1,0,0,0,0,0,0,0,1,0,0,0,0,1,1,0,0,0,0,0,0,0,0,0,0,0,post,0,0,0,0,,,,1,0,0,1,0,1,0,0,0,0,ktrial_only,k1p0,,,,,0,,,1,1,1,1,1,0,0,0,1,0,0,1,0,1,1,1,0,0,0,0
P03259,K08,Not Allowed,2019,NIDDK,post_policy,1,0,1,1,1,1,0,0,0,0,0,0,1,0,1,1,0,0,1,0,0,0,0,0,0,0,0,0,0,0,0,0,1,0,0,post,0,0,0,1,1,0,1,0,0,0,0,1,0,1,1,1,0,new_trial,k0p1,,,,,0,,,1,1,0,,,,,,,,,,,,,,,,,
P03260,K08,Not Allowed,2021,NHLBI,post_policy,1,0,0,0,0,0,0,0,0,0,0,0,0,0,0,0,0,0,0,0,0,0,0,0,0,0,0,0,0,0,0,0,0,0,0,post,0,0,0,0,,,,0,0,0,0,0,0,0,0,0,0,none,k0p0,,,,,0,,,1,1,0,,,,,,,,,,,,,,,,,
P03261,K08,Not Allowed,2020,NCI,post_policy,1,0,0,0,0,0,0,0,0,0,0,0,0,0,0,0,0,0,0,0,0,0,0,0,0,0,0,0,0,0,0,0,0,0,0,post,0,0,0,0,,,,0,0,0,0,0,0,0,0,0,0,none,k0p0,,,,,0,,,1,1,0,,,,,,,,,,,,,,,,,
P03262,K08,Not Allowed,2021,NIDDK,post_policy,1,0,0,0,0,0,0,0,0,0,0,0,0,0,0,0,0,0,0,0,0,0,0,0,0,0,1,0,0,1,0,0,0,0,0,post,0,0,0,0,,,,0,0,0,0,0,0,0,0,0,0,none,k0p0,,,,,0,,,1,1,0,,,,,,,,,,,,,,,,,
P03263,K23,Required,2020,NIAAA,post_policy,1,1,1,1,0,1,0,1,1,1,0,1,0,0,1,0,0,1,1,0,1,1,1,1,0,1,1,1,1,1,1,1,0,0,0,post,1,1,1,0,,,,1,0,0,1,1,1,1,1,1,1,new_trial,k1p1,k1p1,k1p1,k1p1,k1p1,0,,,1,1,1,1,1,0,0,0,1,0,0,1,0,1,1,1,0,1,1,1
P03264,K23,Required,2021,NIMH,post_policy,1,1,0,1,0,0,0,0,1,1,0,0,0,0,0,0,0,1,0,0,0,0,1,1,0,0,0,0,0,0,0,0,0,0,0,post,1,1,1,0,,,,1,0,0,1,0,1,0,0,0,0,ktrial_only,k1p0,,,,,0,,,1,1,1,1,1,0,0,0,1,0,0,1,0,1,1,1,0,1,1,1
P03265,K08,Not Allowed,2020,NIA,post_policy,1,0,0,0,0,0,0,1,0,0,0,0,0,0,0,0,0,0,0,0,0,0,0,0,0,1,1,1,1,1,1,1,0,0,0,post,0,0,0,0,,,,0,0,0,0,0,0,0,0,0,0,none,k0p0,,,,,0,,,1,1,0,,,,,,,,,,,,,,,,,
P03266,K23,Not Allowed,2021,NHLBI,post_policy,1,0,0,0,0,0,0,1,0,0,0,0,0,0,0,0,0,0,0,0,0,0,0,0,0,1,1,1,1,1,1,1,0,0,0,post,0,0,0,0,,,,0,0,0,0,0,0,0,0,0,0,none,k0p0,,,,,0,,,1,1,0,,,,,,,,,,,,,,,,,
P03267,K23,Required,2019,NHLBI,post_policy,1,1,0,1,0,0,0,0,0,1,0,0,0,0,0,0,0,1,0,0,0,0,1,1,0,0,0,0,0,0,0,0,1,0,0,post,1,0,0,1,0,0,0,1,0,0,1,0,0,0,0,0,0,ktrial_only,k1p0,,,,,0,,,1,1,1,1,1,0,0,0,1,0,0,1,0,1,1,1,0,0,1,1
P03268,K23,Required,2021,NHLBI,post_policy,1,1,1,1,1,1,1,0,0,1,0,0,0,0,1,1,0,1,1,0,0,0,1,1,0,0,0,0,0,0,0,0,0,0,1,post,0,0,0,0,,,,1,0,0,1,1,1,1,1,1,0,new_trial,k1p1,,,,,0,,,1,1,1,1,0,1,0,0,1,0,0,0,1,1,1,1,0,0,0,0
P03269,K08,Not Allowed,2020,NHLBI,post_policy,1,0,0,0,0,0,0,0,0,0,0,0,0,0,0,0,0,0,0,0,0,0,0,0,0,0,0,0,0,0,0,0,0,0,0,post,0,0,0,0,,,,0,0,0,0,0,0,0,0,0,0,none,k0p0,,,,,0,,,1,1,0,,,,,,,,,,,,,,,,,
P03270,K23,Required,2019,NHLBI,post_policy,1,1,0,0,0,0,0,0,0,0,0,0,0,0,0,0,0,0,0,0,0,0,0,0,0,0,0,0,0,0,0,0,1,0,0,post,0,0,0,1,0,0,0,0,0,0,0,0,0,0,0,0,0,none,k0p0,,,,,0,,,1,1,1,0,0,0,0,0,0,0,0,0,0,0,0,0,0,0,0,0
P03271,K23,Required,2020,NHLBI,post_policy,1,1,0,1,0,0,0,0,0,1,0,0,0,0,0,0,0,1,0,0,0,0,1,1,0,0,0,0,0,0,0,0,0,0,0,post,0,0,0,0,,,,1,0,0,1,0,1,0,0,0,1,ktrial_only,k1p0,k1p0,k1p0,k1p0,k1p0,0,,,1,1,1,1,1,0,0,0,1,0,0,1,0,1,1,0,0,0,0,0
P03272,K23,Not Allowed,2019,NHLBI,post_policy,1,0,0,0,0,0,0,1,0,0,0,0,0,0,0,0,0,0,0,0,0,0,0,0,0,1,1,1,1,1,1,1,1,0,0,post,0,0,0,1,0,0,0,0,0,0,0,0,0,0,0,0,0,none,k0p0,,,,,0,,,1,1,0,,,,,,,,,,,,,,,,,
P03273,K23,Not Allowed,2019,NHLBI,post_policy,1,0,0,0,0,0,0,1,0,0,0,0,0,0,0,0,0,0,0,0,0,0,0,0,0,1,1,1,1,1,1,1,1,0,0,post,0,0,0,1,0,0,0,0,0,0,0,0,0,0,0,0,0,none,k0p0,,,,,0,,,1,1,0,,,,,,,,,,,,,,,,,
P03274,K08,Not Allowed,2021,NINDS,post_policy,1,0,0,0,0,0,0,0,0,0,0,0,0,0,0,0,0,0,0,0,0,0,0,0,0,0,0,0,0,0,0,0,0,0,0,post,0,0,0,0,,,,0,0,0,0,0,0,0,0,0,0,none,k0p0,,,,,0,,,1,1,0,,,,,,,,,,,,,,,,,
P03275,K23,Required,2019,NHLBI,post_policy,1,1,1,1,1,1,0,1,0,0,0,1,0,0,1,0,0,0,1,0,1,1,0,0,0,1,1,1,1,1,1,1,1,1,0,post,0,0,0,1,1,0,1,0,0,0,0,1,0,1,1,1,0,new_trial,k0p1,,,,,0,,,1,1,0,,,,,,,,,,,,,,,,,
P03276,K23,Not Allowed,2019,NIAID,post_policy,1,0,0,0,0,0,0,0,0,0,0,0,0,0,0,0,0,0,0,0,0,0,0,0,0,0,0,0,0,1,0,0,1,0,0,post,0,0,0,1,0,0,0,0,0,0,0,0,0,0,0,0,0,none,k0p0,,,,,0,,,1,1,0,,,,,,,,,,,,,,,,,
P03277,K08,Not Allowed,2019,NHGRI,post_policy,1,0,0,0,0,0,0,1,0,0,0,0,0,0,0,0,0,0,0,0,0,0,0,0,0,1,1,1,1,1,1,1,1,0,0,post,0,0,0,1,1,1,1,0,0,0,0,0,0,0,0,1,0,none,k0p0,,,,,0,,,1,1,0,,,,,,,,,,,,,,,,,
P03278,K23,Not Allowed,2019,NIMH,post_policy,1,0,0,0,0,0,0,0,0,0,0,0,0,0,0,0,0,0,0,0,0,0,0,0,0,0,0,0,0,0,0,0,1,0,0,post,0,0,0,1,0,0,0,0,0,0,0,0,0,0,0,0,0,none,k0p0,,,,,0,,,1,1,0,,,,,,,,,,,,,,,,,
P03279,K23,Required,2020,NIDDK,post_policy,1,1,0,1,0,0,1,0,0,1,0,0,0,0,0,0,0,1,0,0,0,0,1,0,1,0,0,0,0,0,0,0,0,0,1,post,0,0,0,0,,,,0,0,1,1,0,1,0,0,0,0,ktrial_only,k1p0,,,,,0,,,1,1,1,1,0,1,0,0,1,0,0,0,0,1,0,0,0,0,0,0
P03280,K08,Not Allowed,2020,NCI,post_policy,1,0,0,0,0,0,0,0,0,0,0,0,0,0,0,0,0,0,0,0,0,0,0,0,0,0,0,0,0,0,0,0,0,0,0,post,0,0,0,0,,,,0,0,0,0,0,0,0,0,0,0,none,k0p0,,,,,0,,,1,1,0,,,,,,,,,,,,,,,,,
P03281,K08,Not Allowed,2020,NIDCR,post_policy,1,0,1,1,0,1,0,0,0,0,0,0,0,0,1,0,0,0,1,0,1,0,0,0,0,0,0,0,0,0,0,0,0,0,0,post,0,0,0,0,,,,0,0,0,0,1,0,1,1,1,0,new_trial,k0p1,,,,,0,,,1,1,0,,,,,,,,,,,,,,,,,
P03282,K08,Not Allowed,2019,NIMH,post_policy,1,0,0,0,0,0,0,1,0,0,0,0,0,0,0,0,0,0,0,0,0,0,0,0,0,1,1,1,1,1,1,1,1,0,0,post,0,0,0,1,0,0,0,0,0,0,0,0,0,0,0,0,0,none,k0p0,,,,,0,,,1,1,0,,,,,,,,,,,,,,,,,
P03283,K08,Not Allowed,2021,NIDDK,post_policy,1,0,0,0,0,0,0,0,0,0,0,0,0,0,0,0,0,0,0,0,0,0,0,0,0,0,0,0,0,0,0,0,0,0,0,post,0,0,0,0,,,,0,0,0,0,0,0,0,0,0,0,none,k0p0,,,,,0,,,1,1,0,,,,,,,,,,,,,,,,,
P03284,K23,Not Allowed,2020,NIA,post_policy,1,0,1,1,1,1,0,1,0,0,0,0,0,0,1,1,0,0,1,0,1,1,0,0,0,1,1,1,1,1,1,1,0,0,0,post,0,0,0,0,,,,0,0,0,0,1,0,1,1,1,0,new_trial,k0p1,,,,,0,,,1,1,0,,,,,,,,,,,,,,,,,
P03285,K23,Not Allowed,2020,NINDS,post_policy,1,0,0,0,0,0,0,0,0,0,0,0,0,0,0,0,0,0,0,0,0,0,0,0,0,0,0,0,0,0,0,0,0,0,0,post,0,0,0,0,,,,0,0,0,0,0,0,0,0,0,0,none,k0p0,,,,,0,,,1,1,0,,,,,,,,,,,,,,,,,
P03286,K08,Not Allowed,2021,NIAID,post_policy,1,0,0,0,0,0,0,0,0,0,0,0,0,0,0,0,0,0,0,0,0,0,0,0,0,0,0,0,0,0,0,0,0,0,0,post,0,0,0,0,,,,0,0,0,0,0,0,0,0,0,0,none,k0p0,,,,,0,,,1,1,0,,,,,,,,,,,,,,,,,
P03287,K08,Not Allowed,2021,NIA,post_policy,1,0,0,0,0,0,0,0,0,0,0,0,0,0,0,0,0,0,0,0,0,0,0,0,0,0,1,0,1,1,1,1,0,0,0,post,0,0,0,0,,,,0,0,0,0,0,0,0,0,0,0,none,k0p0,,,,,0,,,1,1,0,,,,,,,,,,,,,,,,,
P03288,K23,Not Allowed,2020,NINDS,post_policy,1,0,0,0,0,0,0,1,0,0,0,0,0,0,1,0,0,0,0,0,0,0,0,0,0,1,1,1,1,1,1,1,0,0,0,post,0,0,0,0,,,,0,0,0,0,0,0,0,0,0,0,none,k0p0,,,,,0,,,1,1,0,,,,,,,,,,,,,,,,,
P03289,K08,Not Allowed,2021,NHLBI,post_policy,1,0,1,1,0,0,1,1,0,0,0,1,0,0,1,1,0,0,1,0,1,1,1,0,0,1,1,1,1,1,1,1,0,0,0,post,0,0,0,0,,,,0,0,0,0,1,0,1,1,1,0,new_trial,k0p1,,,,,0,,,1,1,0,,,,,,,,,,,,,,,,,
P03290,K23,Required,2019,NHLBI,post_policy,1,1,0,0,0,0,0,0,0,0,0,0,0,0,0,0,0,0,0,0,0,0,0,0,0,0,0,0,0,0,0,0,1,0,0,post,0,0,0,1,0,0,0,0,0,0,0,0,0,0,0,0,0,none,k0p0,,,,,0,,,1,1,1,0,0,0,0,0,0,0,0,0,0,0,0,0,0,0,0,0
P03291,K08,Not Allowed,2020,NHLBI,post_policy,1,0,0,0,0,0,0,1,0,0,0,0,0,0,0,0,0,0,0,0,0,0,0,0,0,1,1,1,1,1,1,1,0,0,0,post,0,0,0,0,,,,0,0,0,0,0,0,0,0,0,0,none,k0p0,,,,,0,,,1,1,0,,,,,,,,,,,,,,,,,
P03292,K23,Required,2019,NIDDK,post_policy,1,1,1,1,0,1,0,0,0,1,0,0,1,1,1,1,0,1,1,1,0,0,1,1,0,0,0,0,0,0,0,0,1,0,0,post,1,1,1,1,1,0,1,1,0,0,1,1,1,1,1,1,0,new_trial,k1p1,,,,,0,,,1,1,1,1,1,0,0,0,1,0,0,1,0,1,1,1,0,1,1,1
P03293,K08,Not Allowed,2020,NINDS,post_policy,1,0,0,0,0,0,0,0,0,0,0,0,0,0,0,0,0,0,0,0,0,0,0,0,0,0,0,0,0,0,0,0,0,0,0,post,0,0,0,0,,,,0,0,0,0,0,0,0,0,0,0,none,k0p0,,,,,0,,,1,1,0,,,,,,,,,,,,,,,,,
P03294,K23,Required,2019,NIMH,post_policy,1,1,0,1,0,0,0,0,0,1,1,0,0,0,0,0,0,1,0,0,0,0,1,1,1,0,0,0,0,0,0,0,0,0,0,post,0,0,0,0,,,,1,0,1,1,0,1,0,0,0,0,ktrial_only,k1p0,,,,,0,,,1,1,1,1,1,1,0,0,1,0,0,1,1,1,0,0,1,1,0,0
P03295,K23,Required,2021,NIDDK,post_policy,1,1,1,1,1,0,1,1,0,1,1,0,0,0,1,1,0,1,1,0,1,1,1,1,0,1,1,1,1,1,1,1,0,0,1,post,0,0,0,0,,,,1,0,0,1,1,0,1,1,1,0,new_trial,k1p1,,,,,0,,,1,1,1,1,0,1,0,0,1,0,0,0,1,1,0,0,0,0,1,1
P03296,K08,Not Allowed,2020,NHLBI,post_policy,1,0,0,0,0,0,0,0,0,0,0,0,0,0,0,0,0,0,0,0,0,0,0,0,0,0,0,0,0,0,0,0,0,0,0,post,0,0,0,0,,,,0,0,0,0,0,0,0,0,0,0,none,k0p0,,,,,0,,,1,1,0,,,,,,,,,,,,,,,,,
P03297,K23,Not Allowed,2018,NIAID,post_policy,1,0,0,0,0,0,0,0,0,0,0,0,0,0,0,0,0,0,0,0,0,0,0,0,0,0,0,0,0,0,0,0,1,0,0,post,0,0,0,1,0,0,0,0,0,0,0,0,0,0,0,0,0,none,k0p0,,,,,0,,,1,1,0,,,,,,,,,,,,,,,,,
P03298,K08,Not Allowed,2020,NCI,post_policy,1,0,0,0,0,0,0,0,0,0,0,0,0,0,0,0,0,0,0,0,0,0,0,0,0,0,0,0,0,0,0,0,0,0,0,post,0,0,0,0,,,,0,0,0,0,0,0,0,0,0,0,none,k0p0,,,,,0,,,1,1,0,,,,,,,,,,,,,,,,,
P03299,K08,Not Allowed,2018,NIDCD,post_policy,1,0,0,0,0,0,0,0,0,0,0,0,0,0,0,0,0,0,0,0,0,0,0,0,0,0,0,0,0,0,0,0,1,0,0,post,0,0,0,1,0,0,0,0,0,0,0,0,0,0,0,0,0,none,k0p0,,,,,0,,,1,1,0,,,,,,,,,,,,,,,,,
P03300,K08,Not Allowed,2019,NIMH,post_policy,1,0,0,0,0,0,0,0,0,0,0,0,0,0,0,0,0,0,0,0,0,0,0,0,0,0,0,0,0,0,0,0,1,0,0,post,0,0,0,1,0,0,0,0,0,0,0,0,0,0,0,0,0,none,k0p0,,,,,0,,,1,1,0,,,,,,,,,,,,,,,,,
P03301,K23,Not Allowed,2021,NIDA,post_policy,1,0,1,1,1,1,0,1,1,0,0,0,1,1,1,1,0,0,1,0,1,1,0,0,0,1,1,1,1,1,1,1,0,0,0,post,0,0,0,0,,,,0,0,0,0,1,0,1,1,1,1,new_trial,k0p1,k0p1,k0p1,k0p1,k0p1,0,,,1,1,0,,,,,,,,,,,,,,,,,
P03302,K08,Not Allowed,2020,NCI,post_policy,1,0,0,0,0,0,0,0,0,0,0,0,0,0,0,0,0,0,0,0,0,0,0,0,0,0,0,0,0,0,0,0,0,0,0,post,0,0,0,0,,,,0,0,0,0,0,0,0,0,0,0,none,k0p0,,,,,0,,,1,1,0,,,,,,,,,,,,,,,,,
P03303,K23,Required,2019,NCCIH,post_policy,1,1,0,1,0,0,0,0,0,1,0,0,0,0,0,0,0,1,0,0,0,0,1,1,0,0,0,1,0,0,0,1,1,0,0,post,0,0,0,1,1,1,1,1,0,0,1,0,1,0,0,1,0,ktrial_only,k1p0,,,,,1,1,1,1,1,1,1,1,0,0,0,1,0,0,1,0,1,0,0,0,0,1,1
P03304,K23,Not Allowed,2019,NIDDK,post_policy,1,0,1,1,1,1,0,0,0,0,0,1,1,1,1,0,0,0,1,1,0,0,0,0,0,0,1,0,0,1,0,0,1,0,0,post,0,0,0,1,1,0,1,0,0,0,0,1,0,0,1,1,0,new_trial,k0p1,,,,,0,,,1,1,0,,,,,,,,,,,,,,,,,
P03305,K23,Not Allowed,2018,NIGMS,post_policy,1,0,1,1,1,0,0,0,0,0,0,0,0,0,1,1,0,0,1,0,0,0,0,0,0,1,1,1,1,1,1,1,1,0,0,post,0,0,0,1,1,0,1,0,0,0,0,1,0,1,1,1,1,new_trial,k0p1,k0p1,k0p1,k0p1,k0p1,0,,,1,1,0,,,,,,,,,,,,,,,,,
P03306,K23,Required,2020,NIMH,post_policy,1,1,0,1,0,0,0,0,0,1,0,0,0,0,0,0,0,1,0,0,0,0,1,1,0,0,0,0,0,0,0,0,0,0,0,post,0,0,0,0,,,,1,0,0,1,0,1,0,0,0,0,ktrial_only,k1p0,,,,,0,,,1,1,1,1,1,0,0,0,1,0,0,1,0,0,0,0,0,0,0,0
P03307,K08,Not Allowed,2021,NIDDK,post_policy,1,0,0,0,0,0,0,0,0,0,0,0,0,0,0,0,0,0,0,0,0,0,0,0,0,0,0,0,0,0,0,0,0,0,0,post,0,0,0,0,,,,0,0,0,0,0,0,0,0,0,0,none,k0p0,,,,,0,,,1,1,0,,,,,,,,,,,,,,,,,
P03308,K23,Not Allowed,2021,NINDS,post_policy,1,0,0,0,0,0,0,0,0,0,0,0,0,0,0,0,0,0,0,0,0,0,0,0,0,0,0,0,0,0,0,0,0,0,0,post,0,0,0,0,,,,0,0,0,0,0,0,0,0,0,0,none,k0p0,,,,,0,,,1,1,0,,,,,,,,,,,,,,,,,
P03309,K23,Not Allowed,2021,NHLBI,post_policy,1,0,1,1,1,1,0,1,0,0,0,1,1,0,1,1,0,0,1,0,1,1,0,0,0,1,1,1,1,1,1,1,0,0,0,post,0,0,0,0,,,,0,0,0,0,1,0,1,1,1,0,new_trial,k0p1,,,,,0,,,1,1,0,,,,,,,,,,,,,,,,,
P03310,K08,Not Allowed,2019,NCI,post_policy,1,0,0,0,0,0,0,1,0,0,0,0,0,0,0,0,0,0,0,0,0,0,0,0,0,1,1,1,1,1,1,1,1,0,0,post,0,0,0,1,0,0,0,0,0,0,0,0,0,0,0,0,0,none,k0p0,,,,,0,,,1,1,0,,,,,,,,,,,,,,,,,
P03311,K08,Not Allowed,2019,NIMH,post_policy,1,0,0,0,0,0,0,1,0,0,0,0,0,0,0,0,0,0,0,0,0,0,0,0,0,1,1,1,1,1,1,1,1,0,0,post,0,0,0,1,0,0,0,0,0,0,0,0,0,0,0,0,0,none,k0p0,,,,,0,,,1,1,0,,,,,,,,,,,,,,,,,
P03312,K23,Not Allowed,2020,NHLBI,post_policy,1,0,0,0,0,0,1,0,0,0,0,0,0,0,0,0,0,0,0,0,0,0,0,0,0,0,0,0,0,0,0,0,0,0,1,post,0,0,0,0,,,,0,0,0,0,0,0,0,0,0,0,none,k0p0,,,,,0,,,1,1,0,,,,,,,,,,,,,,,,,
P03313,K23,Required,2021,NIMHD,post_policy,1,1,0,1,0,0,0,0,0,1,0,0,0,0,0,0,0,1,0,0,0,0,1,1,0,0,0,0,0,0,0,0,0,0,0,post,1,1,0,0,,,,1,0,0,1,0,1,0,0,0,0,ktrial_only,k1p0,,,,,0,,,1,1,1,1,0,1,0,0,1,0,0,0,1,1,1,1,0,1,0,0
P03314,K23,Not Allowed,2020,NIMH,post_policy,1,0,0,0,0,0,0,0,1,0,0,0,0,0,0,0,0,0,0,0,0,0,0,0,0,0,0,0,0,0,0,0,0,0,0,post,0,0,0,0,,,,0,0,0,0,0,0,0,0,0,0,none,k0p0,,,,,0,,,1,1,0,,,,,,,,,,,,,,,,,
P03315,K23,Required,2020,NHLBI,post_policy,1,1,0,1,0,0,1,1,0,1,0,0,0,0,0,0,0,1,0,0,0,0,1,1,1,1,1,1,1,1,1,1,0,0,0,post,1,1,1,0,,,,1,0,1,1,0,1,0,0,0,0,ktrial_only,k1p0,,,,,0,,,1,1,1,1,1,1,0,0,1,0,0,1,0,1,1,1,0,1,0,0
P03316,K23,Not Allowed,2021,NIDDK,post_policy,1,0,0,0,0,0,0,0,0,0,0,0,0,0,0,0,0,0,0,0,0,0,0,0,0,0,1,0,0,1,0,0,0,0,0,post,0,0,0,0,,,,0,0,0,0,0,0,0,0,0,0,none,k0p0,,,,,0,,,1,1,0,,,,,,,,,,,,,,,,,
P03317,K08,Not Allowed,2021,NHLBI,post_policy,1,0,0,0,0,0,0,1,0,0,0,0,0,0,0,0,0,0,0,0,0,0,0,0,0,1,1,1,1,1,1,1,0,0,0,post,0,0,0,0,,,,0,0,0,0,0,0,0,0,0,0,none,k0p0,,,,,0,,,1,1,0,,,,,,,,,,,,,,,,,
P03318,K23,Not Allowed,2019,NIMH,post_policy,1,0,1,1,0,1,1,0,1,0,0,0,1,0,1,1,0,0,1,0,0,0,0,0,0,0,0,0,0,0,0,0,1,0,1,post,0,0,0,1,1,0,1,0,0,0,0,1,0,1,1,1,1,new_trial,k0p1,k0p1,k0p1,k0p1,k0p1,0,,,1,1,0,,,,,,,,,,,,,,,,,
P03319,K23,Not Allowed,2021,NIGMS,post_policy,1,0,0,1,0,0,0,1,0,1,0,0,0,0,0,0,0,1,0,0,0,0,1,0,1,1,1,1,1,1,1,1,0,0,0,post,0,0,0,0,,,,0,0,1,1,0,1,0,0,0,1,ktrial_only,k1p0,k0p1,k0p1,k0p1,k0p1,0,,,1,1,0,,,,,,,,,,,,,,,,,
P03320,K23,Not Allowed,2020,NINR,post_policy,1,0,0,0,0,0,0,1,0,0,0,0,0,0,0,0,0,0,0,0,0,0,0,0,0,1,1,1,1,1,1,1,0,0,0,post,0,0,0,0,,,,0,0,0,0,0,0,0,0,0,0,none,k0p0,,,,,0,,,1,1,0,,,,,,,,,,,,,,,,,
P03321,K23,Required,2020,NIDDK,post_policy,1,0,1,1,0,1,0,0,0,0,0,0,0,0,1,1,0,0,1,0,0,0,0,0,0,0,1,0,0,1,0,0,0,0,0,post,0,0,0,0,,,,0,0,0,0,1,0,1,1,1,0,new_trial,k0p1,,,,,0,,,1,1,0,,,,,,,,,,,,,,,,,
P03322,K08,Not Allowed,2020,NCI,post_policy,1,0,0,0,0,0,0,0,0,0,0,0,0,0,0,0,0,0,0,0,0,0,0,0,0,1,1,1,1,1,1,1,0,0,0,post,0,0,0,0,,,,0,0,0,0,0,0,0,0,0,0,none,k0p0,,,,,0,,,1,1,0,,,,,,,,,,,,,,,,,
P03323,K08,Not Allowed,2019,NIDDK,post_policy,1,0,0,0,0,0,0,0,0,0,0,0,0,0,0,0,0,0,0,0,0,0,0,0,0,0,0,0,0,0,0,0,1,0,0,post,0,0,0,1,1,1,1,0,0,0,0,0,0,0,0,1,0,none,k0p0,,,,,0,,,1,1,0,,,,,,,,,,,,,,,,,
P03324,K23,Not Allowed,2019,NIAMS,post_policy,1,0,0,0,0,0,0,1,0,0,0,0,0,0,0,0,0,0,0,0,0,0,0,0,0,1,1,1,1,1,1,1,1,0,0,post,0,0,0,1,0,0,0,0,0,0,0,0,0,0,0,0,0,none,k0p0,,,,,0,,,1,1,0,,,,,,,,,,,,,,,,,
P03325,K08,Not Allowed,2021,NIGMS,post_policy,1,0,0,0,0,0,0,0,0,0,0,0,0,0,0,0,0,0,0,0,0,0,0,0,0,0,0,0,0,0,0,0,0,0,0,post,0,0,0,0,,,,0,0,0,0,0,0,0,0,0,0,none,k0p0,,,,,0,,,1,1,0,,,,,,,,,,,,,,,,,
P03326,K23,Required,2020,NIDA,post_policy,1,1,0,1,0,0,0,0,0,1,0,0,0,0,0,0,0,1,0,0,0,0,1,1,0,0,0,0,0,0,0,0,0,0,0,post,0,0,0,0,,,,1,0,0,1,0,1,0,0,0,0,ktrial_only,k1p0,,,,,0,,,1,1,1,1,1,0,0,0,1,0,0,1,0,1,1,0,0,0,0,0
P03327,K23,Required,2021,NHLBI,post_policy,1,1,1,1,0,1,0,0,0,0,0,1,0,0,1,1,0,0,1,0,0,0,0,0,0,0,0,0,0,0,0,0,0,0,0,post,0,0,0,0,,,,0,0,0,0,1,0,1,1,1,0,new_trial,k0p1,,,,,0,,,1,1,1,0,0,0,0,0,0,0,0,0,0,0,0,0,0,0,0,0
P03328,K23,Required,2021,NICHD,post_policy,1,1,1,1,0,1,1,1,0,1,0,0,1,1,1,1,0,1,1,0,0,0,1,0,1,1,1,1,1,1,1,1,0,0,1,post,1,0,0,0,,,,0,0,1,1,1,1,1,1,1,0,new_trial,k1p1,,,,,0,,,1,1,1,1,0,1,0,0,1,0,0,0,0,1,1,1,0,0,0,0
P03329,K23,Required,2021,NIDA,post_policy,1,1,0,1,0,0,0,0,1,1,0,0,0,0,0,0,0,1,0,0,0,0,1,1,0,0,0,0,0,0,0,0,0,0,0,post,1,1,0,0,,,,1,0,0,1,0,1,0,0,0,0,ktrial_only,k1p0,,,,,0,,,1,1,1,1,1,0,0,0,1,0,0,1,0,1,1,1,0,1,0,0
P03330,K08,Not Allowed,2020,NCI,post_policy,1,0,0,0,0,0,0,0,0,0,0,0,0,0,0,0,0,0,0,0,0,0,0,0,0,0,1,0,0,1,0,0,0,0,0,post,0,0,0,0,,,,0,0,0,0,0,0,0,0,0,0,none,k0p0,,,,,0,,,1,1,0,,,,,,,,,,,,,,,,,
P03331,K23,Required,2020,NICHD,post_policy,1,1,1,1,0,1,1,0,0,1,0,0,1,0,1,1,0,1,1,0,0,0,1,1,1,0,1,0,0,1,0,0,0,0,1,post,0,0,0,0,,,,1,0,1,1,1,1,1,1,1,0,new_trial,k1p1,,,,,0,,,1,1,1,1,0,1,0,0,1,0,0,0,1,1,0,0,0,1,1,1
P03332,K08,Not Allowed,2021,NIAAA,post_policy,1,0,0,0,0,0,0,0,0,0,0,0,0,0,0,0,0,0,0,0,0,0,0,0,0,0,0,0,0,0,0,0,0,0,0,post,0,0,0,0,,,,0,0,0,0,0,0,0,0,0,0,none,k0p0,,,,,0,,,1,1,0,,,,,,,,,,,,,,,,,
P03333,K23,Required,2020,NIDDK,post_policy,1,1,1,1,1,1,1,1,0,1,1,0,0,0,1,1,0,1,1,0,1,1,1,1,0,1,1,1,1,1,1,1,0,0,1,post,0,0,0,0,,,,1,0,0,1,1,0,1,1,1,0,new_trial,k1p1,,,,,0,,,1,1,1,1,0,1,0,0,1,0,0,0,1,1,0,0,1,1,0,0
P03334,K08,Not Allowed,2021,NIDDK,post_policy,1,0,0,0,0,0,0,1,0,0,0,0,0,0,0,0,0,0,0,0,0,0,0,0,0,1,1,1,1,1,1,1,0,0,0,post,0,0,0,0,,,,0,0,0,0,0,0,0,0,0,0,none,k0p0,,,,,0,,,1,1,0,,,,,,,,,,,,,,,,,
P03335,K23,Required,2021,NIAAA,post_policy,1,0,0,1,0,0,0,0,0,1,1,0,0,0,0,0,0,1,0,0,0,0,1,1,0,0,0,0,0,0,0,0,0,0,0,post,0,0,0,0,,,,1,0,0,1,0,1,0,0,0,1,ktrial_only,k1p0,k1p0,k1p0,k1p0,k1p0,0,,,1,1,0,,,,,,,,,,,,,,,,,
P03336,K23,Required,2020,NCCIH,post_policy,1,1,1,1,0,1,0,1,1,1,0,0,1,1,1,0,0,1,1,0,1,1,1,1,0,1,1,1,1,1,1,1,0,0,0,post,1,1,0,0,,,,1,0,0,1,1,1,1,1,1,0,new_trial,k1p1,,,,,0,,,1,1,1,1,1,0,0,0,1,0,0,1,0,1,1,1,0,1,0,0
P03337,K23,Required,2019,NIDDK,post_policy,1,1,0,1,0,0,1,0,0,1,0,0,0,0,0,0,0,1,0,0,0,0,1,1,0,0,0,0,0,0,0,0,1,0,1,post,1,0,0,1,1,1,1,1,0,0,1,0,1,0,0,1,0,ktrial_only,k1p0,,,,,0,,,1,1,1,1,1,0,0,0,1,0,0,1,0,1,1,0,0,0,0,0
P03338,K08,Not Allowed,2019,NIDDK,post_policy,1,0,0,0,0,0,0,0,0,0,0,0,0,0,0,0,0,0,0,0,0,0,0,0,0,0,0,0,0,0,0,0,1,0,0,post,0,0,0,1,0,0,0,0,0,0,0,0,0,0,0,0,0,none,k0p0,,,,,0,,,1,1,0,,,,,,,,,,,,,,,,,
P03339,K08,Not Allowed,2021,NIDDK,post_policy,1,0,0,0,0,0,0,0,0,0,0,0,0,0,0,0,0,0,0,0,0,0,0,0,0,0,0,0,0,0,0,0,0,0,0,post,0,0,0,0,,,,0,0,0,0,0,0,0,0,0,0,none,k0p0,,,,,0,,,1,1,0,,,,,,,,,,,,,,,,,
P03340,K08,Not Allowed,2019,NCI,post_policy,1,0,0,0,0,0,0,1,0,0,0,0,0,0,0,0,0,0,0,0,0,0,0,0,0,0,1,0,0,1,0,0,1,0,0,post,0,0,0,1,0,0,0,0,0,0,0,0,0,0,0,0,0,none,k0p0,,,,,0,,,1,1,0,,,,,,,,,,,,,,,,,
P03341,K08,Not Allowed,2020,NHLBI,post_policy,1,0,0,0,0,0,0,1,0,0,0,0,0,0,0,0,0,0,0,0,0,0,0,0,0,1,1,1,1,1,1,1,0,0,0,post,0,0,0,0,,,,0,0,0,0,0,0,0,0,0,0,none,k0p0,,,,,0,,,1,1,0,,,,,,,,,,,,,,,,,
P03342,K08,Not Allowed,2020,NIDDK,post_policy,1,0,0,0,0,0,0,0,0,0,0,0,0,0,0,0,0,0,0,0,0,0,0,0,0,0,0,0,0,0,0,0,0,0,0,post,0,0,0,0,,,,0,0,0,0,0,0,0,0,0,0,none,k0p0,,,,,0,,,1,1,0,,,,,,,,,,,,,,,,,
P03343,K08,Required,2020,NCI,post_policy,1,0,1,1,0,1,1,0,0,0,0,0,0,0,1,0,0,0,1,0,0,0,1,0,0,0,1,0,0,1,0,0,0,0,1,post,0,0,0,0,,,,0,0,0,0,1,0,1,1,1,0,new_trial,k0p1,,,,,0,,,1,1,0,,,,,,,,,,,,,,,,,
P03344,K08,Not Allowed,2020,NIAID,post_policy,1,0,0,0,0,0,0,0,0,0,0,0,0,0,0,0,0,0,0,0,0,0,0,0,0,0,0,0,0,0,0,0,0,0,0,post,0,0,0,0,,,,0,0,0,0,0,0,0,0,0,0,none,k0p0,,,,,0,,,1,1,0,,,,,,,,,,,,,,,,,
P03345,K23,Not Allowed,2019,NIMH,post_policy,1,0,1,1,0,0,0,1,0,0,0,1,0,0,1,1,0,0,1,0,0,0,0,0,0,1,1,1,1,1,1,1,1,0,0,post,0,0,0,1,1,0,1,0,0,0,0,1,0,1,1,1,0,new_trial,k0p1,,,,,0,,,1,1,0,,,,,,,,,,,,,,,,,
P03346,K08,Not Allowed,2020,NINDS,post_policy,1,0,0,0,0,0,0,0,0,0,0,0,0,0,0,0,0,0,0,0,0,0,0,0,0,0,0,0,0,0,0,0,0,0,0,post,0,0,0,0,,,,0,0,0,0,0,0,0,0,0,0,none,k0p0,,,,,0,,,1,1,0,,,,,,,,,,,,,,,,,
P03347,K23,Not Allowed,2020,NIAAA,post_policy,1,0,0,0,0,0,0,0,0,0,0,0,0,0,0,0,0,0,0,0,0,0,0,0,0,0,0,0,0,0,0,0,0,0,0,post,0,0,0,0,,,,0,0,0,0,0,0,0,0,0,0,none,k0p0,,,,,0,,,1,1,0,,,,,,,,,,,,,,,,,
P03348,K23,Not Allowed,2020,NHLBI,post_policy,1,0,0,0,0,0,0,0,0,0,0,0,0,0,0,0,0,0,0,0,0,0,0,0,0,0,0,0,0,0,0,0,0,0,0,post,0,0,0,0,,,,0,0,0,0,0,0,0,0,0,0,none,k0p0,,,,,0,,,1,1,0,,,,,,,,,,,,,,,,,
P03349,K08,Not Allowed,2020,NEI,post_policy,1,0,0,0,0,0,0,0,0,0,0,0,0,0,0,0,0,0,0,0,0,0,0,0,0,0,0,0,0,0,0,0,0,0,0,post,0,0,0,0,,,,0,0,0,0,0,0,0,0,0,0,none,k0p0,,,,,0,,,1,1,0,,,,,,,,,,,,,,,,,
P03350,K08,Not Allowed,2021,NINDS,post_policy,1,0,1,1,1,0,0,1,0,0,0,0,0,0,1,1,0,0,1,0,0,0,0,0,0,1,1,1,1,1,1,1,0,0,0,post,0,0,0,0,,,,0,0,0,0,1,0,1,1,1,0,new_trial,k0p1,,,,,0,,,1,1,0,,,,,,,,,,,,,,,,,
P03351,K08,Not Allowed,2020,NIGMS,post_policy,1,0,0,0,0,0,0,0,0,0,0,0,0,0,0,0,0,0,0,0,0,0,0,0,0,0,0,0,0,0,0,0,0,0,0,post,0,0,0,0,,,,0,0,0,0,0,0,0,0,0,0,none,k0p0,,,,,0,,,1,1,0,,,,,,,,,,,,,,,,,
P03352,K23,Required,2019,NIMH,post_policy,1,1,1,1,0,1,0,0,0,1,0,0,1,1,1,0,0,1,1,1,0,0,1,1,0,0,0,0,0,0,0,0,1,0,0,post,1,1,1,1,1,0,1,1,0,0,1,1,0,0,1,1,0,new_trial,k1p1,,,,,0,,,1,1,1,1,1,0,0,0,1,0,0,1,0,1,1,1,0,1,0,0
P03353,K08,Not Allowed,2021,NIAMS,post_policy,1,0,1,1,0,1,0,0,0,0,0,0,0,0,1,1,0,0,1,0,0,0,0,0,0,0,0,0,0,0,0,0,0,0,0,post,0,0,0,0,,,,0,0,0,0,1,0,1,1,1,0,new_trial,k0p1,,,,,0,,,1,1,0,,,,,,,,,,,,,,,,,
P03354,K23,Required,2020,NIAAA,post_policy,1,1,0,1,0,0,0,0,0,1,0,0,0,0,0,0,0,1,0,0,0,0,1,1,0,0,0,0,0,0,0,0,0,0,0,post,0,0,0,0,,,,1,0,0,1,0,1,0,0,0,0,ktrial_only,k1p0,,,,,0,,,1,1,1,1,1,0,0,0,1,0,0,1,0,0,0,0,0,0,0,0
P03355,K08,Not Allowed,2020,NINDS,post_policy,1,0,0,0,0,0,0,0,0,0,0,0,0,0,0,0,0,0,0,0,0,0,0,0,0,1,1,1,1,1,1,1,0,0,0,post,0,0,0,0,,,,0,0,0,0,0,0,0,0,0,0,none,k0p0,,,,,0,,,1,1,0,,,,,,,,,,,,,,,,,
P03356,K23,Required,2018,NIAAA,post_policy,1,0,0,0,0,0,0,0,0,0,0,0,0,0,0,0,0,0,0,0,0,0,0,0,0,0,1,0,0,1,0,0,1,0,0,post,0,0,0,1,0,0,0,0,0,0,0,0,0,0,0,0,0,none,k0p0,,,,,0,,,1,1,0,,,,,,,,,,,,,,,,,
P03357,K23,Not Allowed,2019,NINDS,post_policy,1,0,1,1,1,1,0,0,0,0,0,0,0,0,1,0,0,0,1,0,0,0,0,0,0,0,0,0,0,0,0,0,1,0,0,post,0,0,0,1,1,0,1,0,0,0,0,1,0,1,1,1,0,new_trial,k0p1,,,,,0,,,1,1,0,,,,,,,,,,,,,,,,,
P03358,K23,Required,2019,NIMH,post_policy,1,0,0,1,0,0,0,0,0,1,0,0,0,0,0,0,0,1,0,0,0,0,1,1,0,0,0,0,0,0,0,0,1,0,0,post,1,1,0,1,0,0,0,1,0,0,1,0,0,0,0,0,0,ktrial_only,k1p0,,,,,0,,,1,1,0,,,,,,,,,,,,,,,,,
P03359,K08,Not Allowed,2020,NCI,post_policy,1,0,0,0,0,0,0,0,0,0,0,0,0,0,0,0,0,0,0,0,0,0,0,0,0,1,1,1,1,1,1,1,0,0,0,post,0,0,0,0,,,,0,0,0,0,0,0,0,0,0,0,none,k0p0,,,,,0,,,1,1,0,,,,,,,,,,,,,,,,,
P03360,K23,Not Allowed,2021,NIMH,post_policy,1,0,1,1,0,1,0,1,0,0,0,0,1,0,1,1,0,0,1,0,1,1,0,0,0,1,1,1,1,1,1,1,0,0,0,post,0,0,0,0,,,,0,0,0,0,1,0,1,1,1,0,new_trial,k0p1,,,,,0,,,1,1,0,,,,,,,,,,,,,,,,,
P03361,K23,Not Allowed,2019,NIMH,post_policy,1,0,0,0,0,0,0,0,0,0,0,0,0,0,0,0,0,0,0,0,0,0,0,0,0,0,0,0,0,0,0,0,1,0,0,post,0,0,0,1,0,0,0,0,0,0,0,0,0,0,0,0,0,none,k0p0,,,,,0,,,1,1,0,,,,,,,,,,,,,,,,,
P03362,K08,Not Allowed,2020,NHLBI,post_policy,1,0,0,0,0,0,0,0,0,0,0,0,0,0,0,0,0,0,0,0,0,0,0,0,0,0,0,0,0,0,0,0,0,0,0,post,0,0,0,0,,,,0,0,0,0,0,0,0,0,0,0,none,k0p0,,,,,0,,,1,1,0,,,,,,,,,,,,,,,,,
P03363,K23,Required,2020,NHLBI,post_policy,1,1,0,1,0,0,0,0,0,1,1,0,0,0,0,0,0,1,0,0,0,0,1,1,0,0,0,0,0,0,0,0,0,0,0,post,0,0,0,0,,,,1,0,0,1,0,0,0,0,0,0,ktrial_only,k1p0,,,,,0,,,1,1,1,1,0,1,0,0,1,0,0,0,1,1,0,0,0,0,0,0
P03364,K08,Not Allowed,2020,NIDDK,post_policy,1,0,0,0,0,0,0,0,0,0,0,0,0,0,0,0,0,0,0,0,0,0,0,0,0,0,0,0,0,0,0,0,0,0,0,post,0,0,0,0,,,,0,0,0,0,0,0,0,0,0,0,none,k0p0,,,,,0,,,1,1,0,,,,,,,,,,,,,,,,,
P03365,K23,Required,2021,NIDCD,post_policy,1,0,0,1,0,0,0,0,0,1,0,0,0,0,0,0,0,1,0,0,0,0,1,1,0,0,1,0,0,1,0,0,0,0,0,post,0,0,0,0,,,,1,0,0,1,0,1,0,0,0,0,ktrial_only,k1p0,,,,,1,0,1,1,1,0,,,,,,,,,,,,,,,,,
P03366,K08,Not Allowed,2019,NIAID,post_policy,1,0,0,0,0,0,0,0,0,0,0,0,0,0,0,0,0,0,0,0,0,0,0,0,0,0,0,0,0,0,0,0,1,0,0,post,0,0,0,1,0,0,0,0,0,0,0,0,0,0,0,0,0,none,k0p0,,,,,0,,,1,1,0,,,,,,,,,,,,,,,,,
P03367,K08,Not Allowed,2019,NCI,post_policy,1,0,0,0,0,0,0,0,0,0,0,0,0,0,0,0,0,0,0,0,0,0,0,0,0,0,0,0,0,0,0,0,1,0,0,post,0,0,0,1,0,0,0,0,0,0,0,0,0,0,0,0,0,none,k0p0,,,,,0,,,1,1,0,,,,,,,,,,,,,,,,,
P03368,K08,Not Allowed,2019,NCI,post_policy,1,0,0,0,0,0,0,1,0,0,0,0,0,0,0,0,0,0,0,0,0,0,0,0,0,1,1,1,1,1,1,1,1,0,0,post,0,0,0,1,0,0,0,0,0,0,0,0,0,0,0,0,0,none,k0p0,,,,,0,,,1,1,0,,,,,,,,,,,,,,,,,
P03369,K23,Not Allowed,2019,NHLBI,post_policy,1,0,0,0,0,0,0,0,0,0,0,0,0,0,0,0,0,0,0,0,0,0,0,0,0,0,0,0,0,0,0,0,1,0,0,post,0,0,0,1,1,1,1,0,0,0,0,0,0,0,0,1,0,none,k0p0,,,,,0,,,1,1,0,,,,,,,,,,,,,,,,,
P03370,K08,Not Allowed,2021,NIDCD,post_policy,1,0,0,0,0,0,0,0,0,0,0,0,0,0,0,0,0,0,0,0,0,0,0,0,0,0,0,0,0,0,0,0,0,0,0,post,0,0,0,0,,,,0,0,0,0,0,0,0,0,0,0,none,k0p0,,,,,0,,,1,1,0,,,,,,,,,,,,,,,,,
P03371,K23,Required,2021,NIMH,post_policy,1,1,1,1,0,0,0,1,0,1,0,1,0,0,1,1,0,1,1,0,0,0,1,1,0,1,1,1,1,1,1,1,0,0,0,post,0,0,0,0,,,,1,0,0,1,1,1,1,1,1,0,new_trial,k1p1,,,,,0,,,1,1,1,1,1,0,0,0,1,0,0,1,0,0,0,0,0,0,1,1
P03372,K08,Not Allowed,2018,NIDCR,post_policy,1,0,0,0,0,0,1,0,0,0,0,0,0,0,0,0,0,0,0,0,0,0,0,0,0,0,0,0,0,0,0,0,1,0,1,post,0,0,0,1,0,0,0,0,0,0,0,0,0,0,0,0,0,none,k0p0,,,,,0,,,1,1,0,,,,,,,,,,,,,,,,,
P03373,K23,Required,2019,NIDDK,post_policy,1,1,0,1,0,0,0,0,0,1,0,0,0,0,0,0,0,1,0,0,0,0,1,1,0,0,0,0,0,0,0,0,1,0,0,post,0,0,0,1,0,0,0,1,0,0,1,0,1,0,0,0,0,ktrial_only,k1p0,,,,,0,,,1,1,1,1,0,0,0,1,0,0,1,0,1,1,0,0,0,0,0,0
P03374,K23,Required,2021,NHLBI,post_policy,1,1,1,1,1,1,1,1,0,1,1,0,0,0,1,1,0,1,1,0,0,0,1,1,0,1,1,1,1,1,1,1,0,0,0,post,0,0,0,0,,,,1,0,0,1,1,1,1,1,1,0,new_trial,k1p1,,,,,0,,,1,1,1,1,1,0,0,0,1,0,0,1,0,1,0,0,0,0,1,1
P03375,K23,Required,2019,NIA,post_policy,1,1,0,0,0,0,1,0,0,0,0,0,0,0,0,0,0,0,0,0,0,0,0,0,0,0,1,0,0,1,0,0,1,0,1,post,0,0,0,1,0,0,0,0,0,0,0,0,0,0,0,0,1,none,k0p0,k0p0,k0p0,k0p0,k0p0,0,,,1,1,1,0,0,0,0,0,0,0,0,0,0,0,0,0,0,0,0,0
P03376,K23,Not Allowed,2021,NIAID,post_policy,1,0,0,0,0,0,0,0,0,0,0,0,0,0,0,0,0,0,0,0,0,0,0,0,0,0,0,0,0,0,0,0,0,0,0,post,0,0,0,0,,,,0,0,0,0,0,0,0,0,0,0,none,k0p0,,,,,0,,,1,1,0,,,,,,,,,,,,,,,,,
P03377,K08,Not Allowed,2019,NIAID,post_policy,1,0,0,0,0,0,0,1,0,0,0,0,0,0,0,0,0,0,0,0,0,0,0,0,0,0,1,0,0,1,0,0,1,0,0,post,0,0,0,1,0,0,0,0,0,0,0,0,0,0,0,0,0,none,k0p0,,,,,0,,,1,1,0,,,,,,,,,,,,,,,,,
P03378,K23,Required,2021,NIA,post_policy,1,1,0,1,0,0,0,0,0,1,0,0,0,0,0,0,0,1,0,0,0,0,1,1,1,0,0,0,0,0,0,0,0,0,0,post,1,1,1,0,,,,1,0,1,1,0,1,0,0,0,0,ktrial_only,k1p0,,,,,0,,,1,1,1,1,1,1,0,0,1,0,0,1,0,1,1,1,0,1,0,0
P03379,K23,Not Allowed,2020,NINDS,post_policy,1,0,0,0,0,0,0,0,0,0,0,0,0,0,0,0,0,0,0,0,0,0,0,0,0,0,0,0,0,0,0,0,0,0,0,post,0,0,0,0,,,,0,0,0,0,0,0,0,0,0,0,none,k0p0,,,,,0,,,1,1,0,,,,,,,,,,,,,,,,,
P03380,K08,Not Allowed,2021,NIDDK,post_policy,1,0,0,0,0,0,0,0,0,0,0,0,0,0,0,0,0,0,0,0,0,0,0,0,0,0,0,0,0,0,0,0,0,0,0,post,0,0,0,0,,,,0,0,0,0,0,0,0,0,0,0,none,k0p0,,,,,0,,,1,1,0,,,,,,,,,,,,,,,,,
P03381,K08,Not Allowed,2019,NIGMS,post_policy,1,0,0,0,0,0,0,0,0,0,0,0,0,0,0,0,0,0,0,0,0,0,0,0,0,0,1,0,0,1,0,0,1,0,0,post,0,0,0,1,0,0,0,0,0,0,0,0,0,0,0,0,0,none,k0p0,,,,,0,,,1,1,0,,,,,,,,,,,,,,,,,
P03382,K08,Required,2020,NCI,post_policy,1,1,0,0,0,0,0,1,0,0,0,0,0,0,0,0,0,0,0,0,0,0,0,0,0,1,1,1,1,1,1,1,0,0,0,post,0,0,0,0,,,,0,0,0,0,0,0,0,0,0,0,none,k0p0,,,,,0,,,1,1,0,,,,,,,,,,,,,,,,,
P03383,K23,Required,2019,NHLBI,post_policy,1,1,0,1,0,0,1,0,0,1,0,0,0,0,0,0,0,1,0,0,0,0,1,1,0,0,1,0,0,1,0,0,1,0,1,post,1,1,1,1,0,0,0,1,0,0,1,0,1,0,0,0,1,ktrial_only,k1p0,k1p0,k1p0,k1p0,k1p0,0,,,1,1,1,1,1,0,0,0,1,0,0,1,0,1,1,1,0,1,1,1
P03384,K23,Required,2019,NIDDK,post_policy,1,1,0,1,0,0,0,0,0,1,0,0,0,0,0,0,0,1,0,0,0,0,1,1,0,0,0,0,0,0,0,0,1,0,0,post,1,1,1,1,0,0,0,1,0,0,1,0,1,0,0,0,1,ktrial_only,k1p0,k1p0,k1p0,k1p0,k1p0,0,,,1,1,1,1,1,0,0,0,1,0,0,1,0,1,1,1,0,1,0,0
P03385,K23,Required,2020,NINR,post_policy,1,1,0,0,0,0,0,0,0,0,0,0,0,0,0,0,0,0,0,0,0,0,0,0,0,0,0,0,0,0,0,0,0,0,0,post,0,0,0,0,,,,0,0,0,0,0,0,0,0,0,1,none,k0p0,k0p0,k0p0,k0p0,k0p0,0,,,1,1,1,0,0,0,0,0,0,0,0,0,0,0,0,0,0,0,0,0
P03386,K08,Not Allowed,2019,NIDDK,post_policy,1,0,0,0,0,0,0,0,0,0,0,0,0,0,0,0,0,0,0,0,0,0,0,0,0,0,0,0,0,0,0,0,1,0,0,post,0,0,0,1,0,0,0,0,0,0,0,0,0,0,0,0,0,none,k0p0,,,,,0,,,1,1,0,,,,,,,,,,,,,,,,,
P03387,K08,Not Allowed,2018,NIGMS,post_policy,1,0,0,0,0,0,0,0,0,0,0,0,0,0,0,0,0,0,0,0,0,0,0,0,0,1,1,1,1,1,1,1,1,0,0,post,0,0,0,1,0,0,0,0,0,0,0,0,0,0,0,0,0,none,k0p0,,,,,0,,,1,1,0,,,,,,,,,,,,,,,,,
P00001,K08,,2014,NHLBI,pre_policy,0,0,0,0,0,0,0,1,0,0,0,0,0,0,0,0,0,0,0,0,0,0,0,0,0,1,1,1,1,1,1,1,1,0,0,pre_early,0,0,0,1,0,0,0,0,0,0,0,0,0,0,0,0,0,none,k0p0,,,,,0,,,0,0,0,,,,,,,,,,,,,,,,,
P00002,K08,,2014,NEI,pre_policy,0,0,0,0,0,0,0,0,0,0,0,0,0,0,0,0,0,0,0,0,0,0,0,0,0,0,0,0,0,0,0,0,1,0,0,pre_early,0,0,0,1,0,0,0,0,0,0,0,0,0,0,0,0,0,none,k0p0,,,,,0,,,0,0,0,,,,,,,,,,,,,,,,,
P00003,K23,,2014,NHLBI,pre_policy,0,0,0,0,0,0,1,0,0,0,0,0,0,0,0,0,0,0,0,0,0,0,0,0,0,0,1,0,0,1,0,0,1,0,1,pre_early,0,0,0,1,1,1,1,0,0,0,0,0,0,0,0,1,0,none,k0p0,,,,,0,,,0,0,0,,,,,,,,,,,,,,,,,
P00004,K08,,2014,NHLBI,pre_policy,0,0,0,0,0,0,0,0,0,0,0,0,0,0,0,0,0,0,0,0,0,0,0,0,0,0,1,0,0,1,0,0,1,0,0,pre_early,0,0,0,1,1,1,1,0,0,0,0,0,0,0,0,1,0,none,k0p0,,,,,0,,,0,0,0,,,,,,,,,,,,,,,,,
P00005,K23,,2014,NHLBI,pre_policy,0,1,0,0,0,0,0,0,0,0,0,0,0,0,0,0,0,0,0,0,0,0,0,0,0,0,0,0,0,0,0,0,1,0,0,pre_early,0,0,0,1,0,0,0,0,0,0,0,0,0,0,0,0,0,none,k0p0,,,,,0,,,0,0,1,0,0,0,0,0,0,0,0,0,0,0,0,0,0,0,0,0
P00006,K23,,2014,NHLBI,pre_policy,0,0,0,0,0,0,0,0,0,0,0,0,0,0,0,0,0,0,0,0,0,0,0,0,0,0,0,0,0,0,0,0,1,0,0,pre_early,0,0,0,1,0,0,0,0,0,0,0,0,0,0,0,0,0,none,k0p0,,,,,0,,,0,0,0,,,,,,,,,,,,,,,,,
P00007,K08,,2014,NHLBI,pre_policy,0,1,0,0,0,0,0,0,0,0,0,0,0,0,0,0,0,0,0,0,0,0,0,0,0,0,1,0,0,1,0,0,1,0,0,pre_early,0,0,0,1,0,0,0,0,0,0,0,0,0,0,0,0,0,none,k0p0,,,,,0,,,0,0,0,,,,,,,,,,,,,,,,,
P00008,K23,,2014,NHLBI,pre_policy,0,0,0,0,0,0,0,0,0,0,0,0,0,0,0,0,0,0,0,0,0,0,0,0,0,0,0,0,0,0,0,0,1,0,0,pre_early,0,0,0,1,0,0,0,0,0,0,0,0,0,0,0,0,0,none,k0p0,,,,,0,,,0,0,0,,,,,,,,,,,,,,,,,
P00009,K08,,2014,NIAID,pre_policy,0,0,0,0,0,0,0,0,0,0,0,0,0,0,0,0,0,0,0,0,0,0,0,0,0,0,0,0,0,0,0,0,1,0,0,pre_early,0,0,0,1,0,0,0,0,0,0,0,0,0,0,0,0,0,none,k0p0,,,,,0,,,0,0,0,,,,,,,,,,,,,,,,,
P00010,K23,,2014,NHLBI,pre_policy,0,0,0,0,0,0,0,0,0,0,0,0,0,0,0,0,0,0,0,0,0,0,0,0,0,0,1,0,0,1,0,0,1,0,0,pre_early,0,0,0,1,0,0,0,0,0,0,0,0,0,0,0,0,0,none,k0p0,,,,,0,,,0,0,0,,,,,,,,,,,,,,,,,
P00011,K08,,2014,NHLBI,pre_policy,0,0,0,0,0,0,0,0,0,0,0,0,0,0,0,0,0,0,0,0,0,0,0,0,0,1,1,1,1,1,1,1,1,0,0,pre_early,0,0,0,1,0,0,0,0,0,0,0,0,0,0,0,0,0,none,k0p0,,,,,0,,,0,0,0,,,,,,,,,,,,,,,,,
P00012,K08,,2014,NIAID,pre_policy,0,0,0,0,0,0,0,0,0,0,0,0,0,0,0,0,0,0,0,0,0,0,0,0,0,0,1,0,0,1,0,0,1,0,0,pre_early,0,0,0,1,0,0,0,0,0,0,0,0,0,0,0,0,0,none,k0p0,,,,,0,,,0,0,0,,,,,,,,,,,,,,,,,
P00013,K08,,2014,NEI,pre_policy,0,0,1,1,1,1,0,0,0,0,0,0,1,1,1,0,0,0,1,0,0,0,0,0,0,0,1,0,0,1,0,0,1,0,0,pre_early,0,0,0,1,1,0,1,0,0,0,0,1,0,1,1,1,0,new_trial,k0p1,,,,,0,,,0,0,0,,,,,,,,,,,,,,,,,
P00014,K08,,2014,NCI,pre_policy,0,0,0,0,0,0,0,0,0,0,0,0,0,0,0,0,0,0,0,0,0,0,0,0,0,0,1,0,0,1,0,0,1,0,0,pre_early,0,0,0,1,0,0,0,0,0,0,0,0,0,0,0,0,0,none,k0p0,,,,,0,,,0,0,0,,,,,,,,,,,,,,,,,
P00015,K23,,2014,NIAAA,pre_policy,0,1,1,1,1,1,0,1,0,1,0,0,1,1,1,1,0,1,1,1,0,0,1,0,1,1,1,1,1,1,1,1,1,0,0,pre_early,1,0,0,1,1,0,1,0,0,1,1,1,1,1,1,1,1,new_trial,k1p1,k1p1,k1p1,k1p1,k1p1,0,,,0,0,1,1,0,1,0,0,1,0,0,0,0,1,1,0,0,0,1,1
P00016,K08,,2014,NHLBI,pre_policy,0,0,0,0,0,0,0,0,0,0,0,0,0,0,0,0,0,0,0,0,0,0,0,0,0,0,1,0,0,1,0,0,1,0,0,pre_early,0,0,0,1,0,0,0,0,0,0,0,0,0,0,0,0,0,none,k0p0,,,,,0,,,0,0,0,,,,,,,,,,,,,,,,,
P00017,K23,,2014,NIMH,pre_policy,0,0,1,1,1,1,1,1,0,0,0,1,1,1,1,1,0,0,1,1,1,1,0,0,0,1,1,1,1,1,1,1,1,0,1,pre_early,0,0,0,1,1,0,1,0,0,0,0,1,0,1,1,1,0,new_trial,k0p1,,,,,0,,,0,0,0,,,,,,,,,,,,,,,,,
P00018,K08,,2014,NHLBI,pre_policy,0,0,0,0,0,0,0,1,0,0,0,0,0,0,0,0,0,0,0,0,0,0,0,0,0,1,1,1,1,1,1,1,1,0,0,pre_early,0,0,0,1,0,0,0,0,0,0,0,0,0,0,0,0,0,none,k0p0,,,,,0,,,0,0,0,,,,,,,,,,,,,,,,,
P00019,K08,,2014,NCI,pre_policy,0,0,1,1,1,1,0,0,0,0,0,0,0,0,1,0,0,0,1,0,1,0,0,0,0,0,0,0,0,0,0,0,1,0,0,pre_early,0,0,0,1,1,0,1,0,0,0,0,1,0,1,1,1,0,new_trial,k0p1,,,,,0,,,0,0,0,,,,,,,,,,,,,,,,,
P00020,K23,,2014,NIAAA,pre_policy,0,0,0,0,0,0,0,0,0,0,0,0,0,0,0,0,0,0,0,0,0,0,0,0,0,0,0,0,0,0,0,0,1,0,0,pre_early,0,0,0,1,0,0,0,0,0,0,0,0,0,0,0,0,0,none,k0p0,,,,,0,,,0,0,0,,,,,,,,,,,,,,,,,
P00021,K23,,2014,NIMH,pre_policy,0,1,0,1,0,0,0,0,0,1,0,0,0,0,0,0,0,1,0,0,0,0,1,1,0,0,0,0,0,0,0,0,1,0,0,pre_early,1,1,0,1,0,0,0,1,0,0,1,0,1,0,0,0,0,ktrial_only,k1p0,,,,,0,,,0,0,1,1,1,0,0,0,1,0,0,1,0,1,1,0,0,1,0,0
P00022,K08,,2014,NIAID,pre_policy,0,0,0,0,0,0,0,1,0,0,0,0,0,0,0,0,0,0,0,0,0,0,0,0,0,1,1,1,1,1,1,1,1,0,0,pre_early,0,0,0,1,0,0,0,0,0,0,0,0,0,0,0,0,0,none,k0p0,,,,,0,,,0,0,0,,,,,,,,,,,,,,,,,
P00023,K08,,2014,NIAID,pre_policy,0,0,0,0,0,0,0,1,0,0,0,0,0,0,0,0,0,0,0,0,0,0,0,0,0,1,1,1,1,1,1,1,1,0,0,pre_early,0,0,0,1,1,1,1,0,0,0,0,0,0,0,0,1,0,none,k0p0,,,,,0,,,0,0,0,,,,,,,,,,,,,,,,,
P00024,K23,,2014,NIMH,pre_policy,0,0,0,0,0,0,0,0,0,0,0,0,0,0,0,0,0,0,0,0,0,0,0,0,0,0,0,0,0,0,0,0,1,0,0,pre_early,0,0,0,1,0,0,0,0,0,0,0,0,0,0,0,0,0,none,k0p0,,,,,0,,,0,0,0,,,,,,,,,,,,,,,,,
P00025,K23,,2014,NIAID,pre_policy,0,0,0,0,0,0,0,1,0,0,0,0,0,0,0,0,0,0,0,0,0,0,0,0,0,1,1,1,1,1,1,1,1,0,0,pre_early,0,0,0,1,0,0,0,0,0,0,0,0,0,0,0,0,0,none,k0p0,,,,,0,,,0,0,0,,,,,,,,,,,,,,,,,
P00026,K08,,2014,NIMH,pre_policy,0,0,0,0,0,0,0,0,0,0,0,0,0,0,0,0,0,0,0,0,0,0,0,0,0,0,0,0,0,0,0,0,1,0,0,pre_early,0,0,0,1,0,0,0,0,0,0,0,0,0,0,0,0,0,none,k0p0,,,,,0,,,0,0,0,,,,,,,,,,,,,,,,,
P00027,K23,,2014,NIMH,pre_policy,0,1,1,1,1,1,1,0,0,1,1,0,1,1,1,1,0,1,1,1,0,0,1,0,1,0,0,0,0,0,0,0,1,0,1,pre_early,1,1,0,1,1,0,1,0,0,1,1,1,1,1,1,1,0,new_trial,k1p1,,,,,0,,,0,0,1,1,0,1,0,0,1,0,0,0,0,1,1,1,1,1,1,1
P00028,K08,,2014,NCI,pre_policy,0,0,1,1,0,1,0,0,0,0,0,0,1,0,1,1,0,0,1,0,0,0,0,0,0,1,1,1,1,1,1,1,1,0,0,pre_early,0,0,0,1,1,0,1,0,0,0,0,1,0,1,1,1,0,new_trial,k0p1,,,,,0,,,0,0,0,,,,,,,,,,,,,,,,,
P00029,K08,,2014,NEI,pre_policy,0,0,0,0,0,0,0,0,0,0,0,0,0,0,0,0,0,0,0,0,0,0,0,0,0,0,1,0,0,1,0,0,1,0,0,pre_early,0,0,0,1,0,0,0,0,0,0,0,0,0,0,0,0,0,none,k0p0,,,,,0,,,0,0,0,,,,,,,,,,,,,,,,,
P00030,K23,,2014,NICHD,pre_policy,0,1,0,0,0,0,0,0,0,0,0,0,0,0,0,0,0,0,0,0,0,0,0,0,0,0,0,0,0,0,0,0,1,0,0,pre_early,0,0,0,1,0,0,0,0,0,0,0,0,0,0,0,0,0,none,k0p0,,,,,0,,,0,0,1,0,0,0,0,0,0,0,0,0,0,0,0,0,0,0,0,0
P00031,K23,,2014,NIAID,pre_policy,0,1,1,1,0,1,0,1,0,0,0,1,1,0,1,0,0,0,1,0,1,1,0,0,0,1,1,1,1,1,1,1,1,0,0,pre_early,0,0,0,1,1,0,1,0,0,0,0,1,0,1,1,1,1,new_trial,k0p1,k0p1,k0p1,k0p1,k0p1,0,,,0,0,1,0,0,0,0,0,0,0,0,0,0,0,0,0,0,0,0,0
P00032,K08,,2014,NIDDK,pre_policy,0,0,1,1,0,1,0,1,0,0,0,0,1,0,1,1,0,0,1,0,0,0,0,0,0,1,1,1,1,1,1,1,1,0,0,pre_early,0,0,0,1,1,0,1,0,0,0,0,1,0,1,1,1,0,new_trial,k0p1,,,,,0,,,0,0,0,,,,,,,,,,,,,,,,,
P00033,K08,,2014,NIMH,pre_policy,0,0,0,0,0,0,0,1,0,0,0,0,0,0,0,0,0,0,0,0,0,0,0,0,0,1,1,1,1,1,1,1,1,0,0,pre_early,0,0,0,1,0,0,0,0,0,0,0,0,0,0,0,0,0,none,k0p0,,,,,0,,,0,0,0,,,,,,,,,,,,,,,,,
P00034,K08,,2014,NIAMS,pre_policy,0,0,0,0,0,0,0,0,0,0,0,0,0,0,0,0,0,0,0,0,0,0,0,0,0,0,0,0,0,0,0,0,1,0,0,pre_early,0,0,0,1,0,0,0,0,0,0,0,0,0,0,0,0,0,none,k0p0,,,,,0,,,0,0,0,,,,,,,,,,,,,,,,,
P00035,K23,,2014,NIMH,pre_policy,0,1,1,1,0,1,0,0,0,1,0,0,1,0,1,1,0,1,1,0,1,1,1,1,0,0,0,0,1,1,1,1,1,0,0,pre_early,0,0,0,1,1,0,1,1,0,0,1,1,1,1,1,1,0,new_trial,k1p1,,,,,0,,,0,0,1,1,1,0,0,0,1,0,0,1,0,1,0,0,1,0,0,0
P00036,K23,,2014,NIDCD,pre_policy,0,0,0,0,0,0,0,1,0,0,0,0,0,0,0,0,0,0,0,0,0,0,0,0,0,1,1,1,1,1,1,1,1,0,0,pre_early,0,0,0,1,0,0,0,0,0,0,0,0,0,0,0,0,0,none,k0p0,,,,,0,,,0,0,0,,,,,,,,,,,,,,,,,
P00037,K23,,2014,NIMH,pre_policy,0,1,0,1,0,0,0,0,0,1,0,0,0,0,0,0,0,1,0,0,0,0,1,1,0,0,1,0,0,1,0,0,1,0,0,pre_early,1,1,0,1,1,1,1,1,0,0,1,0,1,0,0,1,0,ktrial_only,k1p0,,,,,0,,,0,0,1,1,1,0,0,0,1,0,0,1,0,1,1,1,0,1,0,0
P00038,K23,,2014,NIA,pre_policy,0,0,0,0,0,0,0,0,0,0,0,0,0,0,0,0,0,0,0,0,0,0,0,0,0,0,0,0,0,0,0,0,1,0,0,pre_early,0,0,0,1,1,1,1,0,0,0,0,0,0,0,0,1,0,none,k0p0,,,,,0,,,0,0,0,,,,,,,,,,,,,,,,,
P00039,K08,,2014,NIAMS,pre_policy,0,0,0,0,0,0,0,0,0,0,0,0,0,0,0,0,0,0,0,0,0,0,0,0,0,0,0,0,0,0,0,0,1,0,0,pre_early,0,0,0,1,0,0,0,0,0,0,0,0,0,0,0,0,0,none,k0p0,,,,,0,,,0,0,0,,,,,,,,,,,,,,,,,
P00040,K23,,2014,NIA,pre_policy,0,1,0,1,0,0,0,0,0,1,1,0,0,0,0,0,0,1,0,0,0,0,1,1,0,0,0,0,0,0,0,0,1,0,0,pre_early,0,0,0,1,0,0,0,1,0,0,1,0,1,0,0,0,0,ktrial_only,k1p0,,,,,0,,,0,0,1,1,1,0,0,0,1,0,0,1,0,1,0,0,1,1,0,0
P00041,K23,,2014,NIDA,pre_policy,0,1,0,1,0,0,0,0,0,1,0,0,0,0,0,0,0,1,0,0,0,0,1,1,0,0,1,0,0,1,0,0,1,0,0,pre_early,1,1,1,1,0,0,0,1,0,0,1,0,1,0,0,0,0,ktrial_only,k1p0,,,,,0,,,0,0,1,1,1,0,0,0,1,1,0,1,0,1,1,0,0,1,0,0
P00042,K23,,2014,NIA,pre_policy,0,0,0,0,0,0,0,0,0,0,0,0,0,0,0,0,0,0,0,0,0,0,0,0,0,0,1,0,0,1,0,0,1,0,0,pre_early,0,0,0,1,1,1,1,0,0,0,0,0,0,0,0,1,1,none,k0p0,k0p0,k0p0,k0p0,k0p0,0,,,0,0,0,,,,,,,,,,,,,,,,,
P00043,K23,,2014,NINDS,pre_policy,0,0,0,0,0,0,0,1,0,0,0,0,0,0,0,0,0,0,0,0,0,0,0,0,0,1,1,1,1,1,1,1,1,0,0,pre_early,0,0,0,1,1,1,1,0,0,0,0,0,0,0,0,1,0,none,k0p0,,,,,0,,,0,0,0,,,,,,,,,,,,,,,,,
P00044,K23,,2014,NHLBI,pre_policy,0,0,0,0,0,0,0,1,0,0,0,0,0,0,0,0,0,0,0,0,0,0,0,0,0,1,1,1,1,1,1,1,1,0,0,pre_early,0,0,0,1,0,0,0,0,0,0,0,0,0,0,0,0,0,none,k0p0,,,,,0,,,0,0,0,,,,,,,,,,,,,,,,,
P00045,K08,,2014,NEI,pre_policy,0,0,0,0,0,0,0,1,0,0,0,0,0,0,0,0,0,0,0,0,0,0,0,0,0,1,1,1,1,1,1,1,1,0,0,pre_early,0,0,0,1,0,0,0,0,0,0,0,0,0,0,0,0,0,none,k0p0,,,,,0,,,0,0,0,,,,,,,,,,,,,,,,,
P00046,K08,,2014,NINDS,pre_policy,0,0,0,0,0,0,0,0,0,0,0,0,0,0,0,0,0,0,0,0,0,0,0,0,0,0,0,0,0,0,0,0,1,0,0,pre_early,0,0,0,1,0,0,0,0,0,0,0,0,0,0,0,0,0,none,k0p0,,,,,0,,,0,0,0,,,,,,,,,,,,,,,,,
P00047,K23,,2014,NIDDK,pre_policy,0,0,0,0,0,0,0,0,0,0,0,0,0,0,0,0,0,0,0,0,0,0,0,0,0,0,0,0,0,0,0,0,1,0,0,pre_early,0,0,0,1,0,0,0,0,0,0,0,0,0,0,0,0,0,none,k0p0,,,,,1,0,0,0,0,0,,,,,,,,,,,,,,,,,
P00048,K08,,2014,NINDS,pre_policy,0,0,0,0,0,0,0,0,0,0,0,0,0,0,0,0,0,0,0,0,0,0,0,0,0,0,0,0,0,0,0,0,1,0,0,pre_early,0,0,0,1,0,0,0,0,0,0,0,0,0,0,0,0,0,none,k0p0,,,,,0,,,0,0,0,,,,,,,,,,,,,,,,,
P00049,K23,,2014,NEI,pre_policy,0,0,0,0,0,0,0,0,0,0,0,0,0,0,0,0,0,0,0,0,0,0,0,0,0,0,0,0,0,0,0,0,1,0,0,pre_early,0,0,0,1,0,0,0,0,0,0,0,0,0,0,0,0,0,none,k0p0,,,,,0,,,0,0,0,,,,,,,,,,,,,,,,,
P00050,K23,,2014,NIMH,pre_policy,0,1,0,0,0,0,0,0,0,0,0,0,0,0,0,0,0,0,0,0,0,0,0,0,0,0,0,0,0,0,0,0,1,0,0,pre_early,0,0,0,1,0,0,0,0,0,0,0,0,0,0,0,0,0,none,k0p0,,,,,0,,,0,0,1,0,0,0,0,0,0,0,0,0,0,0,0,0,0,0,0,0
P00051,K23,,2014,NIDDK,pre_policy,0,1,1,1,0,1,1,0,0,0,0,1,1,1,1,1,0,0,1,1,0,0,0,0,0,0,0,0,0,0,0,0,1,0,1,pre_early,0,0,0,1,1,0,1,0,0,0,0,1,0,1,1,1,1,new_trial,k0p1,k0p1,k0p1,k0p1,k0p1,0,,,0,0,1,0,0,0,0,0,0,0,0,0,0,0,0,0,0,0,0,0
P00052,K23,,2014,NIDDK,pre_policy,0,0,0,0,0,0,0,0,1,0,0,0,0,0,0,0,0,0,0,0,0,0,0,0,0,0,0,0,0,0,0,0,1,0,0,pre_early,0,0,0,1,0,0,0,0,0,0,0,0,0,0,0,0,0,none,k0p0,,,,,0,,,0,0,0,,,,,,,,,,,,,,,,,
P00053,K23,,2014,NIA,pre_policy,0,0,0,0,0,0,0,1,0,0,0,0,0,0,0,0,0,0,0,0,0,0,0,0,0,1,1,1,1,1,1,1,1,0,0,pre_early,0,0,0,1,0,0,0,0,0,0,0,0,0,0,0,0,0,none,k0p0,,,,,0,,,0,0,0,,,,,,,,,,,,,,,,,
P00054,K08,,2014,NINDS,pre_policy,0,0,1,1,1,1,1,0,0,0,0,1,1,1,1,0,0,0,1,0,0,0,0,0,0,1,1,1,1,1,1,1,1,0,1,pre_early,0,0,0,1,1,0,1,0,0,0,0,1,0,1,1,1,0,new_trial,k0p1,,,,,0,,,0,0,0,,,,,,,,,,,,,,,,,
P00055,K08,,2014,NHLBI,pre_policy,0,0,0,0,0,0,1,0,0,0,0,0,0,0,0,0,0,0,0,0,0,0,0,0,0,0,0,0,0,0,0,0,1,0,1,pre_early,0,0,0,1,0,0,0,0,0,0,0,0,0,0,0,0,0,none,k0p0,,,,,0,,,0,0,0,,,,,,,,,,,,,,,,,
P00056,K08,,2014,NHLBI,pre_policy,0,0,0,0,0,0,0,0,0,0,0,0,0,0,0,0,0,0,0,0,0,0,0,0,0,0,1,0,0,1,0,0,1,0,0,pre_early,0,0,0,1,0,0,0,0,0,0,0,0,0,0,0,0,0,none,k0p0,,,,,0,,,0,0,0,,,,,,,,,,,,,,,,,
P00057,K23,,2014,NIMH,pre_policy,0,1,0,0,0,0,0,0,0,0,0,0,0,0,0,0,0,0,0,0,0,0,0,0,0,0,0,0,0,0,0,0,1,0,0,pre_early,0,0,0,1,0,0,0,0,0,0,0,0,0,0,0,0,0,none,k0p0,,,,,0,,,0,0,1,0,0,0,0,0,0,0,0,0,0,0,0,0,0,0,0,0
P00058,K23,,2014,NIMH,pre_policy,0,0,1,1,1,1,0,0,0,0,0,0,1,1,1,0,0,0,1,0,0,0,0,0,0,0,0,0,0,0,0,0,1,0,0,pre_early,0,0,0,1,1,0,1,0,0,0,0,1,0,1,1,1,0,new_trial,k0p1,,,,,0,,,0,0,0,,,,,,,,,,,,,,,,,
P00059,K08,,2014,NHLBI,pre_policy,0,0,0,0,0,0,0,1,0,0,0,0,0,0,0,0,0,0,0,0,0,0,0,0,0,1,1,1,1,1,1,1,1,0,0,pre_early,0,0,0,1,0,0,0,0,0,0,0,0,0,0,0,0,0,none,k0p0,,,,,0,,,0,0,0,,,,,,,,,,,,,,,,,
P00060,K23,,2014,NIDA,pre_policy,0,0,0,0,0,0,0,1,0,0,0,0,0,0,0,0,0,0,0,0,0,0,0,0,0,1,1,1,1,1,1,1,1,0,0,pre_early,0,0,0,1,0,0,0,0,0,0,0,0,0,0,0,0,0,none,k0p0,,,,,1,0,,0,0,0,,,,,,,,,,,,,,,,,
P00061,K23,,2014,NIDCR,pre_policy,0,0,1,1,0,1,0,0,0,0,0,0,1,0,1,0,0,0,1,0,1,0,0,0,0,0,0,0,0,0,0,0,1,0,0,pre_early,0,0,0,1,1,0,1,0,0,0,0,1,0,1,1,1,1,new_trial,k0p1,k0p1,k0p1,k0p1,k0p1,0,,,0,0,0,,,,,,,,,,,,,,,,,
P00062,K23,,2014,NIDDK,pre_policy,0,1,0,0,0,0,1,0,0,0,0,0,0,0,0,0,0,0,0,0,0,0,0,0,0,0,0,0,0,0,0,0,1,1,1,pre_early,0,0,0,1,0,0,0,0,0,0,0,0,0,0,0,0,0,none,k0p0,,,,,0,,,0,0,0,,,,,,,,,,,,,,,,,
P00063,K23,,2014,NIDDK,pre_policy,0,1,1,1,0,1,0,1,0,1,0,0,1,0,1,1,0,1,1,0,0,0,1,1,0,1,1,1,1,1,1,1,1,0,0,pre_early,1,1,0,1,1,0,1,1,0,0,1,1,1,1,1,1,0,new_trial,k1p1,,,,,0,,,0,0,1,1,0,0,0,1,0,0,1,1,0,1,1,1,0,1,0,0
P00064,K08,,2014,NHLBI,pre_policy,0,0,1,1,1,1,1,0,0,0,0,0,0,0,1,1,0,0,1,0,0,0,0,0,0,0,0,0,0,0,0,0,1,0,1,pre_early,0,0,0,1,1,0,1,0,0,0,0,1,0,1,1,1,0,new_trial,k0p1,,,,,0,,,0,0,0,,,,,,,,,,,,,,,,,
P00065,K23,,2014,NICHD,pre_policy,0,0,0,0,0,0,1,0,0,0,0,0,0,0,0,0,0,0,0,0,0,0,0,0,0,0,0,0,0,0,0,0,1,0,1,pre_early,0,0,0,1,0,0,0,0,0,0,0,0,0,0,0,0,0,none,k0p0,,,,,0,,,0,0,0,,,,,,,,,,,,,,,,,
P00066,K08,,2014,NICHD,pre_policy,0,0,0,0,0,0,0,0,0,0,0,0,0,0,0,0,0,0,0,0,0,0,0,0,0,0,0,0,0,0,0,0,1,0,0,pre_early,0,0,0,1,0,0,0,0,0,0,0,0,0,0,0,0,0,none,k0p0,,,,,0,,,0,0,0,,,,,,,,,,,,,,,,,
P00067,K23,,2014,NHLBI,pre_policy,0,1,0,1,0,0,1,0,0,1,1,0,0,0,0,0,0,1,0,0,0,0,1,1,0,0,0,0,0,0,0,0,1,0,0,pre_early,1,1,1,1,0,0,0,1,0,0,1,0,1,0,0,0,0,ktrial_only,k1p0,,,,,0,,,0,0,1,1,1,0,0,0,1,0,0,1,0,1,1,0,0,1,1,1
P00068,K23,,2014,NICHD,pre_policy,0,0,1,1,1,1,1,1,0,1,1,1,1,1,1,1,0,1,1,0,0,0,1,1,0,1,1,1,1,1,1,1,1,0,1,pre_early,1,1,0,1,1,0,1,1,0,0,1,1,1,1,1,1,0,new_trial,k1p1,,,,,0,,,0,0,0,,,,,,,,,,,,,,,,,
P00069,K08,,2014,NIDDK,pre_policy,0,0,0,0,0,0,0,0,0,0,0,0,0,0,0,0,0,0,0,0,0,0,0,0,0,0,0,0,0,0,0,0,1,0,0,pre_early,0,0,0,1,0,0,0,0,0,0,0,0,0,0,0,0,0,none,k0p0,,,,,0,,,0,0,0,,,,,,,,,,,,,,,,,
P00070,K23,,2014,NICHD,pre_policy,0,1,1,1,1,1,0,0,0,0,0,0,0,0,1,0,0,0,1,0,0,0,0,0,0,0,0,0,0,0,0,0,1,0,0,pre_early,0,0,0,1,1,0,1,0,0,0,0,1,0,1,1,1,0,new_trial,k0p1,,,,,0,,,0,0,1,0,0,0,0,0,0,0,0,0,0,0,0,0,0,0,0,0
P00071,K08,,2014,NIDDK,pre_policy,0,0,0,0,0,0,0,0,0,0,0,0,0,0,0,0,0,0,0,0,0,0,0,0,0,0,1,0,0,1,0,0,1,0,0,pre_early,0,0,0,1,0,0,0,0,0,0,0,0,0,0,0,0,0,none,k0p0,,,,,0,,,0,0,0,,,,,,,,,,,,,,,,,
P00072,K23,,2014,NHLBI,pre_policy,0,0,0,0,0,0,0,0,0,0,0,0,0,0,0,0,0,0,0,0,0,0,0,0,0,0,1,0,0,1,0,0,1,0,0,pre_early,0,0,0,1,1,1,1,0,0,0,0,0,0,0,0,1,0,none,k0p0,,,,,0,,,0,0,0,,,,,,,,,,,,,,,,,
P00073,K23,,2014,NIDA,pre_policy,0,0,0,0,0,0,0,0,0,0,0,0,0,0,0,0,0,0,0,0,0,0,0,0,0,0,1,0,0,1,0,0,1,0,0,pre_early,0,0,0,1,0,0,0,0,0,0,0,0,0,0,0,0,0,none,k0p0,,,,,0,,,0,0,0,,,,,,,,,,,,,,,,,
P00074,K08,,2014,NINDS,pre_policy,0,0,0,0,0,0,0,0,0,0,0,0,0,0,0,0,0,0,0,0,0,0,0,0,0,0,0,0,0,0,0,0,1,0,0,pre_early,0,0,0,1,0,0,0,0,0,0,0,0,0,0,0,0,0,none,k0p0,,,,,0,,,0,0,0,,,,,,,,,,,,,,,,,
P00075,K23,,2014,NHLBI,pre_policy,0,0,0,0,0,0,0,0,0,0,0,0,0,0,0,0,0,0,0,0,0,0,0,0,0,0,0,0,1,1,1,1,1,0,0,pre_early,0,0,0,1,1,1,1,0,0,0,0,0,0,0,0,1,1,none,k0p0,k0p0,k0p0,k0p0,k0p0,0,,,0,0,0,,,,,,,,,,,,,,,,,
P00076,K23,,2014,NINR,pre_policy,0,1,0,1,0,0,0,0,0,1,0,0,0,0,0,0,0,0,0,0,0,0,1,0,1,0,0,0,0,0,0,0,1,0,0,pre_early,1,1,0,1,0,0,0,0,0,1,1,0,1,0,0,0,0,ktrial_only,k1p0,,,,,0,,,0,0,1,1,0,1,0,0,1,0,0,0,0,1,1,1,0,1,0,0
P00077,K23,,2014,NIDCD,pre_policy,0,1,0,1,0,0,0,1,0,1,0,0,0,0,0,0,0,1,0,0,0,0,1,1,0,1,1,1,1,1,1,1,1,0,0,pre_early,0,0,0,1,0,0,0,1,0,0,1,0,1,0,0,0,0,ktrial_only,k1p0,,,,,0,,,0,0,1,1,1,0,0,0,1,0,0,1,0,1,0,0,1,0,0,0
P00078,K08,,2014,NIGMS,pre_policy,0,0,0,0,0,0,0,0,0,0,0,0,0,0,0,0,0,0,0,0,0,0,0,0,0,0,0,0,0,0,0,0,1,0,0,pre_early,0,0,0,1,0,0,0,0,0,0,0,0,0,0,0,0,0,none,k0p0,,,,,0,,,0,0,0,,,,,,,,,,,,,,,,,
P00079,K23,,2014,NHLBI,pre_policy,0,0,0,0,0,0,0,0,0,0,0,0,0,0,0,0,0,0,0,0,0,0,0,0,0,0,0,0,0,0,0,0,1,0,0,pre_early,0,0,0,1,0,0,0,0,0,0,0,0,0,0,0,0,0,none,k0p0,,,,,0,,,0,0,0,,,,,,,,,,,,,,,,,
P00080,K08,,2014,NICHD,pre_policy,0,0,0,0,0,0,0,0,0,0,0,0,0,0,0,0,0,0,0,0,0,0,0,0,0,0,0,0,0,0,0,0,1,0,0,pre_early,0,0,0,1,0,0,0,0,0,0,0,0,0,0,0,0,0,none,k0p0,,,,,0,,,0,0,0,,,,,,,,,,,,,,,,,
P00081,K23,,2014,NHLBI,pre_policy,0,0,0,0,0,0,0,0,0,0,0,0,0,0,0,0,0,0,0,0,0,0,0,0,0,0,0,0,0,0,0,0,1,0,0,pre_early,0,0,0,1,0,0,0,0,0,0,0,0,0,0,0,0,0,none,k0p0,,,,,0,,,0,0,0,,,,,,,,,,,,,,,,,
P00082,K23,,2014,NHLBI,pre_policy,0,0,0,0,0,0,0,1,0,0,0,0,0,0,0,0,0,0,0,0,0,0,0,0,0,1,1,1,1,1,1,1,1,0,0,pre_early,0,0,0,1,0,0,0,0,0,0,0,0,0,0,0,0,0,none,k0p0,,,,,0,,,0,0,0,,,,,,,,,,,,,,,,,
P00083,K23,,2014,NEI,pre_policy,0,1,0,0,0,0,0,0,0,0,0,0,0,0,0,0,0,0,0,0,0,0,0,0,0,0,0,0,0,0,0,0,1,0,0,pre_early,0,0,0,1,0,0,0,0,0,0,0,0,0,0,0,0,0,none,k0p0,,,,,0,,,0,0,1,0,0,0,0,0,0,0,0,0,0,0,0,0,0,0,0,0
P00084,K08,,2014,NIDDK,pre_policy,0,0,0,0,0,0,0,0,0,0,0,0,0,0,0,0,0,0,0,0,0,0,0,0,0,0,1,0,1,1,1,1,1,0,0,pre_early,0,0,0,1,0,0,0,0,0,0,0,0,0,0,0,0,0,none,k0p0,,,,,0,,,0,0,0,,,,,,,,,,,,,,,,,
P00085,K23,,2014,NHLBI,pre_policy,0,1,0,0,0,0,1,0,0,0,0,0,0,0,0,0,0,0,0,0,0,0,0,0,0,0,0,0,0,0,0,0,1,0,1,pre_early,0,0,0,1,0,0,0,0,0,0,0,0,0,0,0,0,0,none,k0p0,,,,,0,,,0,0,1,0,0,0,0,0,0,0,0,0,0,0,0,0,0,0,0,0
P00086,K08,,2014,NHLBI,pre_policy,0,0,0,0,0,0,0,0,0,0,0,0,0,0,0,0,0,0,0,0,0,0,0,0,0,0,0,0,0,0,0,0,1,0,0,pre_early,0,0,0,1,0,0,0,0,0,0,0,0,0,0,0,0,0,none,k0p0,,,,,0,,,0,0,0,,,,,,,,,,,,,,,,,
P00087,K08,,2014,NIDDK,pre_policy,0,0,0,0,0,0,0,1,0,0,0,0,0,0,0,0,0,0,0,0,0,0,0,0,0,1,1,1,1,1,1,1,1,0,0,pre_early,0,0,0,1,0,0,0,0,0,0,0,0,0,0,0,0,0,none,k0p0,,,,,0,,,0,0,0,,,,,,,,,,,,,,,,,
P00088,K23,,2014,NIMH,pre_policy,0,0,0,0,0,0,0,0,0,0,0,0,0,0,0,0,0,0,0,0,0,0,0,0,0,0,0,0,0,0,0,0,1,0,0,pre_early,0,0,0,1,0,0,0,0,0,0,0,0,0,0,0,0,0,none,k0p0,,,,,0,,,0,0,0,,,,,,,,,,,,,,,,,
P00089,K23,,2014,NICHD,pre_policy,0,1,0,0,0,0,1,1,0,0,0,0,0,0,0,0,0,0,0,0,0,0,0,0,0,1,1,1,1,1,1,1,1,0,1,pre_early,0,0,0,1,1,1,1,0,0,0,0,0,0,0,0,1,0,none,k0p0,,,,,0,,,0,0,1,0,0,0,0,0,0,0,0,0,0,0,0,0,0,0,0,0
P00090,K23,,2014,NIMH,pre_policy,0,1,0,1,0,0,0,0,0,1,0,0,0,0,0,0,0,0,0,0,0,0,1,1,0,0,0,0,0,0,0,0,1,0,0,pre_early,1,0,0,1,0,0,0,1,0,0,1,0,1,0,0,0,1,ktrial_only,k1p0,k1p0,k1p0,k1p0,k1p0,0,,,0,0,1,1,1,0,0,0,1,0,0,1,0,1,1,1,0,0,0,0
P00091,K08,,2014,NHLBI,pre_policy,0,0,1,1,1,1,0,0,0,0,0,0,1,1,1,0,0,0,1,0,0,0,0,0,0,0,0,0,0,0,0,0,1,0,0,pre_early,0,0,0,1,1,0,1,0,0,0,0,1,0,1,1,1,0,new_trial,k0p1,,,,,0,,,0,0,0,,,,,,,,,,,,,,,,,
P00092,K08,,2014,NHLBI,pre_policy,0,0,1,1,0,1,1,0,0,1,0,0,0,0,1,0,0,1,1,0,0,0,1,0,1,0,0,0,0,1,0,0,1,0,1,pre_early,0,0,0,1,1,0,1,0,0,1,1,1,1,1,1,1,0,new_trial,k1p1,,,,,0,,,0,0,0,,,,,,,,,,,,,,,,,
P00093,K23,,2014,NIMH,pre_policy,0,0,1,1,1,1,0,0,0,0,0,0,1,1,1,0,0,0,1,1,0,0,0,0,0,0,1,0,0,1,0,0,1,0,0,pre_early,0,0,0,1,1,0,1,0,0,0,0,1,0,1,1,1,1,new_trial,k0p1,k0p1,k0p1,k0p1,k0p1,0,,,0,0,0,,,,,,,,,,,,,,,,,
P00094,K23,,2014,NINDS,pre_policy,0,0,0,0,0,0,0,0,0,0,0,0,0,0,0,0,0,0,0,0,0,0,0,0,0,0,1,0,0,1,0,0,1,0,0,pre_early,0,0,0,1,0,0,0,0,0,0,0,0,0,0,0,0,0,none,k0p0,,,,,1,0,0,0,0,0,,,,,,,,,,,,,,,,,
P00095,K08,,2014,NHLBI,pre_policy,0,0,0,0,0,0,0,0,0,0,0,0,0,0,0,0,0,0,0,0,0,0,0,0,0,0,0,0,0,0,0,0,1,0,0,pre_early,0,0,0,1,0,0,0,0,0,0,0,0,0,0,0,0,0,none,k0p0,,,,,0,,,0,0,0,,,,,,,,,,,,,,,,,
P00096,K08,,2014,NHLBI,pre_policy,0,0,0,0,0,0,0,0,0,0,0,0,0,0,0,0,0,0,0,0,0,0,0,0,0,0,0,0,0,0,0,0,1,0,0,pre_early,0,0,0,1,0,0,0,0,0,0,0,0,0,0,0,0,0,none,k0p0,,,,,0,,,0,0,0,,,,,,,,,,,,,,,,,
P00097,K08,,2014,NHLBI,pre_policy,0,0,0,0,0,0,0,0,0,0,0,0,0,0,0,0,0,0,0,0,0,0,0,0,0,0,0,0,0,0,0,0,1,0,0,pre_early,0,0,0,1,0,0,0,0,0,0,0,0,0,0,0,0,0,none,k0p0,,,,,0,,,0,0,0,,,,,,,,,,,,,,,,,
P00098,K08,,2014,NICHD,pre_policy,0,0,0,0,0,0,0,0,0,0,0,0,0,0,0,0,0,0,0,0,0,0,0,0,0,0,1,0,0,1,0,0,1,0,0,pre_early,0,0,0,1,0,0,0,0,0,0,0,0,0,0,0,0,0,none,k0p0,,,,,0,,,0,0,0,,,,,,,,,,,,,,,,,
P00099,K08,,2014,NIAMS,pre_policy,0,0,0,0,0,0,0,0,0,0,0,0,0,0,0,0,0,0,0,0,0,0,0,0,0,0,1,0,0,1,0,0,1,0,0,pre_early,0,0,0,1,1,1,1,0,0,0,0,0,0,0,0,1,0,none,k0p0,,,,,0,,,0,0,0,,,,,,,,,,,,,,,,,
P00100,K23,,2014,NICHD,pre_policy,0,0,1,1,1,1,0,1,0,0,0,1,1,1,1,1,0,0,1,1,1,1,0,0,0,1,1,1,1,1,1,1,1,0,0,pre_early,0,0,0,1,1,0,1,0,0,0,0,1,0,1,1,1,0,new_trial,k0p1,,,,,0,,,0,0,0,,,,,,,,,,,,,,,,,
P00101,K23,,2014,NIDDK,pre_policy,0,0,0,0,0,0,0,0,0,0,0,0,0,0,1,0,0,0,0,0,0,0,0,0,0,0,0,0,0,0,0,0,1,0,0,pre_early,0,0,0,1,1,1,1,0,0,0,0,0,0,0,0,1,0,none,k0p0,,,,,0,,,0,0,0,,,,,,,,,,,,,,,,,
P00102,K08,,2014,NIDA,pre_policy,0,0,0,0,0,0,0,0,0,0,0,0,0,0,1,0,0,0,0,0,0,0,0,0,0,0,0,0,0,0,0,0,1,0,0,pre_early,0,0,0,1,0,0,0,0,0,0,0,0,0,0,0,0,0,none,k0p0,,,,,0,,,0,0,0,,,,,,,,,,,,,,,,,
P00103,K08,,2014,NHLBI,pre_policy,0,0,0,0,0,0,0,0,0,0,0,0,0,0,0,0,0,0,0,0,0,0,0,0,0,0,1,0,0,1,0,0,1,0,0,pre_early,0,0,0,1,0,0,0,0,0,0,0,0,0,0,0,0,0,none,k0p0,,,,,0,,,0,0,0,,,,,,,,,,,,,,,,,
P00104,K23,,2014,NIMH,pre_policy,0,0,0,0,0,0,0,0,0,0,0,0,0,0,0,0,0,0,0,0,0,0,0,0,0,0,0,0,0,0,0,0,1,0,0,pre_early,0,0,0,1,0,0,0,0,0,0,0,0,0,0,0,0,0,none,k0p0,,,,,0,,,0,0,0,,,,,,,,,,,,,,,,,
P00105,K08,,2014,NIAID,pre_policy,0,0,0,0,0,0,1,0,0,0,0,0,0,0,0,0,0,0,0,0,0,0,0,0,0,0,0,0,0,0,0,0,1,0,1,pre_early,0,0,0,1,0,0,0,0,0,0,0,0,0,0,0,0,0,none,k0p0,,,,,0,,,0,0,0,,,,,,,,,,,,,,,,,
P00106,K08,,2014,NIAID,pre_policy,0,0,0,0,0,0,0,0,0,0,0,0,0,0,0,0,0,0,0,0,0,0,0,0,0,0,0,0,0,0,0,0,1,0,0,pre_early,0,0,0,1,0,0,0,0,0,0,0,0,0,0,0,0,0,none,k0p0,,,,,0,,,0,0,0,,,,,,,,,,,,,,,,,
P00107,K08,,2014,NIAID,pre_policy,0,0,0,0,0,0,0,0,0,0,0,0,0,0,0,0,0,0,0,0,0,0,0,0,0,0,0,0,0,0,0,0,1,0,0,pre_early,0,0,0,1,0,0,0,0,0,0,0,0,0,0,0,0,0,none,k0p0,,,,,0,,,0,0,0,,,,,,,,,,,,,,,,,
P00108,K08,,2014,NIAID,pre_policy,0,0,0,0,0,0,0,0,0,0,0,0,0,0,0,0,0,0,0,0,0,0,0,0,0,0,1,0,0,1,0,0,1,0,0,pre_early,0,0,0,1,1,1,1,0,0,0,0,0,0,0,0,1,0,none,k0p0,,,,,0,,,0,0,0,,,,,,,,,,,,,,,,,
P00109,K23,,2014,NIAMS,pre_policy,0,0,0,0,0,0,0,0,0,0,0,0,0,0,0,0,0,0,0,0,0,0,0,0,0,0,0,0,0,1,0,0,1,0,0,pre_early,0,0,0,1,0,0,0,0,0,0,0,0,0,0,0,0,0,none,k0p0,,,,,0,,,0,0,0,,,,,,,,,,,,,,,,,
P00110,K08,,2014,NIAAA,pre_policy,0,1,0,1,0,0,0,0,0,1,0,0,0,0,0,0,0,1,0,0,0,0,1,0,1,0,1,0,0,1,0,0,1,0,0,pre_early,1,1,0,1,0,0,0,0,0,1,1,0,1,0,0,0,0,ktrial_only,k1p0,,,,,0,,,0,0,0,,,,,,,,,,,,,,,,,
P00111,K23,,2014,NIAID,pre_policy,0,0,0,0,0,0,0,0,0,0,0,0,0,0,0,0,0,0,0,0,0,0,0,0,0,0,1,0,0,1,0,0,1,0,0,pre_early,0,0,0,1,0,0,0,0,0,0,0,0,0,0,0,0,0,none,k0p0,,,,,0,,,0,0,0,,,,,,,,,,,,,,,,,
P00112,K23,,2014,NCI,pre_policy,0,0,1,1,1,1,1,1,0,0,0,0,1,1,1,1,0,0,1,0,0,0,0,0,0,1,1,1,1,1,1,1,1,0,1,pre_early,0,0,0,1,1,0,1,0,0,0,0,1,0,1,1,1,1,new_trial,k0p1,k0p1,k0p1,k0p1,k0p1,0,,,0,0,0,,,,,,,,,,,,,,,,,
P00113,K23,,2014,NIMH,pre_policy,0,0,0,0,0,0,0,1,0,0,0,0,0,0,0,0,0,0,0,0,0,0,0,0,0,1,1,1,1,1,1,1,1,0,0,pre_early,0,0,0,1,0,0,0,0,0,0,0,0,0,0,0,0,0,none,k0p0,,,,,0,,,0,0,0,,,,,,,,,,,,,,,,,
P00114,K23,,2014,NIMH,pre_policy,0,1,0,1,0,0,0,0,0,1,0,0,0,0,0,0,0,1,0,0,0,0,1,1,0,0,0,0,0,0,0,0,1,0,0,pre_early,1,0,0,1,0,0,0,1,0,0,1,0,1,0,0,0,0,ktrial_only,k1p0,,,,,0,,,0,0,1,1,1,0,0,0,1,0,0,1,0,1,1,1,0,0,0,0
P00115,K08,,2014,NIAID,pre_policy,0,0,0,0,0,0,0,1,0,0,0,0,0,0,0,0,0,0,0,0,0,0,0,0,0,1,1,1,1,1,1,1,1,0,0,pre_early,0,0,0,1,0,0,0,0,0,0,0,0,0,0,0,0,0,none,k0p0,,,,,0,,,0,0,0,,,,,,,,,,,,,,,,,
P00116,K08,,2014,NIAID,pre_policy,0,0,0,0,0,0,0,0,0,0,0,0,0,0,0,0,0,0,0,0,0,0,0,0,0,0,0,0,0,0,0,0,1,0,0,pre_early,0,0,0,1,0,0,0,0,0,0,0,0,0,0,0,0,0,none,k0p0,,,,,0,,,0,0,0,,,,,,,,,,,,,,,,,
P00117,K08,,2014,NIDA,pre_policy,0,0,0,0,0,0,0,0,0,0,0,0,0,0,0,0,0,0,0,0,0,0,0,0,0,0,0,0,0,1,0,0,1,0,0,pre_early,0,0,0,1,0,0,0,0,0,0,0,0,0,0,0,0,0,none,k0p0,,,,,0,,,0,0,0,,,,,,,,,,,,,,,,,
P00118,K08,,2014,NIAID,pre_policy,0,0,0,0,0,0,0,0,0,0,0,0,0,0,0,0,0,0,0,0,0,0,0,0,0,0,0,0,0,0,0,0,1,0,0,pre_early,0,0,0,1,0,0,0,0,0,0,0,0,0,0,0,0,0,none,k0p0,,,,,0,,,0,0,0,,,,,,,,,,,,,,,,,
P00119,K08,,2014,NIAID,pre_policy,0,0,0,0,0,0,0,0,0,0,0,0,0,0,0,0,0,0,0,0,0,0,0,0,0,0,1,0,0,1,0,0,1,0,0,pre_early,0,0,0,1,0,0,0,0,0,0,0,0,0,0,0,0,0,none,k0p0,,,,,0,,,0,0,0,,,,,,,,,,,,,,,,,
P00120,K23,,2014,NIAID,pre_policy,0,0,1,1,0,1,0,0,0,0,0,0,1,0,1,1,0,0,1,0,0,0,0,0,0,0,0,0,0,0,0,0,1,0,0,pre_early,0,0,0,1,1,0,1,0,0,0,0,1,0,1,1,1,1,new_trial,k0p1,k0p1,k0p1,k0p1,k0p1,0,,,0,0,0,,,,,,,,,,,,,,,,,
P00121,K23,,2014,NIAID,pre_policy,0,0,1,1,1,0,1,0,0,0,0,0,0,0,1,1,0,0,1,0,0,0,0,0,0,0,1,0,0,1,0,0,1,0,1,pre_early,0,0,0,1,1,0,1,0,0,0,0,1,0,1,1,1,0,new_trial,k0p1,,,,,0,,,0,0,0,,,,,,,,,,,,,,,,,
P00122,K23,,2014,NHLBI,pre_policy,0,0,0,0,0,0,0,0,0,0,0,0,0,0,0,0,0,0,0,0,0,0,0,0,0,0,1,0,0,1,0,0,1,0,0,pre_early,0,0,0,1,0,0,0,0,0,0,0,0,0,0,0,0,0,none,k0p0,,,,,0,,,0,0,0,,,,,,,,,,,,,,,,,
P00123,K23,,2014,NIMH,pre_policy,0,1,0,1,0,0,1,1,0,1,0,0,0,0,0,0,0,1,0,0,0,0,1,1,0,1,1,1,1,1,1,1,1,0,1,pre_early,1,0,0,1,1,1,1,1,0,0,1,0,1,0,0,1,0,ktrial_only,k1p0,,,,,0,,,0,0,1,1,1,0,0,0,1,0,0,1,0,1,1,1,0,0,1,1
P00124,K08,,2014,NIAID,pre_policy,0,0,0,0,0,0,0,0,0,0,0,0,0,0,0,0,0,0,0,0,0,0,0,0,0,0,0,0,0,0,0,0,1,0,0,pre_early,0,0,0,1,0,0,0,0,0,0,0,0,0,0,0,0,0,none,k0p0,,,,,0,,,0,0,0,,,,,,,,,,,,,,,,,
P00125,K23,,2014,NIAID,pre_policy,0,0,0,0,0,0,0,0,0,0,0,0,0,0,0,0,0,0,0,0,0,0,0,0,0,0,0,0,0,0,0,0,1,0,0,pre_early,0,0,0,1,0,0,0,0,0,0,0,0,0,0,0,0,0,none,k0p0,,,,,0,,,0,0,0,,,,,,,,,,,,,,,,,
P00126,K23,,2014,NIA,pre_policy,0,0,0,1,0,0,0,0,0,1,0,0,0,0,0,0,0,1,0,0,0,0,1,0,1,0,0,0,0,0,0,0,1,0,0,pre_early,1,1,0,1,0,0,0,0,0,1,1,0,1,0,0,0,1,ktrial_only,k1p0,k0p0,k0p0,k0p0,k0p0,0,,,0,0,0,,,,,,,,,,,,,,,,,
P00127,K08,,2014,NIAID,pre_policy,0,0,0,0,0,0,0,1,0,0,0,0,0,0,0,0,0,0,0,0,0,0,0,0,0,1,1,1,1,1,1,1,1,0,0,pre_early,0,0,0,1,0,0,0,0,0,0,0,0,0,0,0,0,0,none,k0p0,,,,,0,,,0,0,0,,,,,,,,,,,,,,,,,
P00128,K08,,2014,NIDA,pre_policy,0,0,0,0,0,0,0,1,0,0,0,0,0,0,0,0,0,0,0,0,0,0,0,0,0,1,1,1,1,1,1,1,1,0,0,pre_early,0,0,0,1,0,0,0,0,0,0,0,0,0,0,0,0,0,none,k0p0,,,,,0,,,0,0,0,,,,,,,,,,,,,,,,,
P00129,K08,,2014,NIAID,pre_policy,0,0,0,0,0,0,0,0,0,0,0,0,0,0,0,0,0,0,0,0,0,0,0,0,0,0,0,0,0,0,0,0,1,0,0,pre_early,0,0,0,1,0,0,0,0,0,0,0,0,0,0,0,0,0,none,k0p0,,,,,0,,,0,0,0,,,,,,,,,,,,,,,,,
P00130,K08,,2014,NIDCD,pre_policy,0,0,1,1,0,1,0,1,0,0,0,0,1,0,1,0,0,0,1,0,0,0,0,0,0,1,1,1,1,1,1,1,1,0,0,pre_early,0,0,0,1,1,0,1,0,0,0,0,1,0,1,1,1,0,new_trial,k0p1,,,,,0,,,0,0,0,,,,,,,,,,,,,,,,,
P00131,K08,,2014,NIAID,pre_policy,0,0,0,0,0,0,0,0,0,0,0,0,0,0,0,0,0,0,0,0,0,0,0,0,0,0,0,0,0,0,0,0,1,0,0,pre_early,0,0,0,1,0,0,0,0,0,0,0,0,0,0,0,0,0,none,k0p0,,,,,0,,,0,0,0,,,,,,,,,,,,,,,,,
P00132,K23,,2014,NIMH,pre_policy,0,0,0,0,0,0,1,1,0,0,0,0,0,0,0,0,1,0,0,0,0,0,0,0,0,1,1,1,1,1,1,1,1,0,1,pre_early,0,0,0,1,0,0,0,0,0,0,0,0,0,0,0,0,0,none,k0p0,,,,,0,,,0,0,0,,,,,,,,,,,,,,,,,
P00133,K23,,2014,NIAID,pre_policy,0,0,0,0,0,0,0,0,0,0,0,0,0,0,0,0,0,0,0,0,0,0,0,0,0,0,1,0,0,1,0,0,1,0,0,pre_early,0,0,0,1,0,0,0,0,0,0,0,0,0,0,0,0,0,none,k0p0,,,,,0,,,0,0,0,,,,,,,,,,,,,,,,,
P00134,K23,,2014,NICHD,pre_policy,0,0,0,0,0,0,0,1,0,0,0,0,0,0,0,0,0,0,0,0,0,0,0,0,0,1,1,1,1,1,1,1,1,0,0,pre_early,0,0,0,1,0,0,0,0,0,0,0,0,0,0,0,0,0,none,k0p0,,,,,0,,,0,0,0,,,,,,,,,,,,,,,,,
P00135,K08,,2014,NIDDK,pre_policy,0,0,0,0,0,0,0,0,0,0,0,0,0,0,0,0,0,0,0,0,0,0,0,0,0,0,1,0,0,1,0,0,1,0,0,pre_early,0,0,0,1,0,0,0,0,0,0,0,0,0,0,0,0,0,none,k0p0,,,,,0,,,0,0,0,,,,,,,,,,,,,,,,,
P00136,K08,,2014,NIMH,pre_policy,0,1,1,1,0,0,0,0,1,1,0,0,1,0,1,1,0,1,1,0,0,0,1,1,0,0,0,0,0,0,0,0,1,0,0,pre_early,0,0,0,1,1,0,1,1,0,0,1,1,1,1,1,1,0,new_trial,k1p1,,,,,0,,,0,0,0,,,,,,,,,,,,,,,,,
P00137,K08,,2014,NHLBI,pre_policy,0,0,0,0,0,0,0,0,0,0,0,0,0,0,0,0,0,0,0,0,0,0,0,0,0,0,1,0,0,1,0,0,1,0,0,pre_early,0,0,0,1,0,0,0,0,0,0,0,0,0,0,0,0,0,none,k0p0,,,,,0,,,0,0,0,,,,,,,,,,,,,,,,,
P00138,K23,,2014,NIDCD,pre_policy,0,0,0,0,0,0,0,0,0,0,0,0,0,0,0,0,0,0,0,0,0,0,0,0,0,0,1,0,0,1,0,0,1,0,0,pre_early,0,0,0,1,0,0,0,0,0,0,0,0,0,0,0,0,0,none,k0p0,,,,,0,,,0,0,0,,,,,,,,,,,,,,,,,
P00139,K23,,2014,NIMH,pre_policy,0,0,0,0,0,0,0,0,0,0,0,0,0,0,0,0,0,0,0,0,0,0,0,0,0,0,0,0,0,0,0,0,1,0,0,pre_early,0,0,0,1,0,0,0,0,0,0,0,0,0,0,0,0,0,none,k0p0,,,,,0,,,0,0,0,,,,,,,,,,,,,,,,,
P00140,K08,,2014,NIDDK,pre_policy,0,0,0,0,0,0,0,0,0,0,0,0,0,0,0,0,0,0,0,0,0,0,0,0,0,0,0,0,0,0,0,0,1,0,0,pre_early,0,0,0,1,0,0,0,0,0,0,0,0,0,0,0,0,0,none,k0p0,,,,,0,,,0,0,0,,,,,,,,,,,,,,,,,
P00141,K08,,2014,NIDDK,pre_policy,0,0,0,0,0,0,0,0,0,0,0,0,0,0,0,0,0,0,0,0,0,0,0,0,0,0,0,0,0,0,0,0,1,0,0,pre_early,0,0,0,1,0,0,0,0,0,0,0,0,0,0,0,0,0,none,k0p0,,,,,0,,,0,0,0,,,,,,,,,,,,,,,,,
P00142,K23,,2014,NIMH,pre_policy,0,1,0,0,0,0,0,0,0,0,0,0,0,0,0,0,0,0,0,0,0,0,0,0,0,0,0,0,0,0,0,0,1,1,0,pre_early,0,0,0,1,1,1,1,0,0,0,0,0,0,0,0,1,0,none,k0p0,,,,,0,,,0,0,0,,,,,,,,,,,,,,,,,
P00143,K08,,2014,NIDCD,pre_policy,0,0,0,0,0,0,0,0,0,0,0,0,0,0,0,0,0,0,0,0,0,0,0,0,0,0,0,0,0,0,0,0,1,0,0,pre_early,0,0,0,1,0,0,0,0,0,0,0,0,0,0,0,0,0,none,k0p0,,,,,0,,,0,0,0,,,,,,,,,,,,,,,,,
P00144,K08,,2014,NIDDK,pre_policy,0,0,0,0,0,0,0,0,0,0,0,0,0,0,0,0,0,0,0,0,0,0,0,0,0,0,1,0,0,1,0,0,1,0,0,pre_early,0,0,0,1,0,0,0,0,0,0,0,0,0,0,0,0,0,none,k0p0,,,,,0,,,0,0,0,,,,,,,,,,,,,,,,,
P00145,K08,,2014,NIDDK,pre_policy,0,0,1,1,1,1,0,0,0,1,1,0,0,0,1,0,0,1,1,0,0,0,1,1,0,0,0,0,0,0,0,0,1,0,0,pre_early,1,0,0,1,1,0,1,1,0,0,1,1,1,1,1,1,0,new_trial,k1p1,,,,,0,,,0,0,0,,,,,,,,,,,,,,,,,
P00146,K23,,2014,NIDDK,pre_policy,0,0,0,0,0,0,0,0,0,0,0,0,0,0,0,0,0,0,0,0,0,0,0,0,0,0,1,0,0,1,0,0,1,0,0,pre_early,0,0,0,1,0,0,0,0,0,0,0,0,0,0,0,0,0,none,k0p0,,,,,0,,,0,0,0,,,,,,,,,,,,,,,,,
P00147,K23,,2014,NIA,pre_policy,0,0,0,0,0,0,0,0,0,0,0,0,0,0,0,0,0,0,0,0,0,0,0,0,0,0,0,0,0,0,0,0,1,0,0,pre_early,0,0,0,1,1,1,1,0,0,0,0,0,0,0,0,1,0,none,k0p0,,,,,0,,,0,0,0,,,,,,,,,,,,,,,,,
P00148,K23,,2014,NIAAA,pre_policy,0,1,0,1,0,0,0,0,0,1,0,0,0,0,0,0,0,1,0,0,0,0,1,0,1,0,0,0,0,0,0,0,1,0,0,pre_early,0,0,0,1,0,0,0,0,0,1,1,0,1,0,0,0,0,ktrial_only,k1p0,,,,,1,1,1,0,0,1,1,0,1,0,0,1,0,0,0,0,1,0,0,1,0,0,0
P00149,K08,,2014,NIDDK,pre_policy,0,0,0,0,0,0,0,0,0,0,0,0,0,0,0,0,0,0,0,0,0,0,0,0,0,0,0,0,0,0,0,0,1,0,0,pre_early,0,0,0,1,0,0,0,0,0,0,0,0,0,0,0,0,0,none,k0p0,,,,,0,,,0,0,0,,,,,,,,,,,,,,,,,
P00150,K23,,2014,NIDDK,pre_policy,0,0,0,0,0,0,1,0,0,0,0,0,0,0,0,0,0,0,0,0,0,0,0,0,0,0,0,0,0,0,0,0,1,0,1,pre_early,0,0,0,1,0,0,0,0,0,0,0,0,0,0,0,0,0,none,k0p0,,,,,0,,,0,0,0,,,,,,,,,,,,,,,,,
P00151,K08,,2014,NIMH,pre_policy,0,0,0,0,0,0,0,1,0,0,0,0,0,0,0,0,0,0,0,0,0,0,0,0,0,1,1,1,1,1,1,1,1,0,0,pre_early,0,0,0,1,0,0,0,0,0,0,0,0,0,0,0,0,0,none,k0p0,,,,,0,,,0,0,0,,,,,,,,,,,,,,,,,
P00152,K23,,2014,NINDS,pre_policy,0,0,0,0,0,0,0,0,0,0,0,0,0,0,0,0,0,0,0,0,0,0,0,0,0,0,0,0,0,0,0,0,1,0,0,pre_early,0,0,0,1,0,0,0,0,0,0,0,0,0,0,0,0,0,none,k0p0,,,,,0,,,0,0,0,,,,,,,,,,,,,,,,,
P00153,K23,,2014,NINDS,pre_policy,0,0,0,0,0,0,0,0,0,0,0,0,0,0,0,0,0,0,0,0,0,0,0,0,0,0,1,0,0,1,0,0,1,0,0,pre_early,0,0,0,1,0,0,0,0,0,0,0,0,0,0,0,0,0,none,k0p0,,,,,0,,,0,0,0,,,,,,,,,,,,,,,,,
P00154,K08,,2014,NCI,pre_policy,0,0,0,0,0,0,0,1,0,0,0,0,0,0,0,0,0,0,0,0,0,0,0,0,0,1,1,1,1,1,1,1,1,0,0,pre_early,0,0,0,1,0,0,0,0,0,0,0,0,0,0,0,0,0,none,k0p0,,,,,0,,,0,0,0,,,,,,,,,,,,,,,,,
P00155,K23,,2014,NIAAA,pre_policy,0,1,1,1,0,1,1,1,0,0,0,1,1,1,1,1,1,0,1,0,1,1,0,0,0,1,1,1,1,1,1,1,1,0,1,pre_early,0,0,0,1,1,0,1,0,0,0,0,1,0,1,1,1,0,new_trial,k0p1,,,,,0,,,0,0,1,0,0,0,0,0,0,0,0,0,0,0,0,0,0,0,0,0
P00156,K08,,2014,NIAID,pre_policy,0,0,0,0,0,0,0,0,0,0,0,0,0,0,0,0,0,0,0,0,0,0,0,0,0,0,1,0,0,1,0,0,1,0,0,pre_early,0,0,0,1,0,0,0,0,0,0,0,0,0,0,0,0,0,none,k0p0,,,,,0,,,0,0,0,,,,,,,,,,,,,,,,,
P00157,K08,,2014,NIDDK,pre_policy,0,0,0,0,0,0,0,0,0,0,0,0,0,0,0,0,0,0,0,0,0,0,0,0,0,0,0,0,0,0,0,0,1,0,0,pre_early,0,0,0,1,0,0,0,0,0,0,0,0,0,0,0,0,0,none,k0p0,,,,,0,,,0,0,0,,,,,,,,,,,,,,,,,
P00158,K23,,2014,NIDDK,pre_policy,0,0,1,1,0,1,0,0,0,0,0,0,0,0,1,1,0,0,1,0,1,1,0,0,0,0,1,0,0,1,0,0,1,0,0,pre_early,0,0,0,1,1,0,1,0,0,0,0,1,0,1,1,1,0,new_trial,k0p1,,,,,0,,,0,0,0,,,,,,,,,,,,,,,,,
P00159,K23,,2014,NIAID,pre_policy,0,0,0,0,0,0,0,0,0,0,0,0,0,0,0,0,0,0,0,0,0,0,0,0,0,0,1,0,0,1,0,0,1,0,0,pre_early,0,0,0,1,0,0,0,0,0,0,0,0,0,0,0,0,0,none,k0p0,,,,,0,,,0,0,0,,,,,,,,,,,,,,,,,
P00160,K23,,2014,NINDS,pre_policy,0,0,0,0,0,0,0,0,0,0,0,0,0,0,0,0,0,0,0,0,0,0,0,0,0,0,0,0,0,0,0,0,1,0,0,pre_early,0,0,0,1,0,0,0,0,0,0,0,0,0,0,0,0,0,none,k0p0,,,,,0,,,0,0,0,,,,,,,,,,,,,,,,,
P00161,K08,,2014,NINDS,pre_policy,0,0,0,0,0,0,0,0,0,0,0,0,0,0,0,0,0,0,0,0,0,0,0,0,0,0,0,0,0,0,0,0,1,0,0,pre_early,0,0,0,1,0,0,0,0,0,0,0,0,0,0,0,0,0,none,k0p0,,,,,0,,,0,0,0,,,,,,,,,,,,,,,,,
P00162,K08,,2014,NIAMS,pre_policy,0,0,0,0,0,0,0,0,0,0,0,0,0,0,0,0,0,0,0,0,0,0,0,0,0,0,1,0,0,1,0,0,1,0,0,pre_early,0,0,0,1,0,0,0,0,0,0,0,0,0,0,0,0,0,none,k0p0,,,,,0,,,0,0,0,,,,,,,,,,,,,,,,,
P00163,K08,,2014,NINDS,pre_policy,0,0,0,0,0,0,0,1,0,0,0,0,0,0,0,0,0,0,0,0,0,0,0,0,0,1,1,1,1,1,1,1,1,0,0,pre_early,0,0,0,1,0,0,0,0,0,0,0,0,0,0,0,0,0,none,k0p0,,,,,0,,,0,0,0,,,,,,,,,,,,,,,,,
P00164,K23,,2014,NIAID,pre_policy,0,1,1,1,0,1,0,0,0,0,0,0,1,0,1,0,0,0,1,0,0,0,0,0,0,0,0,0,0,0,0,0,1,0,0,pre_early,0,0,0,1,1,0,1,0,0,0,0,1,0,1,1,1,0,new_trial,k0p1,,,,,0,,,0,0,1,0,0,0,0,0,0,0,0,0,0,0,0,0,0,0,0,0
P00165,K23,,2014,NIAID,pre_policy,0,1,0,1,0,0,1,0,0,1,0,0,0,0,0,0,0,1,0,0,0,0,1,0,1,0,1,0,1,1,1,1,1,0,0,pre_early,0,0,0,1,0,0,0,0,0,1,1,0,1,0,0,0,1,ktrial_only,k1p0,k1p0,k1p0,k1p0,k1p0,0,,,0,0,1,1,0,1,0,0,1,0,0,0,0,1,0,0,1,1,0,0
P00166,K08,,2014,NIDCR,pre_policy,0,0,0,0,0,0,0,1,0,0,0,0,0,0,0,0,0,0,0,0,0,0,0,0,0,1,1,1,1,1,1,1,1,0,0,pre_early,0,0,0,1,0,0,0,0,0,0,0,0,0,0,0,0,0,none,k0p0,,,,,0,,,0,0,0,,,,,,,,,,,,,,,,,
P00167,K08,,2014,NIGMS,pre_policy,0,0,0,0,0,0,0,0,0,0,0,0,0,0,0,0,0,0,0,0,0,0,0,0,0,0,0,0,0,0,0,0,1,0,0,pre_early,0,0,0,1,0,0,0,0,0,0,0,0,0,0,0,0,0,none,k0p0,,,,,0,,,0,0,0,,,,,,,,,,,,,,,,,
P00168,K23,,2014,NIDCR,pre_policy,0,0,0,0,0,0,0,0,0,0,0,0,0,0,0,0,0,0,0,0,0,0,0,0,0,0,0,0,0,0,0,0,1,0,0,pre_early,0,0,0,1,0,0,0,0,0,0,0,0,0,0,0,0,0,none,k0p0,,,,,0,,,0,0,0,,,,,,,,,,,,,,,,,
P00169,K08,,2014,NIDDK,pre_policy,0,0,0,0,0,0,0,1,0,0,0,0,0,0,0,0,0,0,0,0,0,0,0,0,0,1,1,1,1,1,1,1,1,0,0,pre_early,0,0,0,1,0,0,0,0,0,0,0,0,0,0,0,0,0,none,k0p0,,,,,0,,,0,0,0,,,,,,,,,,,,,,,,,
P00170,K23,,2014,NIDCD,pre_policy,0,1,0,0,0,0,0,0,0,0,0,0,0,0,0,0,0,0,0,0,0,0,0,0,0,0,1,0,0,1,0,0,1,0,0,pre_early,0,0,0,1,0,0,0,0,0,0,0,0,0,0,0,0,0,none,k0p0,,,,,0,,,0,0,1,0,0,0,0,0,0,0,0,0,0,0,0,0,0,0,0,0
P00171,K23,,2014,NIMH,pre_policy,0,1,0,1,0,0,0,0,0,1,0,0,0,0,0,0,0,1,0,0,0,0,1,1,0,0,0,0,0,0,0,0,1,0,0,pre_early,1,1,0,1,0,0,0,1,0,0,1,0,1,0,0,0,0,ktrial_only,k1p0,,,,,0,,,0,0,1,1,1,0,0,0,1,0,0,1,0,1,1,1,0,1,0,0
P00172,K23,,2014,NHLBI,pre_policy,0,0,0,0,0,0,1,1,0,0,0,0,0,0,0,0,0,0,0,0,0,0,0,0,0,1,1,1,1,1,1,1,1,0,1,pre_early,0,0,0,1,0,0,0,0,0,0,0,0,0,0,0,0,0,none,k0p0,,,,,0,,,0,0,0,,,,,,,,,,,,,,,,,
P00173,K23,,2014,NHLBI,pre_policy,0,0,0,0,0,0,0,0,0,0,0,0,0,0,0,0,0,0,0,0,0,0,0,0,0,0,1,0,0,1,0,0,1,0,0,pre_early,0,0,0,1,0,0,0,0,0,0,0,0,0,0,0,0,0,none,k0p0,,,,,0,,,0,0,0,,,,,,,,,,,,,,,,,
P00174,K23,,2014,NHLBI,pre_policy,0,0,0,0,0,0,0,0,0,0,0,0,0,0,0,0,0,0,0,0,0,0,0,0,0,0,1,0,1,1,1,1,1,0,0,pre_early,0,0,0,1,0,0,0,0,0,0,0,0,0,0,0,0,1,none,k0p0,k0p0,k0p0,k0p0,k0p0,0,,,0,0,0,,,,,,,,,,,,,,,,,
P00175,K23,,2014,NHLBI,pre_policy,0,0,1,1,0,1,0,0,0,0,0,1,1,0,1,0,0,0,1,0,0,0,0,0,0,0,0,0,1,1,1,1,1,0,0,pre_early,0,0,0,1,1,0,1,0,0,0,0,1,0,1,1,1,1,new_trial,k0p1,k0p1,k0p1,k0p1,k0p1,0,,,0,0,0,,,,,,,,,,,,,,,,,
P00176,K08,,2014,NIMH,pre_policy,0,0,0,0,0,0,0,1,0,0,0,0,0,0,0,0,0,0,0,0,0,0,0,0,0,1,1,1,1,1,1,1,1,0,0,pre_early,0,0,0,1,0,0,0,0,0,0,0,0,0,0,0,0,0,none,k0p0,,,,,0,,,0,0,0,,,,,,,,,,,,,,,,,
P00177,K23,,2014,NIMH,pre_policy,0,1,0,0,0,0,0,0,0,0,0,0,0,0,0,0,0,0,0,0,0,0,0,0,0,0,1,0,0,1,0,0,1,0,0,pre_early,0,0,0,1,0,0,0,0,0,0,0,0,0,0,0,0,1,none,k0p0,k0p0,k0p0,k0p0,k0p0,0,,,0,0,1,0,0,0,0,0,0,0,0,0,0,0,0,0,0,0,0,0
P00178,K23,,2014,NIDA,pre_policy,0,1,1,1,0,1,0,1,0,1,0,1,1,1,1,1,0,1,1,1,1,1,1,1,0,1,1,1,1,1,1,1,1,0,0,pre_early,1,1,1,1,1,0,1,1,0,0,1,1,1,1,1,1,0,new_trial,k1p1,,,,,0,,,0,0,1,1,1,0,0,0,1,0,0,1,0,1,1,0,0,1,0,0
P00179,K08,,2014,NIAID,pre_policy,0,0,0,0,0,0,0,0,0,0,0,0,0,0,0,0,0,0,0,0,0,0,0,0,0,0,0,0,0,0,0,0,1,0,0,pre_early,0,0,0,1,0,0,0,0,0,0,0,0,0,0,0,0,0,none,k0p0,,,,,0,,,0,0,0,,,,,,,,,,,,,,,,,
P00180,K08,,2014,NIGMS,pre_policy,0,0,0,0,0,0,0,1,0,0,0,0,0,0,0,0,0,0,0,0,0,0,0,0,0,1,1,1,1,1,1,1,1,0,0,pre_early,0,0,0,1,0,0,0,0,0,0,0,0,0,0,0,0,0,none,k0p0,,,,,0,,,0,0,0,,,,,,,,,,,,,,,,,
P00181,K23,,2014,NCI,pre_policy,0,1,1,1,1,1,0,0,1,0,0,1,1,1,1,1,0,0,1,1,1,1,0,0,0,0,0,0,1,1,1,1,1,0,0,pre_early,0,0,0,1,1,0,1,0,0,0,0,1,0,1,1,1,0,new_trial,k0p1,,,,,0,,,0,0,1,0,0,0,0,0,0,0,0,0,0,0,0,0,0,0,0,0
P00182,K23,,2014,NIAID,pre_policy,0,0,0,0,0,0,0,0,0,0,0,0,0,0,0,0,0,0,0,0,0,0,0,0,0,0,0,0,0,0,0,0,1,0,0,pre_early,0,0,0,1,0,0,0,0,0,0,0,0,0,0,0,0,0,none,k0p0,,,,,0,,,0,0,0,,,,,,,,,,,,,,,,,
P00183,K08,,2014,NIAID,pre_policy,0,0,0,0,0,0,0,0,0,0,0,0,0,0,0,0,0,0,0,0,0,0,0,0,0,0,1,0,0,1,0,0,1,0,0,pre_early,0,0,0,1,0,0,0,0,0,0,0,0,0,0,0,0,0,none,k0p0,,,,,0,,,0,0,0,,,,,,,,,,,,,,,,,
P00184,K23,,2014,NIAID,pre_policy,0,0,0,0,0,0,0,0,0,0,0,0,0,0,0,0,0,0,0,0,0,0,0,0,0,0,0,0,0,0,0,0,1,0,0,pre_early,0,0,0,1,1,1,1,0,0,0,0,0,0,0,0,1,0,none,k0p0,,,,,0,,,0,0,0,,,,,,,,,,,,,,,,,
P00185,K23,,2014,NICHD,pre_policy,0,0,1,1,0,1,0,1,0,0,0,0,1,0,1,0,0,0,1,0,0,0,0,0,0,1,1,1,1,1,1,1,1,0,0,pre_early,0,0,0,1,1,0,1,0,0,0,0,1,0,1,1,1,0,new_trial,k0p1,,,,,0,,,0,0,0,,,,,,,,,,,,,,,,,
P00186,K23,,2014,NCI,pre_policy,0,0,1,1,1,1,1,0,0,1,0,1,0,0,1,0,0,1,1,0,1,0,1,0,1,0,1,0,0,1,0,0,1,0,1,pre_early,1,0,0,1,1,0,1,0,0,1,1,1,1,1,1,1,0,new_trial,k1p1,,,,,0,,,0,0,0,,,,,,,,,,,,,,,,,
P00187,K23,,2014,NIEHS,pre_policy,0,0,0,0,0,0,0,1,0,0,0,0,0,0,0,0,0,0,0,0,0,0,0,0,0,1,1,1,1,1,1,1,1,0,0,pre_early,0,0,0,1,0,0,0,0,0,0,0,0,0,0,0,0,0,none,k0p0,,,,,0,,,0,0,0,,,,,,,,,,,,,,,,,
P00188,K08,,2014,NHLBI,pre_policy,0,0,0,0,0,0,0,1,0,0,0,0,0,0,0,0,0,0,0,0,0,0,0,0,0,1,1,1,1,1,1,1,1,0,0,pre_early,0,0,0,1,0,0,0,0,0,0,0,0,0,0,0,0,0,none,k0p0,,,,,0,,,0,0,0,,,,,,,,,,,,,,,,,
P00189,K23,,2014,NHLBI,pre_policy,0,1,1,1,1,1,1,0,0,1,1,0,1,1,1,0,0,1,1,1,1,0,1,0,1,0,0,0,0,0,0,0,1,0,1,pre_early,1,1,0,1,1,0,1,0,0,1,1,1,1,1,1,1,1,new_trial,k1p1,k1p1,k1p1,k1p1,k1p1,0,,,0,0,1,1,0,1,0,0,1,0,0,0,0,1,1,0,0,1,1,1
P00190,K08,,2014,NINDS,pre_policy,0,0,0,0,0,0,0,1,0,0,0,0,0,0,0,0,0,0,0,0,0,0,0,0,0,1,1,1,1,1,1,1,1,0,0,pre_early,0,0,0,1,0,0,0,0,0,0,0,0,0,0,0,0,0,none,k0p0,,,,,0,,,0,0,0,,,,,,,,,,,,,,,,,
P00191,K23,,2014,NICHD,pre_policy,0,1,0,0,0,0,1,0,0,0,0,0,0,0,0,0,0,0,0,0,0,0,0,0,0,0,0,0,0,0,0,0,1,0,1,pre_early,0,0,0,1,0,0,0,0,0,0,0,0,0,0,0,0,0,none,k0p0,,,,,0,,,0,0,1,0,0,0,0,0,0,0,0,0,0,0,0,0,0,0,0,0
P00192,K23,,2014,NIAID,pre_policy,0,0,0,0,0,0,0,1,0,0,0,0,0,0,0,0,0,0,0,0,0,0,0,0,0,1,1,1,1,1,1,1,1,0,0,pre_early,0,0,0,1,0,0,0,0,0,0,0,0,0,0,0,0,0,none,k0p0,,,,,0,,,0,0,0,,,,,,,,,,,,,,,,,
P00193,K08,,2014,NHLBI,pre_policy,0,0,0,0,0,0,0,0,0,0,0,0,0,0,0,0,0,0,0,0,0,0,0,0,0,0,0,0,0,0,0,0,1,0,0,pre_early,0,0,0,1,0,0,0,0,0,0,0,0,0,0,0,0,0,none,k0p0,,,,,0,,,0,0,0,,,,,,,,,,,,,,,,,
P00194,K23,,2014,NIMH,pre_policy,0,0,1,1,1,0,0,0,0,0,0,0,1,0,1,1,0,0,1,0,0,0,0,0,0,0,0,0,0,0,0,0,1,0,0,pre_early,0,0,0,1,1,0,1,0,0,0,0,1,0,1,1,1,0,new_trial,k0p1,,,,,0,,,0,0,0,,,,,,,,,,,,,,,,,
P00195,K08,,2014,NIDCR,pre_policy,0,0,0,0,0,0,0,0,0,0,0,0,0,0,0,0,0,0,0,0,0,0,0,0,0,0,0,0,0,0,0,0,1,0,0,pre_early,0,0,0,1,0,0,0,0,0,0,0,0,0,0,0,0,0,none,k0p0,,,,,0,,,0,0,0,,,,,,,,,,,,,,,,,
P00196,K23,,2014,NICHD,pre_policy,0,0,0,0,0,0,0,0,0,0,0,0,0,0,0,0,0,0,0,0,0,0,0,0,0,0,0,0,0,0,0,0,1,0,0,pre_early,0,0,0,1,0,0,0,0,0,0,0,0,0,0,0,0,0,none,k0p0,,,,,0,,,0,0,0,,,,,,,,,,,,,,,,,
P00197,K23,,2014,NHLBI,pre_policy,0,0,0,0,0,0,0,0,0,0,0,0,0,0,0,0,0,0,0,0,0,0,0,0,0,0,0,0,0,0,0,0,1,0,0,pre_early,0,0,0,1,0,0,0,0,0,0,0,0,0,0,0,0,0,none,k0p0,,,,,0,,,0,0,0,,,,,,,,,,,,,,,,,
P00198,K23,,2014,NIAID,pre_policy,0,0,1,1,1,0,0,0,0,1,1,0,1,1,1,1,0,1,1,0,0,0,1,1,0,0,0,0,0,0,0,0,1,0,0,pre_early,0,0,0,1,1,0,1,1,0,0,1,1,1,1,1,1,0,new_trial,k1p1,,,,,0,,,0,0,0,,,,,,,,,,,,,,,,,
P00199,K23,,2014,NIMH,pre_policy,0,0,0,0,0,0,0,0,0,0,0,0,0,0,0,0,0,0,0,0,0,0,0,0,0,0,1,0,0,1,0,0,1,0,0,pre_early,0,0,0,1,0,0,0,0,0,0,0,0,0,0,0,0,0,none,k0p0,,,,,0,,,0,0,0,,,,,,,,,,,,,,,,,
P00200,K23,,2014,NIDCD,pre_policy,0,1,0,0,0,0,0,0,0,0,0,0,0,0,0,0,0,0,0,0,0,0,0,0,0,0,1,0,0,1,0,0,1,0,0,pre_early,0,0,0,1,0,0,0,0,0,0,0,0,0,0,0,0,0,none,k0p0,,,,,1,1,1,0,0,1,0,0,0,0,0,0,0,0,0,0,0,0,0,0,0,0,0
P00201,K23,,2014,NIAMS,pre_policy,0,0,0,0,0,0,0,0,0,0,0,0,0,0,0,0,0,0,0,0,0,0,0,0,0,0,0,0,0,0,0,0,1,0,0,pre_early,0,0,0,1,0,0,0,0,0,0,0,0,0,0,0,0,0,none,k0p0,,,,,0,,,0,0,0,,,,,,,,,,,,,,,,,
P00202,K23,,2014,NICHD,pre_policy,0,1,0,0,0,0,1,1,0,0,0,0,0,0,0,0,0,0,0,0,0,0,1,0,0,1,1,1,1,1,1,1,1,0,1,pre_early,0,0,0,1,0,0,0,0,0,0,0,0,0,0,0,0,0,none,k0p0,,,,,0,,,0,0,1,0,0,0,0,0,0,0,0,0,0,0,0,0,0,0,0,0
P00203,K23,,2014,NIBIB,pre_policy,0,0,0,0,0,0,0,0,0,0,0,0,0,0,0,0,0,0,0,0,0,0,0,0,0,0,1,0,1,1,1,1,1,0,0,pre_early,0,0,0,1,0,0,0,0,0,0,0,0,0,0,0,0,0,none,k0p0,,,,,0,,,0,0,0,,,,,,,,,,,,,,,,,
P00204,K23,,2014,NHLBI,pre_policy,0,0,1,1,0,0,0,0,0,0,0,0,1,0,1,1,0,0,1,0,0,0,0,0,0,0,0,0,0,0,0,0,1,0,0,pre_early,0,0,0,1,1,0,1,0,0,0,0,1,0,1,1,1,0,new_trial,k0p1,,,,,0,,,0,0,0,,,,,,,,,,,,,,,,,
P00205,K23,,2014,NHLBI,pre_policy,0,1,0,0,0,0,0,0,0,0,0,0,0,0,0,0,0,0,0,0,0,0,0,0,0,0,0,0,0,0,0,0,1,0,0,pre_early,0,0,0,1,0,0,0,0,0,0,0,0,0,0,0,0,0,none,k0p0,,,,,0,,,0,0,1,0,0,0,0,0,0,0,0,0,0,0,0,0,0,0,0,0
P00206,K23,,2014,NINDS,pre_policy,0,0,1,1,0,1,1,0,0,0,0,0,1,1,1,0,0,0,1,1,0,0,0,0,0,0,0,0,0,0,0,0,1,0,1,pre_early,0,0,0,1,1,0,1,0,0,0,0,1,0,1,1,1,0,new_trial,k0p1,,,,,0,,,0,0,0,,,,,,,,,,,,,,,,,
P00207,K23,,2014,NIMH,pre_policy,0,0,0,0,0,0,0,0,0,0,0,0,0,0,0,0,0,0,0,0,0,0,0,0,0,0,0,0,0,0,0,0,1,0,0,pre_early,0,0,0,1,0,0,0,0,0,0,0,0,0,0,0,0,0,none,k0p0,,,,,0,,,0,0,0,,,,,,,,,,,,,,,,,
P00208,K08,,2014,NIAID,pre_policy,0,0,0,0,0,0,0,0,0,0,0,0,0,0,0,0,0,0,0,0,0,0,0,0,0,0,0,0,0,0,0,0,1,0,0,pre_early,0,0,0,1,0,0,0,0,0,0,0,0,0,0,0,0,0,none,k0p0,,,,,0,,,0,0,0,,,,,,,,,,,,,,,,,
P00209,K08,,2014,NICHD,pre_policy,0,0,0,0,0,0,1,0,0,0,0,0,0,0,0,0,0,0,0,0,0,0,0,0,0,0,0,0,0,0,0,0,1,0,1,pre_early,0,0,0,1,0,0,0,0,0,0,0,0,0,0,0,0,0,none,k0p0,,,,,0,,,0,0,0,,,,,,,,,,,,,,,,,
P00210,K08,,2014,NHLBI,pre_policy,0,0,0,0,0,0,0,0,0,0,0,0,0,0,0,0,0,0,0,0,0,0,0,0,0,0,0,0,0,0,0,0,1,0,0,pre_early,0,0,0,1,0,0,0,0,0,0,0,0,0,0,0,0,0,none,k0p0,,,,,0,,,0,0,0,,,,,,,,,,,,,,,,,
P00211,K23,,2014,NINDS,pre_policy,0,0,1,1,1,0,1,1,0,0,0,0,1,1,1,1,0,0,1,1,0,0,0,0,0,1,1,1,1,1,1,1,1,0,1,pre_early,0,0,0,1,1,0,1,0,0,0,0,1,0,1,1,1,0,new_trial,k0p1,,,,,0,,,0,0,0,,,,,,,,,,,,,,,,,
P00212,K23,,2014,NICHD,pre_policy,0,1,1,1,0,1,0,1,0,1,0,0,1,0,1,1,0,1,1,0,1,1,1,1,0,1,1,1,1,1,1,1,1,0,0,pre_early,0,0,0,1,1,0,1,1,0,0,1,1,1,1,1,1,1,new_trial,k1p1,k1p1,k1p1,k1p1,k1p1,0,,,0,0,1,1,1,0,0,0,1,0,0,1,0,1,0,0,1,0,0,0
P00213,K08,,2014,NHLBI,pre_policy,0,0,1,1,1,0,0,0,0,0,0,0,0,0,1,1,0,0,1,0,0,0,0,0,0,0,0,0,0,0,0,0,1,0,0,pre_early,0,0,0,1,1,0,1,0,0,0,0,1,0,1,1,1,0,new_trial,k0p1,,,,,0,,,0,0,0,,,,,,,,,,,,,,,,,
P00214,K08,,2014,NIDCR,pre_policy,0,0,0,0,0,0,0,1,0,0,0,0,0,0,0,0,0,0,0,0,0,0,0,0,0,1,1,1,1,1,1,1,1,0,0,pre_early,0,0,0,1,0,0,0,0,0,0,0,0,0,0,0,0,0,none,k0p0,,,,,0,,,0,0,0,,,,,,,,,,,,,,,,,
P00215,K23,,2014,NIMH,pre_policy,0,1,0,1,0,0,0,0,0,1,0,0,0,0,0,0,0,1,0,0,0,0,1,1,0,0,0,0,0,0,0,0,1,0,0,pre_early,1,1,0,1,0,0,0,1,0,0,1,0,1,0,0,0,0,ktrial_only,k1p0,,,,,0,,,0,0,1,1,0,1,0,0,1,0,0,0,1,1,1,1,0,1,0,0
P00216,K23,,2014,NIAID,pre_policy,0,1,0,0,0,0,0,0,0,0,0,0,0,0,0,0,0,0,0,0,0,0,0,0,0,0,0,0,0,0,0,0,1,0,0,pre_early,0,0,0,1,0,0,0,0,0,0,0,0,0,0,0,0,0,none,k0p0,,,,,0,,,0,0,1,0,0,0,0,0,0,0,0,0,0,0,0,0,0,0,0,0
P00217,K08,,2014,NIAMS,pre_policy,0,0,0,0,0,0,0,1,0,0,0,0,0,0,0,0,0,0,0,0,0,0,0,0,0,1,1,1,1,1,1,1,1,0,0,pre_early,0,0,0,1,1,1,1,0,0,0,0,0,0,0,0,1,0,none,k0p0,,,,,0,,,0,0,0,,,,,,,,,,,,,,,,,
P00218,K23,,2014,NIAID,pre_policy,0,0,0,0,0,0,0,0,1,0,0,0,0,0,0,0,0,0,0,0,0,0,0,0,0,0,0,0,0,0,0,0,1,0,0,pre_early,0,0,0,1,1,1,1,0,0,0,0,0,0,0,0,1,1,none,k0p0,k0p0,k0p0,k0p0,k0p0,0,,,0,0,0,,,,,,,,,,,,,,,,,
P00219,K23,,2014,NIGMS,pre_policy,0,0,0,0,0,0,0,0,0,0,0,0,0,0,0,0,0,0,0,0,0,0,0,0,0,1,1,1,1,1,1,1,1,0,0,pre_early,0,0,0,1,0,0,0,0,0,0,0,0,0,0,0,0,0,none,k0p0,,,,,0,,,0,0,0,,,,,,,,,,,,,,,,,
P00220,K23,,2014,NIAID,pre_policy,0,0,0,0,0,0,0,0,0,0,0,0,0,0,0,0,0,0,0,0,0,0,0,0,0,0,0,0,0,0,0,0,1,0,0,pre_early,0,0,0,1,0,0,0,0,0,0,0,0,0,0,0,0,0,none,k0p0,,,,,0,,,0,0,0,,,,,,,,,,,,,,,,,
P00221,K23,,2014,NICHD,pre_policy,0,1,0,0,0,0,0,0,0,0,0,0,0,0,0,0,0,0,0,0,0,0,0,0,0,0,0,0,0,0,0,0,1,0,0,pre_early,0,0,0,1,0,0,0,0,0,0,0,0,0,0,0,0,0,none,k0p0,,,,,0,,,0,0,1,0,0,0,0,0,0,0,0,0,0,0,0,0,0,0,0,0
P00222,K08,,2014,NIAMS,pre_policy,0,0,0,0,0,0,0,0,0,0,0,0,0,0,0,0,0,0,0,0,0,0,0,0,0,0,0,0,0,0,0,0,1,0,0,pre_early,0,0,0,1,0,0,0,0,0,0,0,0,0,0,0,0,0,none,k0p0,,,,,0,,,0,0,0,,,,,,,,,,,,,,,,,
P00223,K08,,2014,NIDDK,pre_policy,0,0,0,0,0,0,0,0,0,0,0,0,0,0,0,0,0,0,0,0,0,0,0,0,0,0,1,0,0,1,0,0,1,0,0,pre_early,0,0,0,1,0,0,0,0,0,0,0,0,0,0,0,0,0,none,k0p0,,,,,0,,,0,0,0,,,,,,,,,,,,,,,,,
P00224,K23,,2014,NIAID,pre_policy,0,0,0,0,0,0,0,0,0,0,0,0,0,0,0,0,0,0,0,0,0,0,0,0,0,0,0,0,0,0,0,0,1,0,0,pre_early,0,0,0,1,0,0,0,0,0,0,0,0,0,0,0,0,0,none,k0p0,,,,,0,,,0,0,0,,,,,,,,,,,,,,,,,
P00225,K08,,2014,NIAID,pre_policy,0,0,0,0,0,0,0,0,0,0,0,0,0,0,0,0,0,0,0,0,0,0,0,0,0,0,1,0,0,1,0,0,1,0,0,pre_early,0,0,0,1,0,0,0,0,0,0,0,0,0,0,0,0,0,none,k0p0,,,,,0,,,0,0,0,,,,,,,,,,,,,,,,,
P00226,K08,,2014,NIAID,pre_policy,0,0,0,0,0,0,0,0,0,0,0,0,0,0,0,0,0,0,0,0,0,0,0,0,0,0,0,0,0,0,0,0,1,0,0,pre_early,0,0,0,1,0,0,0,0,0,0,0,0,0,0,0,0,0,none,k0p0,,,,,0,,,0,0,0,,,,,,,,,,,,,,,,,
P00227,K23,,2014,NIA,pre_policy,0,0,0,0,0,0,0,1,0,0,0,0,0,0,0,0,0,0,0,0,0,0,0,0,0,1,1,1,1,1,1,1,1,0,0,pre_early,0,0,0,1,0,0,0,0,0,0,0,0,0,0,0,0,0,none,k0p0,,,,,0,,,0,0,0,,,,,,,,,,,,,,,,,
P00228,K08,,2014,NIAID,pre_policy,0,0,0,0,0,0,0,0,0,0,0,0,0,0,0,0,1,0,0,0,0,0,0,0,0,0,0,0,0,0,0,0,1,0,0,pre_early,0,0,0,1,0,0,0,0,0,0,0,0,0,0,0,0,0,none,k0p0,,,,,0,,,0,0,0,,,,,,,,,,,,,,,,,
P00229,K23,,2014,NIA,pre_policy,0,0,0,0,0,0,0,1,0,0,0,0,0,0,0,0,0,0,0,0,0,0,0,0,0,1,1,1,1,1,1,1,1,0,0,pre_early,0,0,0,1,0,0,0,0,0,0,0,0,0,0,0,0,0,none,k0p0,,,,,0,,,0,0,0,,,,,,,,,,,,,,,,,
P00230,K23,,2014,NICHD,pre_policy,0,0,1,1,0,1,0,1,0,0,0,0,1,0,1,0,0,0,1,0,0,0,0,0,0,1,1,1,1,1,1,1,1,0,0,pre_early,0,0,0,1,1,0,1,0,0,0,0,1,0,1,1,1,0,new_trial,k0p1,,,,,0,,,0,0,0,,,,,,,,,,,,,,,,,
P00231,K23,,2014,NIA,pre_policy,0,1,0,1,0,0,0,0,0,1,0,0,0,0,0,0,0,1,0,0,0,0,1,1,0,0,0,0,0,0,0,0,1,0,0,pre_early,1,0,0,1,0,0,0,1,0,0,1,0,1,0,0,0,0,ktrial_only,k1p0,,,,,0,,,0,0,1,1,1,0,0,0,1,0,0,1,0,1,1,1,0,0,0,0
P00232,K23,,2014,NHLBI,pre_policy,0,0,0,0,0,0,0,0,0,0,0,0,0,0,0,0,0,0,0,0,0,0,0,0,0,0,0,0,0,0,0,0,1,0,0,pre_early,0,0,0,1,0,0,0,0,0,0,0,0,0,0,0,0,0,none,k0p0,,,,,0,,,0,0,0,,,,,,,,,,,,,,,,,
P00233,K23,,2014,NIDDK,pre_policy,0,1,0,1,0,0,0,0,0,1,0,0,0,0,0,0,0,1,0,0,0,0,1,0,1,0,0,0,0,0,0,0,1,0,0,pre_early,1,0,0,1,0,0,0,0,0,1,1,0,1,0,0,0,0,ktrial_only,k1p0,,,,,0,,,0,0,1,1,0,1,0,0,1,0,0,0,0,1,1,1,0,0,0,0
P00234,K23,,2014,NIDDK,pre_policy,0,1,0,1,0,0,0,0,0,1,0,0,0,0,0,0,0,1,0,0,0,0,1,1,0,0,0,0,0,0,0,0,1,0,0,pre_early,1,0,0,1,0,0,0,1,0,0,1,0,1,0,0,0,0,ktrial_only,k1p0,,,,,0,,,0,0,1,1,1,0,0,0,1,0,0,1,0,1,1,1,0,0,0,0
P00235,K23,,2014,NICHD,pre_policy,0,0,0,0,0,0,0,1,0,0,0,0,0,0,0,0,0,0,0,0,0,0,0,0,0,1,1,1,1,1,1,1,1,0,0,pre_early,0,0,0,1,1,1,1,0,0,0,0,0,0,0,0,1,0,none,k0p0,,,,,0,,,0,0,0,,,,,,,,,,,,,,,,,
P00236,K23,,2014,NIDDK,pre_policy,0,1,0,0,0,0,1,0,0,0,0,0,0,0,0,0,0,0,0,0,0,0,1,0,0,0,0,0,0,0,0,0,1,0,0,pre_early,0,0,0,1,1,1,1,0,0,0,0,0,0,0,0,1,0,none,k0p0,,,,,0,,,0,0,1,0,0,0,0,0,0,0,0,0,0,0,0,0,0,0,0,0
P00237,K23,,2014,NIDDK,pre_policy,0,0,1,1,0,1,0,0,0,0,0,0,0,0,1,0,0,0,1,0,0,0,0,0,0,0,0,0,0,0,0,0,1,0,0,pre_early,0,0,0,1,1,0,1,0,0,0,0,1,0,1,1,1,0,new_trial,k0p1,,,,,0,,,0,0,0,,,,,,,,,,,,,,,,,
P00238,K23,,2014,NHLBI,pre_policy,0,1,0,1,0,0,1,0,0,1,0,0,0,0,0,0,0,1,0,0,0,0,1,1,0,0,0,0,0,0,0,0,1,0,1,pre_early,1,1,0,1,0,0,0,1,0,0,1,0,1,0,0,0,1,ktrial_only,k1p0,k1p0,k1p0,k1p0,k1p0,0,,,0,0,1,1,1,0,0,0,1,0,0,1,0,1,1,1,0,1,1,1
P00239,K23,,2014,NINDS,pre_policy,0,1,1,1,1,1,0,1,0,0,0,1,1,0,1,1,0,0,1,0,1,1,0,0,0,1,1,1,1,1,1,1,1,0,0,pre_early,0,0,0,1,1,0,1,0,0,0,0,1,0,1,1,1,0,new_trial,k0p1,,,,,0,,,0,0,1,0,0,0,0,0,0,0,0,0,0,0,0,0,0,0,0,0
P00240,K23,,2014,NIGMS,pre_policy,0,1,1,1,1,0,0,0,0,1,1,0,0,0,1,1,0,1,1,0,0,0,1,1,0,0,0,0,0,0,0,0,1,0,0,pre_early,1,0,0,1,1,0,1,1,0,0,1,1,1,1,1,1,0,new_trial,k1p1,,,,,0,,,0,0,1,1,1,0,0,0,1,0,0,1,0,1,1,1,0,0,0,0
P00241,K08,,2014,NCI,pre_policy,0,0,0,0,0,0,0,0,0,0,0,0,0,0,0,0,0,0,0,0,0,0,0,0,0,0,1,0,0,1,0,0,1,0,0,pre_early,0,0,0,1,0,0,0,0,0,0,0,0,0,0,0,0,0,none,k0p0,,,,,0,,,0,0,0,,,,,,,,,,,,,,,,,
P00242,K23,,2014,NIDDK,pre_policy,0,1,1,1,0,1,0,0,0,0,0,0,1,0,1,1,0,0,1,0,0,0,0,0,0,0,1,0,0,1,0,0,1,0,0,pre_early,0,0,0,1,1,0,1,0,0,0,0,1,0,1,1,1,0,new_trial,k0p1,,,,,0,,,0,0,1,0,0,0,0,0,0,0,0,0,0,0,0,0,0,0,0,0
P00243,K23,,2014,NHLBI,pre_policy,0,1,1,1,0,0,0,1,0,1,0,0,1,1,1,1,0,1,1,1,1,1,1,1,1,1,1,1,1,1,1,1,1,0,0,pre_early,1,1,0,1,1,0,1,1,0,1,1,1,1,1,1,1,0,new_trial,k1p1,,,,,0,,,0,0,1,1,1,1,0,0,1,0,0,1,0,1,1,1,0,1,1,1
P00244,K23,,2014,NIDDK,pre_policy,0,1,1,1,0,1,0,0,0,1,0,0,1,0,1,0,0,1,1,0,0,0,1,0,1,0,1,0,0,1,0,0,1,0,0,pre_early,1,0,0,1,1,0,1,0,0,1,1,1,1,1,1,1,0,new_trial,k1p1,,,,,0,,,0,0,1,1,0,1,0,0,1,0,0,0,0,1,1,1,0,0,0,0
P00245,K08,,2014,NCI,pre_policy,0,0,0,0,0,0,0,0,0,0,0,0,0,0,0,0,0,0,0,0,0,0,0,0,0,0,0,0,0,0,0,0,1,0,0,pre_early,0,0,0,1,0,0,0,0,0,0,0,0,0,0,0,0,0,none,k0p0,,,,,0,,,0,0,0,,,,,,,,,,,,,,,,,
P00246,K08,,2014,NCI,pre_policy,0,0,0,0,0,0,1,0,0,0,0,0,0,0,0,0,0,0,0,0,0,0,0,0,0,0,0,0,0,0,0,0,1,0,1,pre_early,0,0,0,1,0,0,0,0,0,0,0,0,0,0,0,0,0,none,k0p0,,,,,0,,,0,0,0,,,,,,,,,,,,,,,,,
P00247,K08,,2014,NIA,pre_policy,0,0,0,0,0,0,0,1,0,0,0,0,0,0,0,0,0,0,0,0,0,0,0,0,0,1,1,1,1,1,1,1,1,0,0,pre_early,0,0,0,1,0,0,0,0,0,0,0,0,0,0,0,0,0,none,k0p0,,,,,0,,,0,0,0,,,,,,,,,,,,,,,,,
P00248,K08,,2014,NIDDK,pre_policy,0,0,0,0,0,0,0,1,0,0,0,0,0,0,0,0,0,0,0,0,0,0,0,0,0,1,1,1,1,1,1,1,1,0,0,pre_early,0,0,0,1,0,0,0,0,0,0,0,0,0,0,0,0,0,none,k0p0,,,,,0,,,0,0,0,,,,,,,,,,,,,,,,,
P00249,K23,,2014,NINR,pre_policy,0,1,0,0,0,0,1,0,0,0,0,0,0,0,0,0,0,0,0,0,0,0,1,0,0,0,0,0,0,0,0,0,1,0,0,pre_early,0,0,0,1,0,0,0,0,0,0,0,0,0,0,0,0,0,none,k0p0,,,,,0,,,0,0,1,0,0,0,0,0,0,0,0,0,0,0,0,0,0,0,0,0
P00250,K08,,2014,NIDDK,pre_policy,0,0,1,1,1,0,0,0,0,0,0,0,1,1,1,1,0,0,1,0,0,0,0,0,0,0,1,0,0,1,0,0,1,0,0,pre_early,0,0,0,1,1,0,1,0,0,0,0,1,0,1,1,1,0,new_trial,k0p1,,,,,0,,,0,0,0,,,,,,,,,,,,,,,,,
P00251,K08,,2014,NIDDK,pre_policy,0,0,0,0,0,0,0,1,0,0,0,0,0,0,0,0,0,0,0,0,0,0,0,0,0,1,1,1,1,1,1,1,1,0,0,pre_early,0,0,0,1,0,0,0,0,0,0,0,0,0,0,0,0,0,none,k0p0,,,,,0,,,0,0,0,,,,,,,,,,,,,,,,,
P00252,K23,,2014,NCCIH,pre_policy,0,1,0,1,0,0,0,0,0,1,1,0,0,0,0,0,0,1,0,0,0,0,1,0,1,0,0,0,0,0,0,0,1,1,0,pre_early,1,1,0,1,0,0,0,0,0,1,1,0,1,0,0,0,0,ktrial_only,k1p0,,,,,0,,,0,0,0,,,,,,,,,,,,,,,,,
P00253,K08,,2014,NIAMS,pre_policy,0,0,1,1,1,0,0,0,0,0,0,0,0,0,1,1,0,0,1,0,0,0,0,0,0,0,1,0,0,1,0,0,1,0,0,pre_early,0,0,0,1,1,0,1,0,0,0,0,1,0,1,1,1,0,new_trial,k0p1,,,,,0,,,0,0,0,,,,,,,,,,,,,,,,,
P00254,K23,,2014,NIGMS,pre_policy,0,1,0,0,0,0,0,0,0,0,0,0,0,0,0,0,0,0,0,0,0,0,0,0,0,0,1,0,0,1,0,0,1,0,0,pre_early,0,0,0,1,1,1,1,0,0,0,0,0,0,0,0,1,0,none,k0p0,,,,,0,,,0,0,1,0,0,0,0,0,0,0,0,0,0,0,0,0,0,0,0,0
P00255,K08,,2014,NHLBI,pre_policy,0,0,0,0,0,0,0,0,0,0,0,0,0,0,0,0,0,0,0,0,0,0,0,0,0,0,1,0,0,1,0,0,1,0,0,pre_early,0,0,0,1,1,1,1,0,0,0,0,0,0,0,0,1,0,none,k0p0,,,,,0,,,0,0,0,,,,,,,,,,,,,,,,,
P00256,K23,,2014,NCCIH,pre_policy,0,1,0,1,0,0,0,1,0,1,0,0,0,0,0,0,0,1,0,0,0,0,1,1,0,1,1,1,1,1,1,1,1,0,0,pre_early,1,1,0,1,1,1,1,1,0,0,1,0,1,0,0,1,0,ktrial_only,k1p0,,,,,0,,,0,0,1,1,1,0,0,0,1,0,0,1,0,1,1,1,0,1,1,1
P00257,K23,,2014,NIMH,pre_policy,0,0,0,0,0,0,0,0,0,0,0,0,0,0,0,0,0,0,0,0,0,0,0,0,0,0,1,0,1,1,1,1,1,0,0,pre_early,0,0,0,1,0,0,0,0,0,0,0,0,0,0,0,0,0,none,k0p0,,,,,0,,,0,0,0,,,,,,,,,,,,,,,,,
P00258,K23,,2014,NICHD,pre_policy,0,1,0,1,0,0,1,0,0,1,0,0,0,0,0,0,0,1,0,0,0,0,1,0,1,0,0,0,0,0,0,0,1,0,1,pre_early,1,0,0,1,0,0,0,0,0,1,1,0,1,0,0,0,0,ktrial_only,k1p0,,,,,0,,,0,0,1,1,0,1,0,0,1,1,0,0,0,1,1,1,0,0,1,1
P00259,K08,,2014,NHLBI,pre_policy,0,0,1,1,0,1,0,1,0,0,0,1,1,1,1,1,0,0,1,1,0,0,0,0,0,1,1,1,1,1,1,1,1,0,0,pre_early,0,0,0,1,1,0,1,0,0,0,0,1,0,1,1,1,0,new_trial,k0p1,,,,,0,,,0,0,0,,,,,,,,,,,,,,,,,
P00260,K23,,2014,NIAMS,pre_policy,0,0,0,0,0,0,0,0,0,0,0,0,0,0,0,0,0,0,0,0,0,0,0,0,0,0,1,0,0,1,0,0,1,0,0,pre_early,0,0,0,1,0,0,0,0,0,0,0,0,0,0,0,0,0,none,k0p0,,,,,0,,,0,0,0,,,,,,,,,,,,,,,,,
P00261,K23,,2014,NHLBI,pre_policy,0,0,0,0,0,0,0,0,0,0,0,0,0,0,0,0,0,0,0,0,0,0,0,0,0,0,0,0,0,0,0,0,1,0,0,pre_early,0,0,0,1,1,1,1,0,0,0,0,0,0,0,0,1,0,none,k0p0,,,,,0,,,0,0,0,,,,,,,,,,,,,,,,,
P00262,K08,,2014,NHLBI,pre_policy,0,0,0,0,0,0,0,0,0,0,0,0,0,0,0,0,0,0,0,0,0,0,0,0,0,0,0,0,0,0,0,0,1,0,0,pre_early,0,0,0,1,0,0,0,0,0,0,0,0,0,0,0,0,0,none,k0p0,,,,,0,,,0,0,0,,,,,,,,,,,,,,,,,
P00263,K23,,2014,NIDDK,pre_policy,0,1,1,1,0,1,0,0,0,1,0,1,1,1,1,0,0,1,1,1,0,0,1,1,0,0,0,0,0,0,0,0,1,0,0,pre_early,1,0,0,1,1,0,1,1,0,0,1,1,1,1,1,1,0,new_trial,k1p1,,,,,0,,,0,0,1,1,1,0,0,0,1,0,0,1,0,1,1,1,0,0,1,1
P00264,K23,,2014,NICHD,pre_policy,0,1,0,0,0,0,0,0,0,0,0,0,0,0,0,0,0,0,0,0,0,0,0,0,0,0,0,0,0,0,0,0,1,0,0,pre_early,0,0,0,1,0,0,0,0,0,0,0,0,0,0,0,0,1,none,k0p0,k0p0,k0p0,k0p0,k0p0,0,,,0,0,1,0,0,0,0,0,0,0,0,0,0,0,0,0,0,0,0,0
P00265,K08,,2014,NHLBI,pre_policy,0,0,0,0,0,0,0,0,0,0,0,0,0,0,0,0,0,0,0,0,0,0,0,0,0,0,0,0,0,0,0,0,1,0,0,pre_early,0,0,0,1,0,0,0,0,0,0,0,0,0,0,0,0,0,none,k0p0,,,,,0,,,0,0,0,,,,,,,,,,,,,,,,,
P00266,K08,,2014,NIDDK,pre_policy,0,0,0,0,0,0,0,0,0,0,0,0,0,0,0,0,0,0,0,0,0,0,0,0,0,0,1,0,0,1,0,0,1,0,0,pre_early,0,0,0,1,0,0,0,0,0,0,0,0,0,0,0,0,0,none,k0p0,,,,,0,,,0,0,0,,,,,,,,,,,,,,,,,
P00267,K08,,2014,NIAID,pre_policy,0,0,0,0,0,0,0,0,0,0,0,0,0,0,0,0,0,0,0,0,0,0,0,0,0,0,0,0,0,0,0,0,1,0,0,pre_early,0,0,0,1,0,0,0,0,0,0,0,0,0,0,0,0,0,none,k0p0,,,,,0,,,0,0,0,,,,,,,,,,,,,,,,,
P00268,K23,,2014,NINDS,pre_policy,0,0,1,1,0,1,0,0,0,0,0,0,1,1,1,1,0,0,1,0,0,0,0,0,0,0,0,0,0,0,0,0,1,0,0,pre_early,0,0,0,1,1,0,1,0,0,0,0,1,0,1,1,1,0,new_trial,k0p1,,,,,0,,,0,0,0,,,,,,,,,,,,,,,,,
P00269,K08,,2014,NEI,pre_policy,0,0,0,0,0,0,0,0,0,0,0,0,0,0,0,0,0,0,0,0,0,0,0,0,0,0,0,0,0,0,0,0,1,0,0,pre_early,0,0,0,1,0,0,0,0,0,0,0,0,0,0,0,0,0,none,k0p0,,,,,0,,,0,0,0,,,,,,,,,,,,,,,,,
P00270,K08,,2014,NHLBI,pre_policy,0,0,0,0,0,0,0,1,0,0,0,0,0,0,0,0,0,0,0,0,0,0,0,0,0,1,1,1,1,1,1,1,1,0,0,pre_early,0,0,0,1,0,0,0,0,0,0,0,0,0,0,0,0,0,none,k0p0,,,,,0,,,0,0,0,,,,,,,,,,,,,,,,,
P00271,K23,,2014,NIDDK,pre_policy,0,0,1,1,0,1,0,0,0,0,0,0,0,0,1,0,0,0,1,0,0,0,0,0,0,0,1,0,0,1,0,0,1,0,0,pre_early,0,0,0,1,1,0,1,0,0,0,0,1,0,1,1,1,0,new_trial,k0p1,,,,,0,,,0,0,0,,,,,,,,,,,,,,,,,
P00272,K23,,2014,NIMH,pre_policy,0,0,0,0,0,0,0,0,0,0,0,0,0,0,0,0,0,0,0,0,0,0,0,0,0,0,1,0,0,1,0,0,1,0,0,pre_early,0,0,0,1,1,1,1,0,0,0,0,0,0,0,0,1,1,none,k0p0,k0p0,k0p0,k0p0,k0p0,0,,,0,0,0,,,,,,,,,,,,,,,,,
P00273,K08,,2014,NIDDK,pre_policy,0,0,0,0,0,0,0,0,0,0,0,0,0,0,0,0,0,0,0,0,0,0,0,0,0,0,0,0,0,0,0,0,1,0,0,pre_early,0,0,0,1,0,0,0,0,0,0,0,0,0,0,0,0,0,none,k0p0,,,,,0,,,0,0,0,,,,,,,,,,,,,,,,,
P00274,K08,,2014,NHLBI,pre_policy,0,0,0,0,0,0,0,0,0,0,0,0,0,0,0,0,0,0,0,0,0,0,0,0,0,0,0,0,0,0,0,0,1,0,0,pre_early,0,0,0,1,0,0,0,0,0,0,0,0,0,0,0,0,0,none,k0p0,,,,,0,,,0,0,0,,,,,,,,,,,,,,,,,
P00275,K08,,2014,NHLBI,pre_policy,0,0,0,0,0,0,0,1,0,0,0,0,0,0,0,0,0,0,0,0,0,0,0,0,0,1,1,1,1,1,1,1,1,0,0,pre_early,0,0,0,1,0,0,0,0,0,0,0,0,0,0,0,0,0,none,k0p0,,,,,0,,,0,0,0,,,,,,,,,,,,,,,,,
P00276,K08,,2014,NIDDK,pre_policy,0,0,0,0,0,0,0,0,0,0,0,0,0,0,0,0,0,0,0,0,0,0,0,0,0,0,0,0,0,0,0,0,1,0,0,pre_early,0,0,0,1,0,0,0,0,0,0,0,0,0,0,0,0,0,none,k0p0,,,,,0,,,0,0,0,,,,,,,,,,,,,,,,,
P00277,K23,,2014,NEI,pre_policy,0,0,0,0,0,0,0,0,0,0,0,0,0,0,0,0,0,0,0,0,0,0,0,0,0,0,0,0,0,0,0,0,1,0,0,pre_early,0,0,0,1,0,0,0,0,0,0,0,0,0,0,0,0,0,none,k0p0,,,,,0,,,0,0,0,,,,,,,,,,,,,,,,,
P00278,K23,,2014,NINDS,pre_policy,0,0,0,0,0,0,0,0,0,0,0,0,0,0,0,0,0,0,0,0,0,0,0,0,0,0,0,0,0,0,0,0,1,0,0,pre_early,0,0,0,1,0,0,0,0,0,0,0,0,0,0,0,0,0,none,k0p0,,,,,0,,,0,0,0,,,,,,,,,,,,,,,,,
P00279,K08,,2014,NINDS,pre_policy,0,0,0,0,0,0,0,0,0,0,0,0,0,0,0,0,0,0,0,0,0,0,0,0,0,0,0,0,0,0,0,0,1,0,0,pre_early,0,0,0,1,0,0,0,0,0,0,0,0,0,0,0,0,0,none,k0p0,,,,,0,,,0,0,0,,,,,,,,,,,,,,,,,
P00280,K08,,2014,NIDCR,pre_policy,0,0,0,0,0,0,0,1,0,0,0,0,0,0,0,0,0,0,0,0,0,0,0,0,0,1,1,1,1,1,1,1,1,0,0,pre_early,0,0,0,1,0,0,0,0,0,0,0,0,0,0,0,0,0,none,k0p0,,,,,0,,,0,0,0,,,,,,,,,,,,,,,,,
P00281,K23,,2014,NIDDK,pre_policy,0,0,1,1,1,1,1,0,0,0,0,0,1,1,1,0,0,0,1,1,0,0,0,0,0,0,1,0,0,1,0,0,1,0,1,pre_early,0,0,0,1,1,0,1,0,0,0,0,1,0,1,1,1,0,new_trial,k0p1,,,,,0,,,0,0,0,,,,,,,,,,,,,,,,,
P00282,K08,,2014,NHLBI,pre_policy,0,0,0,0,0,0,0,1,0,0,0,0,0,0,0,0,0,0,0,0,0,0,0,0,0,1,1,1,1,1,1,1,1,0,0,pre_early,0,0,0,1,0,0,0,0,0,0,0,0,0,0,0,0,0,none,k0p0,,,,,0,,,0,0,0,,,,,,,,,,,,,,,,,
P00283,K23,,2014,NHLBI,pre_policy,0,1,0,1,0,0,0,0,0,1,0,0,0,0,0,0,0,1,0,0,0,0,1,1,0,0,0,0,1,1,1,1,1,0,0,pre_early,1,0,0,1,0,0,0,1,0,0,1,0,1,0,0,0,0,ktrial_only,k1p0,,,,,0,,,0,0,1,1,1,0,0,0,1,0,0,1,0,1,1,0,0,0,0,0
P00284,K08,,2014,NIDDK,pre_policy,0,0,0,0,0,0,0,0,0,0,0,0,0,0,0,0,0,0,0,0,0,0,0,0,0,0,0,0,0,0,0,0,1,0,0,pre_early,0,0,0,1,0,0,0,0,0,0,0,0,0,0,0,0,0,none,k0p0,,,,,0,,,0,0,0,,,,,,,,,,,,,,,,,
P00285,K08,,2014,NHLBI,pre_policy,0,0,0,0,0,0,0,0,0,0,0,0,0,0,0,0,0,0,0,0,0,0,0,0,0,0,0,0,0,0,0,0,1,0,0,pre_early,0,0,0,1,0,0,0,0,0,0,0,0,0,0,0,0,0,none,k0p0,,,,,0,,,0,0,0,,,,,,,,,,,,,,,,,
P00286,K23,,2014,NHLBI,pre_policy,0,0,0,0,0,0,0,0,0,0,0,0,0,0,0,0,0,0,0,0,0,0,0,0,0,0,0,0,0,0,0,0,1,0,0,pre_early,0,0,0,1,0,0,0,0,0,0,0,0,0,0,0,0,0,none,k0p0,,,,,0,,,0,0,0,,,,,,,,,,,,,,,,,
P00287,K23,,2014,NINR,pre_policy,0,0,0,0,0,0,1,0,0,0,0,0,0,0,0,0,0,0,0,0,0,0,0,0,0,0,0,0,0,0,0,0,1,0,1,pre_early,0,0,0,1,0,0,0,0,0,0,0,0,0,0,0,0,0,none,k0p0,,,,,0,,,0,0,0,,,,,,,,,,,,,,,,,
P00288,K23,,2014,NHLBI,pre_policy,0,1,1,1,1,1,0,0,0,0,0,0,1,1,1,1,0,0,1,1,0,0,0,0,0,0,0,0,0,0,0,0,1,0,0,pre_early,0,0,0,1,1,0,1,0,0,0,0,1,0,1,1,1,0,new_trial,k0p1,,,,,0,,,0,0,1,0,0,0,0,0,0,0,0,0,0,0,0,0,0,0,0,0
P00289,K08,,2014,NCI,pre_policy,0,0,0,0,0,0,0,0,0,0,0,0,0,0,0,0,0,0,0,0,0,0,0,0,0,0,0,0,0,0,0,0,1,0,0,pre_early,0,0,0,1,0,0,0,0,0,0,0,0,0,0,0,0,0,none,k0p0,,,,,0,,,0,0,0,,,,,,,,,,,,,,,,,
P00290,K23,,2014,NIAMS,pre_policy,0,0,0,0,0,0,0,0,0,0,0,0,0,0,0,0,0,0,0,0,0,0,0,0,0,0,0,0,0,0,0,0,1,0,0,pre_early,0,0,0,1,0,0,0,0,0,0,0,0,0,0,0,0,0,none,k0p0,,,,,0,,,0,0,0,,,,,,,,,,,,,,,,,
P00291,K23,,2014,NINR,pre_policy,0,0,0,0,0,0,0,0,0,0,0,0,0,0,0,0,0,0,0,0,0,0,0,0,0,0,0,0,0,0,0,0,1,0,0,pre_early,0,0,0,1,0,0,0,0,0,0,0,0,0,0,0,0,0,none,k0p0,,,,,0,,,0,0,0,,,,,,,,,,,,,,,,,
P00292,K08,,2014,NCI,pre_policy,0,0,1,1,1,0,1,1,0,0,0,0,1,1,1,1,0,0,1,0,0,0,0,0,0,1,1,1,1,1,1,1,1,0,1,pre_early,0,0,0,1,1,0,1,0,0,0,0,1,0,1,1,1,0,new_trial,k0p1,,,,,0,,,0,0,0,,,,,,,,,,,,,,,,,
P00293,K23,,2014,NIAAA,pre_policy,0,1,0,1,0,0,0,0,0,1,1,0,0,0,0,0,0,1,0,0,0,0,1,1,0,0,0,1,0,0,0,1,1,0,0,pre_early,1,1,0,1,1,1,1,1,0,0,1,0,1,0,0,1,0,ktrial_only,k1p0,,,,,0,,,0,0,1,1,1,0,0,0,1,0,0,1,0,1,1,1,0,1,0,0
P00294,K08,,2014,NCI,pre_policy,0,0,1,1,1,1,1,0,0,0,0,0,0,0,1,0,0,0,1,0,0,0,0,0,0,0,0,0,0,0,0,0,1,0,1,pre_early,0,0,0,1,1,0,1,0,0,0,0,1,0,1,1,1,0,new_trial,k0p1,,,,,0,,,0,0,0,,,,,,,,,,,,,,,,,
P00295,K08,,2014,NCI,pre_policy,0,0,0,0,0,0,0,1,0,0,0,0,0,0,0,0,0,0,0,0,0,0,0,0,0,1,1,1,1,1,1,1,1,0,0,pre_early,0,0,0,1,0,0,0,0,0,0,0,0,0,0,0,0,0,none,k0p0,,,,,0,,,0,0,0,,,,,,,,,,,,,,,,,
P00296,K23,,2014,NCI,pre_policy,0,1,1,1,1,1,0,0,0,1,1,0,0,0,1,0,0,1,1,0,1,0,1,0,1,0,0,0,0,0,0,0,1,0,0,pre_early,1,1,1,1,1,0,1,0,0,1,1,1,1,1,1,1,0,new_trial,k1p1,,,,,0,,,0,0,1,1,0,1,0,0,1,0,0,0,0,1,1,0,0,1,1,0
P00297,K23,,2014,NIDDK,pre_policy,0,0,0,0,0,0,0,0,0,0,0,0,0,0,0,0,0,0,0,0,0,0,0,0,0,0,0,0,0,0,0,0,1,0,0,pre_early,0,0,0,1,0,0,0,0,0,0,0,0,0,0,0,0,0,none,k0p0,,,,,0,,,0,0,0,,,,,,,,,,,,,,,,,
P00298,K23,,2014,NIAID,pre_policy,0,0,0,0,0,0,0,0,0,0,0,0,0,0,0,0,0,0,0,0,0,0,0,0,0,0,0,0,0,0,0,0,1,0,0,pre_early,0,0,0,1,0,0,0,0,0,0,0,0,0,0,0,0,0,none,k0p0,,,,,0,,,0,0,0,,,,,,,,,,,,,,,,,
P00299,K23,,2014,NIDDK,pre_policy,0,0,0,0,0,0,0,0,0,0,0,0,0,0,0,0,0,0,0,0,0,0,0,0,0,0,0,0,0,0,0,0,1,0,0,pre_early,0,0,0,1,0,0,0,0,0,0,0,0,0,0,0,0,0,none,k0p0,,,,,0,,,0,0,0,,,,,,,,,,,,,,,,,
P00300,K23,,2014,NIA,pre_policy,0,0,0,0,0,0,0,0,0,0,0,0,0,0,0,0,0,0,0,0,0,0,0,0,0,0,0,0,0,0,0,0,1,0,0,pre_early,0,0,0,1,1,1,1,0,0,0,0,0,0,0,0,1,1,none,k0p0,k0p0,k0p0,k0p0,k0p0,0,,,0,0,0,,,,,,,,,,,,,,,,,
P00301,K23,,2014,NIA,pre_policy,0,0,0,1,0,0,0,1,0,1,0,0,0,0,0,0,1,1,0,0,0,0,1,1,0,1,1,1,1,1,1,1,1,0,0,pre_early,1,1,0,1,1,1,1,1,0,0,1,0,1,0,0,1,1,ktrial_only,k1p0,k1p0,k1p0,k1p0,k1p0,0,,,0,0,0,,,,,,,,,,,,,,,,,
P00302,K08,,2014,NIDDK,pre_policy,0,0,0,0,0,0,0,0,0,0,0,0,0,0,0,0,0,0,0,0,0,0,0,0,0,0,1,0,0,1,0,0,1,0,0,pre_early,0,0,0,1,0,0,0,0,0,0,0,0,0,0,0,0,0,none,k0p0,,,,,0,,,0,0,0,,,,,,,,,,,,,,,,,
P00303,K08,,2014,NIDDK,pre_policy,0,0,0,0,0,0,0,0,0,0,0,0,0,0,0,0,0,0,0,0,0,0,0,0,0,0,0,0,0,0,0,0,1,0,0,pre_early,0,0,0,1,0,0,0,0,0,0,0,0,0,0,0,0,0,none,k0p0,,,,,0,,,0,0,0,,,,,,,,,,,,,,,,,
P00304,K08,,2014,NINDS,pre_policy,0,0,1,1,1,0,0,1,0,0,0,0,1,0,1,1,0,0,1,0,0,0,0,0,0,1,1,1,1,1,1,1,1,0,0,pre_early,0,0,0,1,1,0,1,0,0,0,0,1,0,1,1,1,0,new_trial,k0p1,,,,,0,,,0,0,0,,,,,,,,,,,,,,,,,
P00305,K23,,2014,NIMH,pre_policy,0,1,0,1,0,0,0,0,0,1,0,0,0,0,0,0,0,1,0,0,0,0,1,1,0,0,0,0,0,0,0,0,1,0,0,pre_early,1,0,0,1,0,0,0,1,0,0,1,0,1,0,0,0,1,ktrial_only,k1p0,k1p0,k1p0,k1p0,k1p0,0,,,0,0,1,1,1,0,0,0,1,0,0,1,0,1,1,1,0,0,1,1
P00306,K08,,2014,NIDDK,pre_policy,0,0,0,0,0,0,0,1,0,0,0,0,0,0,0,0,0,0,0,0,0,0,0,0,0,1,1,1,1,1,1,1,1,0,0,pre_early,0,0,0,1,0,0,0,0,0,0,0,0,0,0,0,0,0,none,k0p0,,,,,0,,,0,0,0,,,,,,,,,,,,,,,,,
P00307,K23,,2014,NIMH,pre_policy,0,1,1,1,0,1,0,0,0,0,0,0,1,1,1,1,0,0,1,1,1,1,0,0,0,0,0,1,0,0,0,1,1,0,0,pre_early,0,0,0,1,1,0,1,0,0,0,0,1,0,1,1,1,0,new_trial,k0p1,,,,,0,,,0,0,1,0,0,0,0,0,0,0,0,0,0,0,0,0,0,0,0,0
P00308,K08,,2014,NCI,pre_policy,0,0,0,0,0,0,0,1,0,0,0,0,0,0,0,0,0,0,0,0,0,0,0,0,0,1,1,1,1,1,1,1,1,0,0,pre_early,0,0,0,1,0,0,0,0,0,0,0,0,0,0,0,0,0,none,k0p0,,,,,0,,,0,0,0,,,,,,,,,,,,,,,,,
P00309,K08,,2014,NCI,pre_policy,0,0,0,0,0,0,0,1,0,0,0,0,0,0,0,0,0,0,0,0,0,0,0,0,0,1,1,1,1,1,1,1,1,0,0,pre_early,0,0,0,1,0,0,0,0,0,0,0,0,0,0,0,0,0,none,k0p0,,,,,0,,,0,0,0,,,,,,,,,,,,,,,,,
P00310,K08,,2014,NCI,pre_policy,0,0,0,0,0,0,0,0,0,0,0,0,0,0,0,0,0,0,0,0,0,0,0,0,0,0,0,0,0,0,0,0,1,0,0,pre_early,0,0,0,1,0,0,0,0,0,0,0,0,0,0,0,0,0,none,k0p0,,,,,0,,,0,0,0,,,,,,,,,,,,,,,,,
P00311,K08,,2014,NCI,pre_policy,0,0,0,0,0,0,0,0,0,0,0,0,0,0,0,0,1,0,0,0,0,0,0,0,0,0,0,0,1,1,1,1,1,0,0,pre_early,0,0,0,1,0,0,0,0,0,0,0,0,0,0,0,0,0,none,k0p0,,,,,0,,,0,0,0,,,,,,,,,,,,,,,,,
P00312,K08,,2014,NCI,pre_policy,0,0,0,0,0,0,0,0,0,0,0,0,0,0,0,0,0,0,0,0,0,0,0,0,0,0,1,0,0,1,0,0,1,0,0,pre_early,0,0,0,1,0,0,0,0,0,0,0,0,0,0,0,0,0,none,k0p0,,,,,0,,,0,0,0,,,,,,,,,,,,,,,,,
P00313,K08,,2014,NCI,pre_policy,0,0,0,0,0,0,0,0,0,0,0,0,0,0,0,0,0,0,0,0,0,0,0,0,0,0,0,0,0,0,0,0,1,0,0,pre_early,0,0,0,1,0,0,0,0,0,0,0,0,0,0,0,0,0,none,k0p0,,,,,0,,,0,0,0,,,,,,,,,,,,,,,,,
P00314,K23,,2014,NIMH,pre_policy,0,1,0,1,0,0,0,0,0,1,0,0,0,0,0,0,0,1,0,0,0,0,1,1,0,0,1,0,0,1,0,0,1,0,0,pre_early,1,1,0,1,0,0,0,1,0,0,1,0,1,0,0,0,1,ktrial_only,k1p0,k1p0,k1p0,k1p0,k1p0,0,,,0,0,1,1,1,0,0,0,1,0,0,1,0,1,1,1,0,1,1,1
P00315,K23,,2014,NIMH,pre_policy,0,0,1,1,0,0,0,0,0,0,0,0,0,0,1,1,0,0,1,0,0,0,0,0,0,0,0,0,0,0,0,0,1,0,0,pre_early,0,0,0,1,1,0,1,0,0,0,0,1,0,1,1,1,0,new_trial,k0p1,,,,,0,,,0,0,0,,,,,,,,,,,,,,,,,
P00316,K23,,2014,NIMH,pre_policy,0,1,0,1,0,0,0,1,0,1,0,0,0,0,0,0,0,0,0,0,0,0,1,1,0,1,1,1,1,1,1,1,1,0,0,pre_early,1,0,0,1,1,1,1,1,0,0,1,0,1,0,0,1,0,ktrial_only,k1p0,,,,,0,,,0,0,1,1,1,0,0,0,1,0,0,1,0,1,1,1,0,0,1,1
P00317,K23,,2014,NIMH,pre_policy,0,1,0,1,0,0,0,0,0,1,1,0,0,0,0,0,0,1,0,0,0,0,1,1,0,0,0,0,0,0,0,0,1,0,0,pre_early,1,0,0,1,0,0,0,1,0,0,1,0,1,0,0,0,1,ktrial_only,k1p0,k1p0,k1p0,k1p0,k1p0,0,,,0,0,1,1,1,0,0,0,1,0,0,1,0,1,1,1,0,0,0,0
P00318,K23,,2014,NIMH,pre_policy,0,0,1,1,1,0,0,0,0,1,1,0,1,1,1,1,0,1,1,0,0,0,1,0,1,0,0,0,0,0,0,0,1,0,0,pre_early,1,1,0,1,1,0,1,0,0,1,1,1,1,1,1,1,1,new_trial,k1p1,k1p1,k1p1,k1p1,k1p1,0,,,0,0,0,,,,,,,,,,,,,,,,,
P00319,K23,,2014,NIMH,pre_policy,0,1,1,1,1,1,0,0,0,1,0,0,1,1,1,1,0,1,1,0,0,0,1,1,0,0,0,1,0,0,0,1,1,0,0,pre_early,1,0,0,1,1,0,1,1,0,0,1,1,1,1,1,1,0,new_trial,k1p1,,,,,1,1,1,0,0,1,1,1,0,0,0,1,0,0,1,0,1,1,1,0,0,0,0
P00320,K23,,2014,NINR,pre_policy,0,0,0,0,0,0,0,0,0,0,0,0,0,0,0,0,0,0,0,0,0,0,0,0,0,0,0,0,0,0,0,0,1,0,0,pre_early,0,0,0,1,0,0,0,0,0,0,0,0,0,0,0,0,0,none,k0p0,,,,,1,0,0,0,0,0,,,,,,,,,,,,,,,,,
P00321,K23,,2014,NINR,pre_policy,0,0,0,0,0,0,0,0,0,0,0,0,0,0,0,0,0,0,0,0,0,0,0,0,0,0,0,0,0,0,0,0,1,0,0,pre_early,0,0,0,1,0,0,0,0,0,0,0,0,0,0,0,0,0,none,k0p0,,,,,0,,,0,0,0,,,,,,,,,,,,,,,,,
P00322,K23,,2014,NINR,pre_policy,0,1,0,0,0,0,0,0,0,0,0,0,0,0,0,0,0,0,0,0,0,0,0,0,0,0,0,0,1,1,1,1,1,0,0,pre_early,0,0,0,1,1,1,1,0,0,0,0,0,0,0,0,1,0,none,k0p0,,,,,0,,,0,0,1,0,0,0,0,0,0,0,0,0,0,0,0,0,0,0,0,0
P00323,K08,,2014,NEI,pre_policy,0,0,0,0,0,0,0,0,0,0,0,0,0,0,0,0,0,0,0,0,0,0,0,0,0,0,1,0,0,1,0,0,1,0,0,pre_early,0,0,0,1,0,0,0,0,0,0,0,0,0,0,0,0,0,none,k0p0,,,,,0,,,0,0,0,,,,,,,,,,,,,,,,,
P00324,K08,,2014,NEI,pre_policy,0,0,1,1,1,1,0,0,0,0,0,0,0,0,1,0,0,0,1,0,0,0,0,0,0,0,0,0,0,0,0,0,1,0,0,pre_early,0,0,0,1,1,0,1,0,0,0,0,1,0,1,1,1,0,new_trial,k0p1,,,,,0,,,0,0,0,,,,,,,,,,,,,,,,,
P00325,K08,,2014,NEI,pre_policy,0,0,1,1,1,1,1,0,0,0,0,0,0,0,1,0,0,0,0,0,0,0,0,0,0,0,0,0,0,0,0,0,1,0,1,pre_early,0,0,0,1,1,0,0,0,0,0,0,1,0,1,1,1,0,new_trial,k0p1,,,,,0,,,0,0,0,,,,,,,,,,,,,,,,,
P00326,K08,,2014,NEI,pre_policy,0,0,0,0,0,0,0,1,0,0,0,0,0,0,0,0,0,0,0,0,0,0,0,0,0,1,1,1,1,1,1,1,1,0,0,pre_early,0,0,0,1,0,0,0,0,0,0,0,0,0,0,0,0,0,none,k0p0,,,,,0,,,0,0,0,,,,,,,,,,,,,,,,,
P00327,K08,,2014,NEI,pre_policy,0,0,0,0,0,0,0,0,0,0,0,0,0,0,0,0,0,0,0,0,0,0,0,0,0,0,1,0,0,1,0,0,1,0,0,pre_early,0,0,0,1,0,0,0,0,0,0,0,0,0,0,0,0,0,none,k0p0,,,,,0,,,0,0,0,,,,,,,,,,,,,,,,,
P00328,K23,,2014,NIDDK,pre_policy,0,0,1,1,1,1,1,0,0,0,0,0,0,0,1,1,0,0,1,0,0,0,0,0,0,0,0,0,0,0,0,0,1,0,1,pre_early,0,0,0,1,1,0,1,0,0,0,0,1,0,1,1,1,0,new_trial,k0p1,,,,,0,,,0,0,0,,,,,,,,,,,,,,,,,
P00329,K08,,2014,NINDS,pre_policy,0,0,0,0,0,0,1,0,0,0,0,0,0,0,0,0,0,0,0,0,0,0,0,0,0,1,1,1,1,1,1,1,1,0,1,pre_early,0,0,0,1,0,0,0,0,0,0,0,0,0,0,0,0,0,none,k0p0,,,,,0,,,0,0,0,,,,,,,,,,,,,,,,,
P00330,K08,,2014,NINDS,pre_policy,0,0,0,0,0,0,0,0,0,0,0,0,0,0,0,0,0,0,0,0,0,0,0,0,0,0,0,0,0,0,0,0,1,0,0,pre_early,0,0,0,1,0,0,0,0,0,0,0,0,0,0,0,0,0,none,k0p0,,,,,0,,,0,0,0,,,,,,,,,,,,,,,,,
P00331,K23,,2014,NINDS,pre_policy,0,0,0,0,0,0,0,0,0,0,0,0,0,0,0,0,0,0,0,0,0,0,0,0,0,0,0,0,0,0,0,0,1,0,0,pre_early,0,0,0,1,0,0,0,0,0,0,0,0,0,0,0,0,0,none,k0p0,,,,,0,,,0,0,0,,,,,,,,,,,,,,,,,
P00332,K23,,2014,NEI,pre_policy,0,1,0,0,0,0,0,1,0,0,0,0,0,0,0,0,0,0,0,0,0,0,0,0,0,1,1,1,1,1,1,1,1,0,0,pre_early,0,0,0,1,0,0,0,0,0,0,0,0,0,0,0,0,0,none,k0p0,,,,,0,,,0,0,1,0,0,0,0,0,0,0,0,0,0,0,0,0,0,0,0,0
P00333,K23,,2014,NHLBI,pre_policy,0,0,0,0,0,0,0,0,0,0,0,0,0,0,0,0,0,0,0,0,0,0,0,0,0,0,1,0,0,1,0,0,1,0,0,pre_early,0,0,0,1,1,1,1,0,0,0,0,0,0,0,0,1,0,none,k0p0,,,,,0,,,0,0,0,,,,,,,,,,,,,,,,,
P00334,K23,,2014,NHLBI,pre_policy,0,1,0,0,0,0,0,0,0,0,0,0,0,0,0,0,0,0,0,0,0,0,0,0,0,0,0,0,0,0,0,0,1,0,0,pre_early,0,0,0,1,0,0,0,0,0,0,0,0,0,0,0,0,0,none,k0p0,,,,,0,,,0,0,1,0,0,0,0,0,0,0,0,0,0,0,0,0,0,0,0,0
P00335,K08,,2014,NEI,pre_policy,0,0,0,0,0,0,0,0,0,0,0,0,0,0,0,0,0,0,0,0,0,0,0,0,0,0,0,0,0,0,0,0,1,0,0,pre_early,0,0,0,1,0,0,0,0,0,0,0,0,0,0,0,0,0,none,k0p0,,,,,0,,,0,0,0,,,,,,,,,,,,,,,,,
P00336,K08,,2014,NHLBI,pre_policy,0,0,0,0,0,0,0,0,0,0,0,0,0,0,0,0,0,0,0,0,0,0,0,0,0,1,1,1,1,1,1,1,1,0,0,pre_early,0,0,0,1,1,1,1,0,0,0,0,0,0,0,0,1,0,none,k0p0,,,,,0,,,0,0,0,,,,,,,,,,,,,,,,,
P00337,K08,,2014,NHLBI,pre_policy,0,0,0,0,0,0,0,0,0,0,0,0,0,0,0,0,0,0,0,0,0,0,0,0,0,0,0,0,1,1,1,1,1,0,0,pre_early,0,0,0,1,0,0,0,0,0,0,0,0,0,0,0,0,0,none,k0p0,,,,,0,,,0,0,0,,,,,,,,,,,,,,,,,
P00338,K08,,2014,NIDCD,pre_policy,0,0,0,0,0,0,0,0,0,0,0,0,0,0,0,0,0,0,0,0,0,0,0,0,0,0,1,0,0,1,0,0,1,0,0,pre_early,0,0,0,1,0,0,0,0,0,0,0,0,0,0,0,0,0,none,k0p0,,,,,0,,,0,0,0,,,,,,,,,,,,,,,,,
P00339,K08,,2014,NHLBI,pre_policy,0,0,0,0,0,0,0,0,0,0,0,0,0,0,0,0,0,0,0,0,0,0,0,0,0,0,0,0,0,0,0,0,1,0,0,pre_early,0,0,0,1,0,0,0,0,0,0,0,0,0,0,0,0,0,none,k0p0,,,,,0,,,0,0,0,,,,,,,,,,,,,,,,,
P00340,K08,,2014,NIMH,pre_policy,0,0,0,0,0,0,0,0,0,0,0,0,0,0,0,0,0,0,0,0,0,0,0,0,0,0,0,0,0,0,0,0,1,0,0,pre_early,0,0,0,1,0,0,0,0,0,0,0,0,0,0,0,0,0,none,k0p0,,,,,0,,,0,0,0,,,,,,,,,,,,,,,,,
P00341,K08,,2014,NIDCD,pre_policy,0,0,0,0,0,0,0,0,0,0,0,0,0,0,0,0,0,0,0,0,0,0,0,0,0,0,0,0,0,0,0,0,1,0,0,pre_early,0,0,0,1,0,0,0,0,0,0,0,0,0,0,0,0,0,none,k0p0,,,,,0,,,0,0,0,,,,,,,,,,,,,,,,,
P00342,K23,,2014,NHLBI,pre_policy,0,1,1,1,1,1,1,1,0,1,1,0,1,0,1,1,0,1,1,0,0,0,1,0,1,1,1,1,1,1,1,1,1,0,1,pre_early,0,0,0,1,1,0,1,0,0,1,1,1,1,1,1,1,0,new_trial,k1p1,,,,,0,,,0,0,1,1,0,1,0,0,1,0,0,0,0,1,0,0,1,1,0,0
P00343,K23,,2014,NHLBI,pre_policy,0,0,0,0,0,0,0,0,0,0,0,0,0,0,0,0,0,0,0,0,0,0,0,0,0,0,0,0,0,0,0,0,1,0,0,pre_early,0,0,0,1,0,0,0,0,0,0,0,0,0,0,0,0,0,none,k0p0,,,,,0,,,0,0,0,,,,,,,,,,,,,,,,,
P00344,K23,,2014,NHLBI,pre_policy,0,0,0,0,0,0,0,0,0,0,0,0,0,0,0,0,0,0,0,0,0,0,0,0,0,0,0,0,0,0,0,0,1,0,0,pre_early,0,0,0,1,0,0,0,0,0,0,0,0,0,0,0,0,0,none,k0p0,,,,,0,,,0,0,0,,,,,,,,,,,,,,,,,
P00345,K08,,2014,NIMH,pre_policy,0,0,0,0,0,0,0,0,0,0,0,0,0,0,0,0,0,0,0,0,0,0,0,0,0,0,0,0,0,0,0,0,1,1,0,pre_early,0,0,0,1,0,0,0,0,0,0,0,0,0,0,0,0,0,none,k0p0,,,,,0,,,0,0,0,,,,,,,,,,,,,,,,,
P00346,K23,,2014,NHLBI,pre_policy,0,0,0,0,0,0,0,0,0,0,0,0,0,0,0,0,0,0,0,0,0,0,0,0,0,0,0,0,0,0,0,0,1,0,0,pre_early,0,0,0,1,0,0,0,0,0,0,0,0,0,0,0,0,1,none,k0p0,k0p0,k0p0,k0p0,k0p0,0,,,0,0,0,,,,,,,,,,,,,,,,,
P00347,K23,,2014,NIAID,pre_policy,0,0,0,0,0,0,0,0,0,0,0,0,0,0,0,0,0,0,0,0,0,0,0,0,0,0,1,0,0,1,0,0,1,0,0,pre_early,0,0,0,1,0,0,0,0,0,0,0,0,0,0,0,0,0,none,k0p0,,,,,0,,,0,0,0,,,,,,,,,,,,,,,,,
P00348,K23,,2014,NIAID,pre_policy,0,0,0,0,0,0,0,0,0,0,0,0,0,0,0,0,0,0,0,0,0,0,0,0,0,0,1,0,0,1,0,0,1,0,0,pre_early,0,0,0,1,0,0,0,0,0,0,0,0,0,0,0,0,0,none,k0p0,,,,,0,,,0,0,0,,,,,,,,,,,,,,,,,
P00349,K08,,2014,NHLBI,pre_policy,0,0,0,0,0,0,0,1,0,0,0,0,0,0,0,0,0,0,0,0,0,0,0,0,0,1,1,1,1,1,1,1,1,0,0,pre_early,0,0,0,1,0,0,0,0,0,0,0,0,0,0,0,0,0,none,k0p0,,,,,0,,,0,0,0,,,,,,,,,,,,,,,,,
P00350,K23,,2014,NIAID,pre_policy,0,0,0,0,0,0,0,1,0,0,0,0,0,0,0,0,0,0,0,0,0,0,0,0,0,1,1,1,1,1,1,1,1,0,0,pre_early,0,0,0,1,0,0,0,0,0,0,0,0,0,0,0,0,0,none,k0p0,,,,,0,,,0,0,0,,,,,,,,,,,,,,,,,
P00351,K23,,2014,NIMH,pre_policy,0,1,0,0,0,0,0,0,0,0,0,0,0,0,0,0,0,0,0,0,0,0,0,0,0,0,0,0,0,0,0,0,1,0,0,pre_early,0,0,0,1,0,0,0,0,0,0,0,0,0,0,0,0,0,none,k0p0,,,,,0,,,0,0,1,0,0,0,0,0,0,0,0,0,0,0,0,0,0,0,0,0
P00352,K08,,2014,NHLBI,pre_policy,0,0,0,0,0,0,0,0,0,0,0,0,0,0,0,0,0,0,0,0,0,0,0,0,0,0,0,0,0,0,0,0,1,0,0,pre_early,0,0,0,1,0,0,0,0,0,0,0,0,0,0,0,0,0,none,k0p0,,,,,0,,,0,0,0,,,,,,,,,,,,,,,,,
P00353,K23,,2014,NIMH,pre_policy,0,1,1,1,0,0,0,1,0,1,0,0,1,1,1,1,0,1,1,1,1,1,1,0,1,1,1,1,1,1,1,1,1,0,0,pre_early,1,1,1,1,1,0,1,0,0,1,1,1,1,1,1,1,1,new_trial,k1p1,k1p1,k1p1,k1p1,k1p1,0,,,0,0,1,1,0,0,0,1,0,0,1,0,0,1,1,1,0,1,1,1
P00354,K08,,2015,NIAID,pre_policy,0,0,0,0,0,0,0,0,0,0,0,0,0,0,0,0,0,0,0,0,0,0,0,0,0,0,1,0,0,1,0,0,1,0,0,pre_early,0,0,0,1,0,0,0,0,0,0,0,0,0,0,0,0,0,none,k0p0,,,,,0,,,0,0,0,,,,,,,,,,,,,,,,,
P00355,K23,,2015,NCCIH,pre_policy,0,1,1,1,0,1,0,0,0,1,0,0,1,0,1,0,0,1,0,0,0,0,1,1,0,0,0,0,0,0,0,0,1,0,0,pre_early,1,0,0,1,1,0,0,1,0,0,1,1,1,1,0,1,0,new_trial,k1p1,,,,,0,,,0,0,1,1,0,1,0,0,1,0,0,0,1,1,1,1,0,0,0,0
P00356,K23,,2015,NCCIH,pre_policy,0,1,0,1,0,0,1,0,0,1,0,0,0,0,0,0,0,1,0,0,0,0,1,1,0,0,0,0,0,0,0,0,1,0,1,pre_early,1,1,0,1,0,0,0,1,0,0,1,0,1,0,0,0,0,ktrial_only,k1p0,,,,,0,,,0,0,1,1,0,1,0,0,1,0,0,0,1,1,1,1,0,1,1,1
P00357,K08,,2015,NIDDK,pre_policy,0,0,0,0,0,0,0,0,0,0,0,0,0,0,0,0,0,0,0,0,0,0,0,0,0,0,0,0,0,0,0,0,1,0,0,pre_early,0,0,0,1,0,0,0,0,0,0,0,0,0,0,0,0,0,none,k0p0,,,,,0,,,0,0,0,,,,,,,,,,,,,,,,,
P00358,K23,,2015,NIAID,pre_policy,0,1,1,1,0,0,0,0,1,0,0,0,1,1,1,1,0,0,1,0,1,1,0,0,0,0,0,0,0,1,0,0,1,0,0,pre_early,0,0,0,1,1,0,1,0,0,0,0,1,0,1,1,1,0,new_trial,k0p1,,,,,0,,,0,0,1,0,0,0,0,0,0,0,0,0,0,0,0,0,0,0,0,0
P00359,K08,,2015,NIAID,pre_policy,0,0,0,0,0,0,0,0,0,0,0,0,0,0,0,0,0,0,0,0,0,0,0,0,0,0,0,0,0,0,0,0,1,0,0,pre_early,0,0,0,1,0,0,0,0,0,0,0,0,0,0,0,0,0,none,k0p0,,,,,0,,,0,0,0,,,,,,,,,,,,,,,,,
P00360,K08,,2015,NIAID,pre_policy,0,0,0,0,0,0,0,1,0,0,0,0,0,0,0,0,0,0,0,0,0,0,0,0,0,1,1,1,1,1,1,1,1,0,0,pre_early,0,0,0,1,0,0,0,0,0,0,0,0,0,0,0,0,0,none,k0p0,,,,,0,,,0,0,0,,,,,,,,,,,,,,,,,
P00361,K08,,2015,NIAID,pre_policy,0,0,0,0,0,0,0,0,0,0,0,0,0,0,0,0,0,0,0,0,0,0,0,0,0,0,0,0,0,0,0,0,1,0,0,pre_early,0,0,0,1,0,0,0,0,0,0,0,0,0,0,0,0,0,none,k0p0,,,,,0,,,0,0,0,,,,,,,,,,,,,,,,,
P00362,K23,,2015,NIGMS,pre_policy,0,0,0,0,0,0,0,0,0,0,0,0,0,0,0,0,0,0,0,0,0,0,0,0,0,0,0,0,0,0,0,0,1,0,0,pre_early,0,0,0,1,1,1,1,0,0,0,0,0,0,0,0,1,0,none,k0p0,,,,,0,,,0,0,0,,,,,,,,,,,,,,,,,
P00363,K23,,2015,NIGMS,pre_policy,0,0,1,1,0,1,0,0,0,1,0,0,1,0,1,1,0,1,1,0,0,0,1,1,0,1,1,1,1,1,1,1,1,0,0,pre_early,1,0,0,1,1,0,1,1,0,0,1,1,1,1,1,1,0,new_trial,k1p1,,,,,0,,,0,0,0,,,,,,,,,,,,,,,,,
P00364,K08,,2015,NIAID,pre_policy,0,0,0,0,0,0,1,0,0,0,0,0,0,0,0,0,0,0,0,0,0,0,0,0,0,0,1,0,0,1,0,0,1,0,1,pre_early,0,0,0,1,0,0,0,0,0,0,0,0,0,0,0,0,0,none,k0p0,,,,,0,,,0,0,0,,,,,,,,,,,,,,,,,
P00365,K23,,2015,NIMH,pre_policy,0,0,0,0,0,0,0,1,0,0,0,0,0,0,0,0,0,0,0,0,0,0,0,0,0,1,1,1,1,1,1,1,1,0,0,pre_early,0,0,0,1,0,0,0,0,0,0,0,0,0,0,0,0,0,none,k0p0,,,,,0,,,0,0,0,,,,,,,,,,,,,,,,,
P00366,K08,,2015,NIGMS,pre_policy,0,0,0,0,0,0,0,0,0,0,0,0,0,0,0,0,0,0,0,0,0,0,0,0,0,0,1,0,0,1,0,0,1,0,0,pre_early,0,0,0,1,0,0,0,0,0,0,0,0,0,0,0,0,0,none,k0p0,,,,,0,,,0,0,0,,,,,,,,,,,,,,,,,
P00367,K08,,2015,NIAID,pre_policy,0,0,0,0,0,0,0,0,0,0,0,0,0,0,0,0,0,0,0,0,0,0,0,0,0,0,1,0,0,1,0,0,1,0,0,pre_early,0,0,0,1,0,0,0,0,0,0,0,0,0,0,0,0,0,none,k0p0,,,,,0,,,0,0,0,,,,,,,,,,,,,,,,,
P00368,K23,,2015,NIA,pre_policy,0,1,1,1,0,1,0,0,0,0,0,0,0,0,1,1,0,0,1,0,1,1,0,0,0,0,0,0,0,0,0,0,1,1,0,pre_early,0,0,0,1,1,0,1,0,0,0,0,1,0,1,1,1,0,new_trial,k0p1,,,,,0,,,0,0,0,,,,,,,,,,,,,,,,,
P00369,K23,,2015,NICHD,pre_policy,0,1,1,1,0,1,0,0,0,0,0,0,1,0,1,1,0,0,1,0,0,0,0,0,0,0,0,0,0,0,0,0,1,0,0,pre_early,0,0,0,1,1,0,1,0,0,0,0,1,0,1,1,1,0,new_trial,k0p1,,,,,0,,,0,0,1,0,0,0,0,0,0,0,0,0,0,0,0,0,0,0,0,0
P00370,K23,,2015,NIDA,pre_policy,0,0,0,0,0,0,0,1,0,0,0,0,0,0,0,0,0,0,0,0,0,0,0,0,0,1,1,1,1,1,1,1,1,0,0,pre_early,0,0,0,1,0,0,0,0,0,0,0,0,0,0,0,0,0,none,k0p0,,,,,0,,,0,0,0,,,,,,,,,,,,,,,,,
P00371,K23,,2015,NIDA,pre_policy,0,1,0,1,0,0,0,0,0,1,0,0,0,0,0,0,0,1,0,0,0,0,1,0,1,0,0,0,0,0,0,0,1,0,0,pre_early,1,1,1,1,0,0,0,0,0,1,1,0,1,0,0,0,0,ktrial_only,k1p0,,,,,0,,,0,0,1,1,0,1,0,0,1,0,0,0,0,1,1,1,0,1,0,0
P00372,K23,,2015,NIDA,pre_policy,0,1,0,0,0,0,1,0,0,0,0,0,0,0,0,0,0,0,0,0,0,0,0,0,0,0,0,0,0,0,0,0,1,0,1,pre_early,0,0,0,1,0,0,0,0,0,0,0,0,0,0,0,0,0,none,k0p0,,,,,0,,,0,0,1,0,0,0,0,0,0,0,0,0,0,0,0,0,0,0,0,0
P00373,K08,,2015,NIDA,pre_policy,0,0,0,0,0,0,0,1,0,0,0,0,0,0,0,0,0,0,0,0,0,0,0,0,0,1,1,1,1,1,1,1,1,0,0,pre_early,0,0,0,1,0,0,0,0,0,0,0,0,0,0,0,0,0,none,k0p0,,,,,0,,,0,0,0,,,,,,,,,,,,,,,,,
P00374,K08,,2015,NIAID,pre_policy,0,0,0,0,0,0,0,0,0,0,0,0,0,0,0,0,0,0,0,0,0,0,0,0,0,0,0,0,0,0,0,0,1,0,0,pre_early,0,0,0,1,0,0,0,0,0,0,0,0,0,0,0,0,0,none,k0p0,,,,,0,,,0,0,0,,,,,,,,,,,,,,,,,
P00375,K08,,2015,NIAID,pre_policy,0,0,0,0,0,0,0,0,0,0,0,0,0,0,0,0,0,0,0,0,0,0,0,0,0,0,1,0,0,1,0,0,1,0,0,pre_early,0,0,0,1,0,0,0,0,0,0,0,0,0,0,0,0,0,none,k0p0,,,,,0,,,0,0,0,,,,,,,,,,,,,,,,,
P00376,K08,,2015,NIAID,pre_policy,0,0,0,0,0,0,0,0,0,0,0,0,0,0,0,0,0,0,0,0,0,0,0,0,0,1,1,1,1,1,1,1,1,0,0,pre_early,0,0,0,1,0,0,0,0,0,0,0,0,0,0,0,0,0,none,k0p0,,,,,0,,,0,0,0,,,,,,,,,,,,,,,,,
P00377,K08,,2015,NIMH,pre_policy,0,0,0,0,0,0,0,0,0,0,0,0,0,0,0,0,0,0,0,0,0,0,0,0,0,0,0,0,0,0,0,0,1,0,0,pre_early,0,0,0,1,0,0,0,0,0,0,0,0,0,0,0,0,0,none,k0p0,,,,,0,,,0,0,0,,,,,,,,,,,,,,,,,
P00378,K08,,2015,NIAID,pre_policy,0,0,0,0,0,0,0,0,0,0,0,0,0,0,0,0,0,0,0,0,0,0,0,0,0,0,1,0,0,1,0,0,1,0,0,pre_early,0,0,0,1,0,0,0,0,0,0,0,0,0,0,0,0,0,none,k0p0,,,,,0,,,0,0,0,,,,,,,,,,,,,,,,,
P00379,K23,,2015,NIAMS,pre_policy,0,0,0,0,0,0,0,0,0,0,0,0,0,0,0,0,0,0,0,0,0,0,0,0,0,0,0,0,0,0,0,0,1,0,0,pre_early,0,0,0,1,1,1,1,0,0,0,0,0,0,0,0,1,0,none,k0p0,,,,,0,,,0,0,0,,,,,,,,,,,,,,,,,
P00380,K23,,2015,NIMH,pre_policy,0,1,1,1,0,1,0,0,0,1,0,0,1,0,1,0,1,1,1,0,1,0,1,1,0,0,0,0,0,0,0,0,1,0,0,pre_early,0,0,0,1,1,0,1,1,0,0,1,1,1,1,1,1,0,new_trial,k1p1,,,,,0,,,0,0,1,1,1,0,0,0,1,0,0,1,0,1,0,0,0,0,0,0
P00381,K23,,2015,NIDA,pre_policy,0,0,0,0,0,0,0,0,0,0,0,0,0,0,0,0,0,0,0,0,0,0,0,0,0,0,1,0,0,1,0,0,1,0,0,pre_early,0,0,0,1,0,0,0,0,0,0,0,0,0,0,0,0,0,none,k0p0,,,,,0,,,0,0,0,,,,,,,,,,,,,,,,,
P00382,K23,,2015,NIAAA,pre_policy,0,1,0,1,0,0,0,0,0,1,0,0,0,0,0,0,0,1,0,0,0,0,1,1,0,0,0,0,0,0,0,0,1,0,0,pre_early,1,1,1,1,0,0,0,1,0,0,1,0,1,0,0,0,0,ktrial_only,k1p0,,,,,0,,,0,0,1,1,1,0,0,0,1,0,0,1,0,1,1,0,0,1,0,0
P00383,K23,,2015,NIAID,pre_policy,0,0,0,0,0,0,0,0,0,0,0,0,0,0,0,0,0,0,0,0,0,0,0,0,0,0,1,0,0,1,0,0,1,0,0,pre_early,0,0,0,1,0,0,0,0,0,0,0,0,0,0,0,0,0,none,k0p0,,,,,0,,,0,0,0,,,,,,,,,,,,,,,,,
P00384,K08,,2015,NIDA,pre_policy,0,0,0,0,0,0,0,0,0,0,0,0,0,0,0,0,0,0,0,0,0,0,0,0,0,0,0,0,0,0,0,0,1,0,0,pre_early,0,0,0,1,0,0,0,0,0,0,0,0,0,0,0,0,0,none,k0p0,,,,,0,,,0,0,0,,,,,,,,,,,,,,,,,
P00385,K08,,2015,NIAID,pre_policy,0,0,0,0,0,0,0,0,0,0,0,0,0,0,0,0,0,0,0,0,0,0,0,0,0,0,0,0,0,0,0,0,1,0,0,pre_early,0,0,0,1,0,0,0,0,0,0,0,0,0,0,0,0,0,none,k0p0,,,,,0,,,0,0,0,,,,,,,,,,,,,,,,,
P00386,K23,,2015,NIDCD,pre_policy,0,1,1,1,1,1,1,1,0,0,0,1,1,0,1,1,0,0,1,0,0,0,1,0,0,1,1,1,1,1,1,1,1,0,0,pre_early,0,0,0,1,1,0,1,0,0,0,0,1,0,1,1,1,0,new_trial,k0p1,,,,,0,,,0,0,1,0,0,0,0,0,0,0,0,0,0,0,0,0,0,0,0,0
P00387,K08,,2015,NHLBI,pre_policy,0,0,0,0,0,0,0,0,0,0,0,0,0,0,0,0,0,0,0,0,0,0,0,0,0,0,0,0,0,0,0,0,1,0,0,pre_early,0,0,0,1,0,0,0,0,0,0,0,0,0,0,0,0,0,none,k0p0,,,,,0,,,0,0,0,,,,,,,,,,,,,,,,,
P00388,K08,,2015,NHLBI,pre_policy,0,0,0,0,0,0,0,0,0,0,0,0,0,0,0,0,0,0,0,0,0,0,0,0,0,0,1,0,0,1,0,0,1,0,0,pre_early,0,0,0,1,0,0,0,0,0,0,0,0,0,0,0,0,0,none,k0p0,,,,,0,,,0,0,0,,,,,,,,,,,,,,,,,
P00389,K08,,2015,NIDDK,pre_policy,0,0,0,0,0,0,0,0,0,0,0,0,0,0,0,0,0,0,0,0,0,0,0,0,0,0,0,0,0,0,0,0,1,0,0,pre_early,0,0,0,1,0,0,0,0,0,0,0,0,0,0,0,0,0,none,k0p0,,,,,0,,,0,0,0,,,,,,,,,,,,,,,,,
P00390,K23,,2015,NINDS,pre_policy,0,0,0,0,0,0,0,0,0,0,0,0,0,0,0,0,0,0,0,0,0,0,0,0,0,0,0,0,0,0,0,0,1,0,0,pre_early,0,0,0,1,0,0,0,0,0,0,0,0,0,0,0,0,0,none,k0p0,,,,,0,,,0,0,0,,,,,,,,,,,,,,,,,
P00391,K23,,2015,NIDA,pre_policy,0,1,0,0,0,0,0,0,1,0,0,0,0,0,0,0,0,0,0,0,0,0,0,0,0,0,0,0,0,0,0,0,1,0,0,pre_early,0,0,0,1,1,1,1,0,0,0,0,0,0,0,0,1,0,none,k0p0,,,,,1,1,1,0,0,1,0,0,0,0,0,0,0,0,0,0,0,0,0,0,0,0,0
P00392,K23,,2015,NIAMS,pre_policy,0,1,0,0,0,0,0,0,0,0,0,0,0,0,0,0,0,0,0,0,0,0,0,0,0,0,0,0,0,0,0,0,1,0,0,pre_early,0,0,0,1,0,0,0,0,0,0,0,0,0,0,0,0,1,none,k0p0,k0p0,k0p0,k0p0,k0p0,0,,,0,0,1,0,0,0,0,0,0,0,0,0,0,0,0,0,0,0,0,0
P00393,K08,,2015,NIAMS,pre_policy,0,0,0,0,0,0,0,1,0,0,0,0,0,0,0,0,0,0,0,0,0,0,0,0,0,1,1,1,1,1,1,1,1,0,0,pre_early,0,0,0,1,0,0,0,0,0,0,0,0,0,0,0,0,0,none,k0p0,,,,,0,,,0,0,0,,,,,,,,,,,,,,,,,
P00394,K23,,2015,NICHD,pre_policy,0,0,0,0,0,0,0,0,0,0,0,0,0,0,0,0,0,0,0,0,0,0,0,0,0,0,0,0,0,0,0,0,1,0,0,pre_early,0,0,0,1,0,0,0,0,0,0,0,0,0,0,0,0,0,none,k0p0,,,,,0,,,0,0,0,,,,,,,,,,,,,,,,,
P00395,K23,,2015,NHLBI,pre_policy,0,0,0,0,0,0,0,0,0,0,0,0,0,0,0,0,0,0,0,0,0,0,0,0,0,0,1,0,0,1,0,0,1,0,0,pre_early,0,0,0,1,0,0,0,0,0,0,0,0,0,0,0,0,0,none,k0p0,,,,,0,,,0,0,0,,,,,,,,,,,,,,,,,
P00396,K23,,2015,NHLBI,pre_policy,0,0,0,0,0,0,0,0,0,0,0,0,0,0,0,0,0,0,0,0,0,0,0,0,0,0,0,0,0,0,0,0,1,0,0,pre_early,0,0,0,1,0,0,0,0,0,0,0,0,0,0,0,0,0,none,k0p0,,,,,0,,,0,0,0,,,,,,,,,,,,,,,,,
P00397,K23,,2015,NHLBI,pre_policy,0,1,0,1,0,0,0,0,0,1,1,0,0,0,0,0,0,1,0,0,0,0,1,1,0,0,1,0,0,1,0,0,1,0,0,pre_early,0,0,0,1,0,0,0,1,0,0,1,0,1,0,0,0,1,ktrial_only,k1p0,k1p0,k1p0,k1p0,k1p0,0,,,0,0,1,1,0,1,0,0,1,0,0,0,1,1,0,0,1,1,0,0
P00398,K23,,2015,NINDS,pre_policy,0,0,0,0,0,0,0,0,0,0,0,0,0,0,0,0,0,0,0,0,0,0,0,0,0,0,0,0,0,0,0,0,1,0,0,pre_early,0,0,0,1,0,0,0,0,0,0,0,0,0,0,0,0,0,none,k0p0,,,,,0,,,0,0,0,,,,,,,,,,,,,,,,,
P00399,K08,,2015,NINDS,pre_policy,0,0,0,0,0,0,0,0,0,0,0,0,0,0,0,0,0,0,0,0,0,0,0,0,0,0,1,0,0,1,0,0,1,0,0,pre_early,0,0,0,1,0,0,0,0,0,0,0,0,0,0,0,0,0,none,k0p0,,,,,0,,,0,0,0,,,,,,,,,,,,,,,,,
P00400,K08,,2015,NHLBI,pre_policy,0,0,0,0,0,0,0,0,0,0,0,0,0,0,0,0,0,0,0,0,0,0,0,0,0,0,0,0,0,0,0,0,1,0,0,pre_early,0,0,0,1,0,0,0,0,0,0,0,0,0,0,0,0,0,none,k0p0,,,,,0,,,0,0,0,,,,,,,,,,,,,,,,,
P00401,K23,,2015,NHLBI,pre_policy,0,0,1,1,0,1,1,0,0,0,0,0,0,0,1,0,0,0,0,0,0,0,0,0,0,0,0,0,0,0,0,0,1,0,1,pre_early,0,0,0,1,1,0,1,0,0,0,0,1,0,1,1,1,1,new_trial,k0p1,k0p1,k0p1,k0p1,k0p1,0,,,0,0,0,,,,,,,,,,,,,,,,,
P00402,K08,,2015,NHLBI,pre_policy,0,0,0,0,0,0,0,0,0,0,0,0,0,0,0,0,0,0,0,0,0,0,0,0,0,0,1,0,0,1,0,0,1,0,0,pre_early,0,0,0,1,0,0,0,0,0,0,0,0,0,0,0,0,0,none,k0p0,,,,,0,,,0,0,0,,,,,,,,,,,,,,,,,
P00403,K08,,2015,NIDDK,pre_policy,0,0,0,0,0,0,0,0,0,0,0,0,0,0,0,0,0,0,0,0,0,0,0,0,0,0,1,0,0,1,0,0,1,0,0,pre_early,0,0,0,1,0,0,0,0,0,0,0,0,0,0,0,0,0,none,k0p0,,,,,0,,,0,0,0,,,,,,,,,,,,,,,,,
P00404,K08,,2015,NHLBI,pre_policy,0,0,0,0,0,0,0,0,0,0,0,0,0,0,0,0,0,0,0,0,0,0,0,0,0,0,0,0,0,0,0,0,1,0,0,pre_early,0,0,0,1,0,0,0,0,0,0,0,0,0,0,0,0,0,none,k0p0,,,,,0,,,0,0,0,,,,,,,,,,,,,,,,,
P00405,K23,,2015,NINDS,pre_policy,0,0,0,0,0,0,0,1,0,0,0,0,0,0,0,0,0,0,0,0,0,0,0,0,0,1,1,1,1,1,1,1,1,0,0,pre_early,0,0,0,1,0,0,0,0,0,0,0,0,0,0,0,0,0,none,k0p0,,,,,0,,,0,0,0,,,,,,,,,,,,,,,,,
P00406,K23,,2015,NIDCD,pre_policy,0,1,1,1,0,1,1,0,0,0,0,0,1,0,1,0,0,0,1,0,0,0,0,0,0,0,0,0,0,0,0,0,1,0,1,pre_early,0,0,0,1,1,0,1,0,0,0,0,1,0,1,1,1,0,new_trial,k0p1,,,,,0,,,0,0,1,0,0,0,0,0,0,0,0,0,0,0,0,0,0,0,0,0
P00407,K08,,2015,NINDS,pre_policy,0,0,0,0,0,0,0,0,0,0,0,0,0,0,0,0,0,0,0,0,0,0,0,0,0,0,0,0,0,0,0,0,1,0,0,pre_early,0,0,0,1,0,0,0,0,0,0,0,0,0,0,0,0,0,none,k0p0,,,,,0,,,0,0,0,,,,,,,,,,,,,,,,,
P00408,K23,,2015,NIGMS,pre_policy,0,0,1,1,0,1,1,0,0,0,0,1,1,0,1,0,0,0,1,0,0,0,0,0,0,0,0,0,0,0,0,0,1,0,1,pre_early,0,0,0,1,1,0,1,0,0,0,0,1,0,1,1,1,0,new_trial,k0p1,,,,,0,,,0,0,0,,,,,,,,,,,,,,,,,
P00409,K23,,2015,NHLBI,pre_policy,0,0,0,0,0,0,1,0,0,0,0,0,0,0,0,0,0,0,0,0,0,0,0,0,0,0,1,0,0,1,0,0,1,0,1,pre_early,0,0,0,1,0,0,0,0,0,0,0,0,0,0,0,0,0,none,k0p0,,,,,0,,,0,0,0,,,,,,,,,,,,,,,,,
P00410,K23,,2015,NIDA,pre_policy,0,1,0,0,0,0,0,0,0,0,0,0,0,0,0,0,0,0,0,0,0,0,0,0,0,0,0,0,0,0,0,0,1,0,0,pre_early,0,0,0,1,0,0,0,0,0,0,0,0,0,0,0,0,0,none,k0p0,,,,,0,,,0,0,1,0,0,0,0,0,0,0,0,0,0,0,0,0,0,0,0,0
P00411,K23,,2015,NIDCD,pre_policy,0,0,0,0,0,0,0,0,0,0,0,0,0,0,0,0,0,0,0,0,0,0,0,0,0,0,0,0,0,0,0,0,1,0,0,pre_early,0,0,0,1,0,0,0,0,0,0,0,0,0,0,0,0,0,none,k0p0,,,,,0,,,0,0,0,,,,,,,,,,,,,,,,,
P00412,K23,,2015,NICHD,pre_policy,0,1,0,0,0,0,0,0,0,0,0,0,0,0,0,0,0,0,0,0,0,0,0,0,0,0,0,0,0,0,0,0,1,0,0,pre_early,0,0,0,1,0,0,0,0,0,0,0,0,0,0,0,0,0,none,k0p0,,,,,0,,,0,0,1,0,0,0,0,0,0,0,0,0,0,0,0,0,0,0,0,0
P00413,K08,,2015,NHLBI,pre_policy,0,0,1,1,0,1,0,0,0,0,0,0,0,0,1,1,0,0,1,0,0,0,0,0,0,0,0,0,0,0,0,0,1,0,0,pre_early,0,0,0,1,1,0,1,0,0,0,0,1,0,1,1,1,0,new_trial,k0p1,,,,,0,,,0,0,0,,,,,,,,,,,,,,,,,
P00414,K08,,2015,NHLBI,pre_policy,0,0,0,0,0,0,0,0,0,0,0,0,0,0,0,0,0,0,0,0,0,0,0,0,0,0,0,0,0,0,0,0,1,0,0,pre_early,0,0,0,1,0,0,0,0,0,0,0,0,0,0,0,0,0,none,k0p0,,,,,0,,,0,0,0,,,,,,,,,,,,,,,,,
P00415,K23,,2015,NINDS,pre_policy,0,0,0,0,0,0,0,0,0,0,0,0,0,0,0,0,0,0,0,0,0,0,0,0,0,0,0,0,0,0,0,0,1,0,0,pre_early,0,0,0,1,0,0,0,0,0,0,0,0,0,0,0,0,0,none,k0p0,,,,,0,,,0,0,0,,,,,,,,,,,,,,,,,
P00416,K08,,2015,NIDDK,pre_policy,0,0,0,0,0,0,0,0,0,0,0,0,0,0,0,0,0,0,0,0,0,0,0,0,0,0,0,0,0,0,0,0,1,0,0,pre_early,0,0,0,1,0,0,0,0,0,0,0,0,0,0,0,0,0,none,k0p0,,,,,0,,,0,0,0,,,,,,,,,,,,,,,,,
P00417,K08,,2015,NICHD,pre_policy,0,0,0,0,0,0,0,0,0,0,0,0,0,0,0,0,0,0,0,0,0,0,0,0,0,0,0,0,0,0,0,0,1,0,0,pre_early,0,0,0,1,0,0,0,0,0,0,0,0,0,0,0,0,0,none,k0p0,,,,,0,,,0,0,0,,,,,,,,,,,,,,,,,
P00418,K23,,2015,NIDDK,pre_policy,0,1,0,1,0,0,0,0,0,1,0,0,0,0,0,0,0,1,0,0,0,0,1,1,0,0,1,0,0,1,0,0,1,0,0,pre_early,1,0,0,1,0,0,0,1,0,0,1,0,1,0,0,0,0,ktrial_only,k1p0,,,,,0,,,0,0,1,1,1,0,0,0,1,0,0,1,0,1,1,1,0,0,0,0
P00419,K08,,2015,NHLBI,pre_policy,0,0,0,0,0,0,0,0,0,0,0,0,0,0,0,0,0,0,0,0,0,0,0,0,0,0,0,0,0,0,0,0,1,0,0,pre_early,0,0,0,1,0,0,0,0,0,0,0,0,0,0,0,0,0,none,k0p0,,,,,0,,,0,0,0,,,,,,,,,,,,,,,,,
P00420,K08,,2015,NHLBI,pre_policy,0,0,0,0,0,0,0,0,0,0,0,0,0,0,0,0,0,0,0,0,0,0,0,0,0,0,0,0,0,1,0,0,1,0,0,pre_early,0,0,0,1,0,0,0,0,0,0,0,0,0,0,0,0,0,none,k0p0,,,,,0,,,0,0,0,,,,,,,,,,,,,,,,,
P00421,K23,,2015,NIAMS,pre_policy,0,1,0,0,0,0,0,0,0,0,0,0,0,0,0,0,0,0,0,0,0,0,0,0,0,0,0,0,0,0,0,0,1,0,0,pre_early,0,0,0,1,0,0,0,0,0,0,0,0,0,0,0,0,0,none,k0p0,,,,,0,,,0,0,1,0,0,0,0,0,0,0,0,0,0,0,0,0,0,0,0,0
P00422,K23,,2015,NIDDK,pre_policy,0,0,0,0,0,0,0,0,0,0,0,0,0,0,0,0,0,0,0,0,0,0,0,0,0,0,0,0,0,0,0,0,1,0,0,pre_early,0,0,0,1,1,1,1,0,0,0,0,0,0,0,0,1,0,none,k0p0,,,,,0,,,0,0,0,,,,,,,,,,,,,,,,,
P00423,K23,,2015,NHLBI,pre_policy,0,1,1,1,0,0,0,0,0,1,0,0,1,0,1,1,0,1,1,0,0,0,1,1,0,0,0,0,0,0,0,0,1,0,0,pre_early,1,1,1,1,1,0,1,1,0,0,1,1,1,1,1,1,0,new_trial,k1p1,,,,,0,,,0,0,1,1,1,0,0,0,1,0,0,1,0,1,1,1,0,1,1,1
P00424,K23,,2015,NICHD,pre_policy,0,0,0,0,0,0,0,1,0,0,0,0,0,0,0,0,0,0,0,0,0,0,0,0,0,1,1,1,1,1,1,1,1,0,0,pre_early,0,0,0,1,0,0,0,0,0,0,0,0,0,0,0,0,0,none,k0p0,,,,,0,,,0,0,0,,,,,,,,,,,,,,,,,
P00425,K08,,2015,NIDA,pre_policy,0,0,0,0,0,0,0,1,0,0,0,0,0,0,0,0,0,0,0,0,0,0,0,0,0,1,1,1,1,1,1,1,1,0,0,pre_early,0,0,0,1,0,0,0,0,0,0,0,0,0,0,0,0,0,none,k0p0,,,,,0,,,0,0,0,,,,,,,,,,,,,,,,,
P00426,K23,,2015,NIMH,pre_policy,0,0,0,0,0,0,0,0,0,0,0,0,0,0,0,0,0,0,0,0,0,0,0,0,0,0,0,0,0,0,0,0,1,0,0,pre_early,0,0,0,1,0,0,0,0,0,0,0,0,0,0,0,0,0,none,k0p0,,,,,0,,,0,0,0,,,,,,,,,,,,,,,,,
P00427,K23,,2015,NIMH,pre_policy,0,0,0,0,0,0,0,1,1,0,0,0,0,0,0,0,0,0,0,0,0,0,0,0,0,1,1,1,1,1,1,1,1,0,0,pre_early,0,0,0,1,0,0,0,0,0,0,0,0,0,0,0,0,0,none,k0p0,,,,,0,,,0,0,0,,,,,,,,,,,,,,,,,
P00428,K23,,2015,NICHD,pre_policy,0,0,0,0,0,0,0,0,0,0,0,0,0,0,0,0,0,0,0,0,0,0,0,0,0,0,0,0,0,0,0,0,1,0,0,pre_early,0,0,0,1,0,0,0,0,0,0,0,0,0,0,0,0,0,none,k0p0,,,,,0,,,0,0,0,,,,,,,,,,,,,,,,,
P00429,K08,,2015,NIAAA,pre_policy,0,0,1,1,0,0,0,1,0,0,0,0,1,1,1,1,0,0,1,1,1,1,0,0,0,1,1,1,1,1,1,1,1,0,0,pre_early,0,0,0,1,1,0,1,0,0,0,0,1,0,1,1,1,0,new_trial,k0p1,,,,,0,,,0,0,0,,,,,,,,,,,,,,,,,
P00430,K23,,2015,NIA,pre_policy,0,0,0,0,0,0,0,0,0,0,0,0,0,0,0,0,0,0,0,0,0,0,0,0,0,0,0,0,0,0,0,0,1,0,0,pre_early,0,0,0,1,1,1,1,0,0,0,0,0,0,0,0,1,0,none,k0p0,,,,,0,,,0,0,0,,,,,,,,,,,,,,,,,
P00431,K08,,2015,NHLBI,pre_policy,0,0,0,0,0,0,0,0,0,0,0,0,0,0,0,0,0,0,0,0,0,0,0,0,0,0,0,0,0,0,0,0,1,0,0,pre_early,0,0,0,1,0,0,0,0,0,0,0,0,0,0,0,0,0,none,k0p0,,,,,0,,,0,0,0,,,,,,,,,,,,,,,,,
P00432,K08,,2015,NHLBI,pre_policy,0,0,0,0,0,0,0,1,0,0,0,0,0,0,0,0,0,0,0,0,0,0,0,0,0,1,1,1,1,1,1,1,1,0,0,pre_early,0,0,0,1,0,0,0,0,0,0,0,0,0,0,0,0,0,none,k0p0,,,,,0,,,0,0,0,,,,,,,,,,,,,,,,,
P00433,K08,,2015,NIA,pre_policy,0,0,0,0,0,0,0,1,0,0,0,0,0,0,0,0,0,0,0,0,0,0,0,0,0,1,1,1,1,1,1,1,1,0,0,pre_early,0,0,0,1,0,0,0,0,0,0,0,0,0,0,0,0,0,none,k0p0,,,,,0,,,0,0,0,,,,,,,,,,,,,,,,,
P00434,K08,,2015,NEI,pre_policy,0,0,1,1,0,1,0,0,0,0,0,0,0,0,1,0,0,0,1,0,0,0,0,0,0,0,0,0,0,0,0,0,1,0,0,pre_early,0,0,0,1,1,0,1,0,0,0,0,1,0,1,1,1,0,new_trial,k0p1,,,,,0,,,0,0,0,,,,,,,,,,,,,,,,,
P00435,K08,,2015,NIEHS,pre_policy,0,0,0,0,0,0,0,0,0,0,0,0,0,0,0,0,0,0,0,0,0,0,0,0,0,0,0,0,0,0,0,0,1,0,0,pre_early,0,0,0,1,0,0,0,0,0,0,0,0,0,0,0,0,0,none,k0p0,,,,,0,,,0,0,0,,,,,,,,,,,,,,,,,
P00436,K08,,2015,NEI,pre_policy,0,0,0,0,0,0,0,0,0,0,0,0,0,0,0,0,0,0,0,0,0,0,0,0,0,0,1,0,0,1,0,0,1,0,0,pre_early,0,0,0,1,0,0,0,0,0,0,0,0,0,0,0,0,0,none,k0p0,,,,,0,,,0,0,0,,,,,,,,,,,,,,,,,
P00437,K23,,2015,NHLBI,pre_policy,0,1,0,1,0,0,1,0,0,1,0,0,0,0,0,0,0,1,0,0,0,0,1,1,0,0,1,0,0,1,0,0,1,0,0,pre_early,1,1,1,1,1,1,1,1,0,0,1,0,1,0,0,1,1,ktrial_only,k1p0,k1p0,k1p0,k1p0,k1p0,0,,,0,0,1,1,1,0,0,0,1,0,0,1,0,1,1,1,0,1,1,1
P00438,K23,,2015,NICHD,pre_policy,0,1,0,0,0,0,0,0,0,0,0,0,0,0,0,0,0,0,0,0,0,0,0,0,0,0,0,0,0,0,0,0,1,0,0,pre_early,0,0,0,1,0,0,0,0,0,0,0,0,0,0,0,0,0,none,k0p0,,,,,0,,,0,0,1,0,0,0,0,0,0,0,0,0,0,0,0,0,0,0,0,0
P00439,K23,,2015,NIAID,pre_policy,0,0,0,0,0,0,0,0,0,0,0,0,0,0,0,0,0,0,0,0,0,0,0,0,0,0,0,0,0,0,0,0,1,0,0,pre_early,0,0,0,1,0,0,0,0,0,0,0,0,0,0,0,0,0,none,k0p0,,,,,0,,,0,0,0,,,,,,,,,,,,,,,,,
P00440,K23,,2015,NIGMS,pre_policy,0,0,0,0,0,0,0,0,0,0,0,0,0,0,0,0,0,0,0,0,0,0,0,0,0,0,1,0,0,1,0,0,1,0,0,pre_early,0,0,0,1,0,0,0,0,0,0,0,0,0,0,0,0,0,none,k0p0,,,,,1,0,0,0,0,0,,,,,,,,,,,,,,,,,
P00441,K23,,2015,NIA,pre_policy,0,0,0,0,0,0,0,0,0,0,0,0,0,0,0,0,0,0,0,0,0,0,0,0,0,0,0,0,0,0,0,0,1,0,0,pre_early,0,0,0,1,0,0,0,0,0,0,0,0,0,0,0,0,0,none,k0p0,,,,,0,,,0,0,0,,,,,,,,,,,,,,,,,
P00442,K23,,2015,NIAAA,pre_policy,0,1,0,0,0,0,0,0,0,0,0,0,0,0,0,0,0,0,0,0,0,0,0,0,0,0,0,0,0,0,0,0,1,0,0,pre_early,0,0,0,1,0,0,0,0,0,0,0,0,0,0,0,0,0,none,k0p0,,,,,0,,,0,0,1,0,0,0,0,0,0,0,0,0,0,0,0,0,0,0,0,0
P00443,K08,,2015,NIAID,pre_policy,0,0,0,0,0,0,0,0,0,0,0,0,0,0,0,0,0,0,0,0,0,0,0,0,0,0,1,0,0,1,0,0,1,0,0,pre_early,0,0,0,1,0,0,0,0,0,0,0,0,0,0,0,0,0,none,k0p0,,,,,0,,,0,0,0,,,,,,,,,,,,,,,,,
P00444,K23,,2015,NIMH,pre_policy,0,1,1,1,0,1,0,1,1,0,0,0,1,0,1,1,0,0,1,0,0,0,0,0,0,1,1,1,1,1,1,1,1,0,0,pre_early,0,0,0,1,1,0,1,0,0,0,0,1,0,1,1,1,1,new_trial,k0p1,,,,,0,,,0,0,1,0,0,0,0,0,0,0,0,0,0,0,0,0,0,0,0,0
P00445,K08,,2015,NIDDK,pre_policy,0,0,0,0,0,0,0,0,0,0,0,0,0,0,0,0,0,0,0,0,0,0,0,0,0,0,1,0,0,1,0,0,1,0,0,pre_early,0,0,0,1,0,0,0,0,0,0,0,0,0,0,0,0,0,none,k0p0,,,,,0,,,0,0,0,,,,,,,,,,,,,,,,,
P00446,K23,,2015,NHLBI,pre_policy,0,1,1,1,1,1,0,0,0,1,1,1,1,1,1,1,0,1,1,1,0,0,1,1,0,0,1,0,0,1,0,0,1,0,0,pre_early,1,1,1,1,1,0,1,1,0,0,1,1,1,1,1,1,0,new_trial,k1p1,,,,,0,,,0,0,1,1,1,0,0,0,1,0,0,1,0,1,1,1,0,1,0,0
P00447,K23,,2015,NIEHS,pre_policy,0,1,1,1,0,0,0,0,0,1,0,0,0,0,1,1,0,1,0,0,0,0,1,0,1,0,0,0,0,0,0,0,1,0,0,pre_early,1,0,0,1,1,0,0,0,0,1,1,1,1,1,0,1,1,new_trial,k1p1,k1p1,k1p1,k1p1,k1p1,0,,,0,0,1,1,0,0,0,1,0,0,1,0,0,1,1,1,0,0,1,1
P00448,K23,,2015,NIDDK,pre_policy,0,0,1,1,0,1,0,1,0,0,0,0,0,0,1,1,0,0,1,0,0,0,0,0,0,1,1,1,1,1,1,1,1,0,0,pre_early,0,0,0,1,1,0,1,0,0,0,0,1,0,1,1,1,0,new_trial,k0p1,,,,,0,,,0,0,0,,,,,,,,,,,,,,,,,
P00449,K23,,2015,NICHD,pre_policy,0,0,0,0,0,0,1,0,0,0,0,0,0,0,0,0,0,0,0,0,0,0,1,0,0,0,1,0,0,1,0,0,1,0,0,pre_early,0,0,0,1,0,0,0,0,0,0,0,0,0,0,0,0,0,none,k0p0,,,,,0,,,0,0,0,,,,,,,,,,,,,,,,,
P00450,K08,,2015,NIDDK,pre_policy,0,0,0,0,0,0,0,0,0,0,0,0,0,0,0,0,0,0,0,0,0,0,0,0,0,0,1,0,0,1,0,0,1,0,0,pre_early,0,0,0,1,0,0,0,0,0,0,0,0,0,0,0,0,0,none,k0p0,,,,,0,,,0,0,0,,,,,,,,,,,,,,,,,
P00451,K23,,2015,NIDDK,pre_policy,0,0,0,0,0,0,0,0,0,0,0,0,0,0,0,0,0,0,0,0,0,0,0,0,0,0,0,0,0,0,0,0,1,0,0,pre_early,0,0,0,1,0,0,0,0,0,0,0,0,0,0,0,0,0,none,k0p0,,,,,0,,,0,0,0,,,,,,,,,,,,,,,,,
P00452,K08,,2015,NIDDK,pre_policy,0,0,0,0,0,0,0,0,0,0,0,0,0,0,0,0,0,0,0,0,0,0,0,0,0,0,0,0,0,0,0,0,1,0,0,pre_early,0,0,0,1,0,0,0,0,0,0,0,0,0,0,0,0,0,none,k0p0,,,,,0,,,0,0,0,,,,,,,,,,,,,,,,,
P00453,K23,,2015,NINDS,pre_policy,0,1,0,1,0,0,0,0,0,1,0,0,0,0,0,0,0,1,0,0,0,0,1,1,0,0,0,0,0,0,0,0,1,0,0,pre_early,1,0,0,1,0,0,0,1,0,0,1,0,1,0,0,0,0,ktrial_only,k1p0,,,,,0,,,0,0,1,1,1,0,0,0,1,0,0,1,0,1,1,0,0,0,0,0
P00454,K23,,2015,NIMH,pre_policy,0,0,0,0,0,0,0,0,0,0,0,0,0,0,0,0,0,0,0,0,0,0,0,0,0,0,0,0,0,0,0,0,1,0,0,pre_early,0,0,0,1,0,0,0,0,0,0,0,0,0,0,0,0,0,none,k0p0,,,,,0,,,0,0,0,,,,,,,,,,,,,,,,,
P00455,K23,,2015,NIAID,pre_policy,0,0,0,0,0,0,0,0,0,0,0,0,0,0,0,0,0,0,0,0,0,0,0,0,0,0,0,0,0,1,0,0,1,0,0,pre_early,0,0,0,1,0,0,0,0,0,0,0,0,0,0,0,0,0,none,k0p0,,,,,0,,,0,0,0,,,,,,,,,,,,,,,,,
P00456,K08,,2015,NIAID,pre_policy,0,0,0,0,0,0,0,0,0,0,0,0,0,0,0,0,0,0,0,0,0,0,0,0,0,0,0,0,0,0,0,0,1,0,0,pre_early,0,0,0,1,0,0,0,0,0,0,0,0,0,0,0,0,0,none,k0p0,,,,,0,,,0,0,0,,,,,,,,,,,,,,,,,
P00457,K23,,2015,NIAID,pre_policy,0,0,0,0,0,0,0,0,0,0,0,0,0,0,0,0,0,0,0,0,0,0,0,0,0,0,0,0,1,1,1,1,1,0,0,pre_early,0,0,0,1,1,1,1,0,0,0,0,0,0,0,0,1,0,none,k0p0,,,,,0,,,0,0,0,,,,,,,,,,,,,,,,,
P00458,K08,,2015,NIAID,pre_policy,0,0,0,0,0,0,0,0,0,0,0,0,0,0,0,0,0,0,0,0,0,0,0,0,0,0,0,0,0,0,0,0,1,0,0,pre_early,0,0,0,1,0,0,0,0,0,0,0,0,0,0,0,0,0,none,k0p0,,,,,0,,,0,0,0,,,,,,,,,,,,,,,,,
P00459,K08,,2015,NIAID,pre_policy,0,0,0,0,0,0,0,0,0,0,0,0,0,0,0,0,0,0,0,0,0,0,0,0,0,0,1,0,0,1,0,0,1,0,0,pre_early,0,0,0,1,0,0,0,0,0,0,0,0,0,0,0,0,0,none,k0p0,,,,,0,,,0,0,0,,,,,,,,,,,,,,,,,
P00460,K08,,2015,NIAID,pre_policy,0,0,0,0,0,0,0,0,0,0,0,0,0,0,0,0,0,0,0,0,0,0,0,0,0,0,0,0,0,0,0,0,1,0,0,pre_early,0,0,0,1,0,0,0,0,0,0,0,0,0,0,0,0,0,none,k0p0,,,,,0,,,0,0,0,,,,,,,,,,,,,,,,,
P00461,K08,,2015,NIAID,pre_policy,0,0,0,0,0,0,0,0,0,0,0,0,0,0,0,0,0,0,0,0,0,0,0,0,0,0,0,0,0,0,0,0,1,0,0,pre_early,0,0,0,1,0,0,0,0,0,0,0,0,0,0,0,0,0,none,k0p0,,,,,0,,,0,0,0,,,,,,,,,,,,,,,,,
P00462,K08,,2015,NIAID,pre_policy,0,0,0,0,0,0,0,0,0,0,0,0,0,0,0,0,0,0,0,0,0,0,0,0,0,0,0,0,0,0,0,0,1,0,0,pre_early,0,0,0,1,0,0,0,0,0,0,0,0,0,0,0,0,0,none,k0p0,,,,,0,,,0,0,0,,,,,,,,,,,,,,,,,
P00463,K23,,2015,NIAID,pre_policy,0,0,0,0,0,0,0,1,0,0,0,0,0,0,0,0,0,0,0,0,0,0,0,0,0,1,1,1,1,1,1,1,1,0,0,pre_early,0,0,0,1,0,0,0,0,0,0,0,0,0,0,0,0,0,none,k0p0,,,,,0,,,0,0,0,,,,,,,,,,,,,,,,,
P00464,K23,,2015,NIAID,pre_policy,0,0,0,0,0,0,0,0,0,0,0,0,0,0,0,0,0,0,0,0,0,0,0,0,0,0,0,0,0,1,0,0,1,0,0,pre_early,0,0,0,1,0,0,0,0,0,0,0,0,0,0,0,0,0,none,k0p0,,,,,0,,,0,0,0,,,,,,,,,,,,,,,,,
P00465,K08,,2015,NIAID,pre_policy,0,0,0,0,0,0,0,0,0,0,0,0,0,0,0,0,0,0,0,0,0,0,0,0,0,0,0,0,0,0,0,0,1,0,0,pre_early,0,0,0,1,0,0,0,0,0,0,0,0,0,0,0,0,0,none,k0p0,,,,,0,,,0,0,0,,,,,,,,,,,,,,,,,
P00466,K08,,2015,NIAID,pre_policy,0,0,0,0,0,0,0,0,0,0,0,0,0,0,0,0,0,0,0,0,0,0,0,0,0,0,1,0,0,1,0,0,1,0,0,pre_early,0,0,0,1,0,0,0,0,0,0,0,0,0,0,0,0,0,none,k0p0,,,,,0,,,0,0,0,,,,,,,,,,,,,,,,,
P00467,K23,,2015,NICHD,pre_policy,0,0,0,1,0,0,0,0,0,1,0,0,0,0,0,0,0,1,0,0,0,0,1,1,1,0,0,0,0,0,0,0,1,0,0,pre_early,1,1,1,1,1,1,1,1,0,1,1,0,1,0,0,1,1,ktrial_only,k1p0,k1p1,k1p1,k1p1,k1p1,0,,,0,0,0,,,,,,,,,,,,,,,,,
P00468,K08,,2015,NCI,pre_policy,0,0,0,0,0,0,0,0,0,0,0,0,0,0,0,0,0,0,0,0,0,0,0,0,0,0,1,0,0,1,0,0,1,0,0,pre_early,0,0,0,1,0,0,0,0,0,0,0,0,0,0,0,0,0,none,k0p0,,,,,0,,,0,0,0,,,,,,,,,,,,,,,,,
P00469,K23,,2015,NIEHS,pre_policy,0,0,0,0,0,0,0,1,0,0,0,0,0,0,0,0,0,0,0,0,0,0,0,0,0,1,1,1,1,1,1,1,1,0,0,pre_early,0,0,0,1,0,0,0,0,0,0,0,0,0,0,0,0,0,none,k0p0,,,,,0,,,0,0,0,,,,,,,,,,,,,,,,,
P00470,K23,,2015,NEI,pre_policy,0,0,0,1,0,0,0,0,0,1,0,0,0,0,0,0,0,0,0,0,0,0,1,1,0,0,0,0,0,0,0,0,1,0,0,pre_early,1,1,0,1,0,0,0,1,0,0,1,0,1,0,0,0,1,ktrial_only,k1p0,k1p0,k1p0,k1p0,k1p0,0,,,0,0,0,,,,,,,,,,,,,,,,,
P00471,K23,,2015,NIDCR,pre_policy,0,0,0,0,0,0,0,0,0,0,0,0,0,0,0,0,0,0,0,0,0,0,0,0,0,0,0,0,0,0,0,0,1,0,0,pre_early,0,0,0,1,0,0,0,0,0,0,0,0,0,0,0,0,0,none,k0p0,,,,,0,,,0,0,0,,,,,,,,,,,,,,,,,
P00472,K08,,2015,NCI,pre_policy,0,0,0,0,0,0,0,0,0,0,0,0,0,0,0,0,0,0,0,0,0,0,0,0,0,0,0,0,0,0,0,0,1,0,0,pre_early,0,0,0,1,0,0,0,0,0,0,0,0,0,0,0,0,0,none,k0p0,,,,,0,,,0,0,0,,,,,,,,,,,,,,,,,
P00473,K08,,2015,NCI,pre_policy,0,0,1,1,0,1,0,0,0,0,0,0,0,0,1,0,0,0,1,0,0,0,0,0,0,0,0,0,0,0,0,0,1,0,0,pre_early,0,0,0,1,1,0,1,0,0,0,0,1,0,1,1,1,0,new_trial,k0p1,,,,,0,,,0,0,0,,,,,,,,,,,,,,,,,
P00474,K23,,2015,NIDDK,pre_policy,0,1,0,0,0,0,1,0,0,0,0,0,0,0,0,0,0,0,0,0,0,0,1,0,0,0,1,0,0,1,0,0,1,0,0,pre_early,0,0,0,1,1,1,1,0,0,0,0,0,0,0,0,1,0,none,k0p0,,,,,0,,,0,0,1,0,0,0,0,0,0,0,0,0,0,0,0,0,0,0,0,0
P00475,K23,,2015,NIDDK,pre_policy,0,0,1,1,1,1,0,1,0,0,0,0,1,1,1,0,0,0,1,0,0,0,0,0,0,1,1,1,1,1,1,1,1,0,0,pre_early,0,0,0,1,1,0,1,0,0,0,0,1,0,1,1,1,0,new_trial,k0p1,,,,,0,,,0,0,0,,,,,,,,,,,,,,,,,
P00476,K23,,2015,NIDDK,pre_policy,0,0,0,0,0,0,1,1,0,0,0,0,0,0,0,0,0,0,0,0,0,0,0,0,0,0,1,0,0,1,0,0,1,0,1,pre_early,0,0,0,1,0,0,0,0,0,0,0,0,0,0,0,0,0,none,k0p0,,,,,0,,,0,0,0,,,,,,,,,,,,,,,,,
P00477,K23,,2015,NIDA,pre_policy,0,0,0,0,0,0,0,0,0,0,0,0,0,0,0,0,0,0,0,0,0,0,0,0,0,0,1,0,0,1,0,0,1,0,0,pre_early,0,0,0,1,0,0,0,0,0,0,0,0,0,0,0,0,1,none,k0p0,k0p0,k0p0,k0p0,k0p0,0,,,0,0,0,,,,,,,,,,,,,,,,,
P00478,K23,,2015,NIDDK,pre_policy,0,0,1,1,1,0,1,1,0,0,0,0,0,0,1,1,0,0,1,0,0,0,0,0,0,1,1,1,1,1,1,1,1,0,1,pre_early,0,0,0,1,1,0,1,0,0,0,0,1,0,1,1,1,0,new_trial,k0p1,,,,,0,,,0,0,0,,,,,,,,,,,,,,,,,
P00479,K23,,2015,NIDDK,pre_policy,0,0,0,0,0,0,0,1,0,0,0,0,0,0,0,0,0,0,0,0,0,0,0,0,0,1,1,1,1,1,1,1,1,0,0,pre_early,0,0,0,1,0,0,0,0,0,0,0,0,0,0,0,0,0,none,k0p0,,,,,0,,,0,0,0,,,,,,,,,,,,,,,,,
P00480,K08,,2015,NIAID,pre_policy,0,0,0,0,0,0,0,0,0,0,0,0,0,0,0,0,0,0,0,0,0,0,0,0,0,0,0,0,0,0,0,0,1,0,0,pre_early,0,0,0,1,0,0,0,0,0,0,0,0,0,0,0,0,0,none,k0p0,,,,,0,,,0,0,0,,,,,,,,,,,,,,,,,
P00481,K08,,2015,NHLBI,pre_policy,0,0,0,0,0,0,0,1,0,0,0,0,0,0,0,0,0,0,0,0,0,0,0,0,0,1,1,1,1,1,1,1,1,0,0,pre_early,0,0,0,1,0,0,0,0,0,0,0,0,0,0,0,0,0,none,k0p0,,,,,0,,,0,0,0,,,,,,,,,,,,,,,,,
P00482,K08,,2015,NCI,pre_policy,0,0,0,0,0,0,0,0,0,0,0,0,0,0,0,0,0,0,0,0,0,0,0,0,0,0,0,0,0,0,0,0,1,0,0,pre_early,0,0,0,1,0,0,0,0,0,0,0,0,0,0,0,0,0,none,k0p0,,,,,0,,,0,0,0,,,,,,,,,,,,,,,,,
P00483,K08,,2015,NHLBI,pre_policy,0,0,0,0,0,0,0,0,0,0,0,0,0,0,0,0,0,0,0,0,0,0,0,0,0,0,0,0,0,0,0,0,1,0,0,pre_early,0,0,0,1,0,0,0,0,0,0,0,0,0,0,0,0,0,none,k0p0,,,,,0,,,0,0,0,,,,,,,,,,,,,,,,,
P00484,K23,,2015,NIDCD,pre_policy,0,0,0,0,0,0,0,0,0,0,0,0,0,0,0,0,0,0,0,0,0,0,0,0,0,0,0,0,0,0,0,0,1,0,0,pre_early,0,0,0,1,0,0,0,0,0,0,0,0,0,0,0,0,0,none,k0p0,,,,,0,,,0,0,0,,,,,,,,,,,,,,,,,
P00485,K08,,2015,NIAID,pre_policy,0,0,0,0,0,0,0,1,0,0,0,0,0,0,0,0,0,0,0,0,0,0,0,0,0,0,1,0,0,1,0,0,1,0,0,pre_early,0,0,0,1,0,0,0,0,0,0,0,0,0,0,0,0,0,none,k0p0,,,,,0,,,0,0,0,,,,,,,,,,,,,,,,,
P00486,K08,,2015,NINDS,pre_policy,0,0,1,1,0,1,0,1,0,0,0,0,0,0,1,0,0,0,1,0,0,0,0,0,0,1,1,1,1,1,1,1,1,0,0,pre_early,0,0,0,1,1,0,1,0,0,0,0,1,0,1,1,1,0,new_trial,k0p1,,,,,0,,,0,0,0,,,,,,,,,,,,,,,,,
P00487,K23,,2015,NINDS,pre_policy,0,0,0,0,0,0,0,0,0,0,0,0,0,0,0,0,0,0,0,0,0,0,0,0,0,0,0,0,0,0,0,0,1,0,0,pre_early,0,0,0,1,0,0,0,0,0,0,0,0,0,0,0,0,0,none,k0p0,,,,,0,,,0,0,0,,,,,,,,,,,,,,,,,
P00488,K23,,2015,NHLBI,pre_policy,0,1,0,0,0,0,0,0,0,0,0,0,0,0,0,0,0,0,0,0,0,0,0,0,0,0,0,0,0,0,0,0,1,0,0,pre_early,0,0,0,1,0,0,0,0,0,0,0,0,0,0,0,0,0,none,k0p0,,,,,0,,,0,0,1,0,0,0,0,0,0,0,0,0,0,0,0,0,0,0,0,0
P00489,K23,,2015,NIMH,pre_policy,0,0,1,1,1,1,0,1,0,0,0,0,0,0,1,1,0,0,1,0,0,0,0,0,0,1,1,1,1,1,1,1,1,0,0,pre_early,0,0,0,1,1,0,1,0,0,0,0,1,0,1,1,1,0,new_trial,k0p1,,,,,0,,,0,0,0,,,,,,,,,,,,,,,,,
P00490,K08,,2015,NHLBI,pre_policy,0,0,1,1,1,1,0,1,0,0,0,1,1,1,1,1,0,0,1,1,0,0,0,0,0,1,1,1,1,1,1,1,1,0,0,pre_early,0,0,0,1,1,0,1,0,0,0,0,1,0,1,1,1,0,new_trial,k0p1,,,,,0,,,0,0,0,,,,,,,,,,,,,,,,,
P00491,K23,,2015,NINDS,pre_policy,0,1,0,0,0,0,0,1,1,0,0,0,0,0,0,0,0,0,0,0,0,0,0,0,0,1,1,1,1,1,1,1,1,0,0,pre_early,0,0,0,1,0,0,0,0,0,0,0,0,0,0,0,0,1,none,k0p0,k0p0,k0p0,k0p0,k0p0,0,,,0,0,1,0,0,0,0,0,0,0,0,0,0,0,0,0,0,0,0,0
P00492,K08,,2015,NHLBI,pre_policy,0,0,0,0,0,0,0,0,0,0,0,0,0,0,0,0,0,0,0,0,0,0,0,0,0,0,1,0,0,1,0,0,1,0,0,pre_early,0,0,0,1,0,0,0,0,0,0,0,0,0,0,0,0,0,none,k0p0,,,,,0,,,0,0,0,,,,,,,,,,,,,,,,,
P00493,K23,,2015,NHLBI,pre_policy,0,0,0,0,0,0,0,0,0,0,0,0,0,0,0,0,0,0,0,0,0,0,0,0,0,0,0,0,0,0,0,0,1,0,0,pre_early,0,0,0,1,0,0,0,0,0,0,0,0,0,0,0,0,0,none,k0p0,,,,,0,,,0,0,0,,,,,,,,,,,,,,,,,
P00494,K08,,2015,NHLBI,pre_policy,0,0,0,0,0,0,0,0,0,0,0,0,0,0,0,0,0,0,0,0,0,0,0,0,0,0,1,0,0,1,0,0,1,0,0,pre_early,0,0,0,1,0,0,0,0,0,0,0,0,0,0,0,0,0,none,k0p0,,,,,0,,,0,0,0,,,,,,,,,,,,,,,,,
P00495,K08,,2015,NHLBI,pre_policy,0,0,0,0,0,0,0,0,0,0,0,0,0,0,0,0,0,0,0,0,0,0,0,0,0,0,0,0,0,0,0,0,1,0,0,pre_early,0,0,0,1,0,0,0,0,0,0,0,0,0,0,0,0,0,none,k0p0,,,,,0,,,0,0,0,,,,,,,,,,,,,,,,,
P00496,K08,,2015,NINDS,pre_policy,0,0,0,0,0,0,0,1,0,0,0,0,0,0,0,0,0,0,0,0,0,0,0,0,0,1,1,1,1,1,1,1,1,0,0,pre_early,0,0,0,1,0,0,0,0,0,0,0,0,0,0,0,0,0,none,k0p0,,,,,0,,,0,0,0,,,,,,,,,,,,,,,,,
P00497,K08,,2015,NHLBI,pre_policy,0,0,0,0,0,0,0,0,0,0,0,0,0,0,0,0,0,0,0,0,0,0,0,0,0,0,0,0,0,0,0,0,1,0,0,pre_early,0,0,0,1,0,0,0,0,0,0,0,0,0,0,0,0,0,none,k0p0,,,,,0,,,0,0,0,,,,,,,,,,,,,,,,,
P00498,K08,,2015,NHLBI,pre_policy,0,0,0,0,0,0,0,0,0,0,0,0,0,0,0,0,0,0,0,0,0,0,0,0,0,0,0,0,0,0,0,0,1,0,0,pre_early,0,0,0,1,0,0,0,0,0,0,0,0,0,0,0,0,0,none,k0p0,,,,,0,,,0,0,0,,,,,,,,,,,,,,,,,
P00499,K08,,2015,NHLBI,pre_policy,0,0,0,0,0,0,0,1,0,0,0,0,0,0,0,0,0,0,0,0,0,0,0,0,0,1,1,1,1,1,1,1,1,0,0,pre_early,0,0,0,1,0,0,0,0,0,0,0,0,0,0,0,0,0,none,k0p0,,,,,0,,,0,0,0,,,,,,,,,,,,,,,,,
P00500,K23,,2015,NHLBI,pre_policy,0,0,1,1,1,0,0,1,0,0,0,0,0,0,1,1,0,0,1,0,0,0,0,0,0,1,1,1,1,1,1,1,1,0,0,pre_early,0,0,0,1,1,0,1,0,0,0,0,1,0,0,1,1,0,new_trial,k0p1,,,,,0,,,0,0,0,,,,,,,,,,,,,,,,,
P00501,K23,,2015,NIMH,pre_policy,0,1,1,1,0,1,0,0,0,1,0,0,1,0,1,1,0,1,1,0,0,0,1,1,0,0,1,0,1,1,1,1,1,0,0,pre_early,1,0,0,1,1,0,1,1,0,0,1,1,1,1,1,1,0,new_trial,k1p1,,,,,0,,,0,0,1,1,1,0,0,0,1,0,0,1,0,1,1,1,0,0,1,1
P00502,K23,,2015,NHLBI,pre_policy,0,0,0,0,0,0,0,0,0,0,0,0,0,0,0,0,0,0,0,0,0,0,0,0,0,0,0,0,0,0,0,0,1,0,0,pre_early,0,0,0,1,0,0,0,0,0,0,0,0,0,0,0,0,0,none,k0p0,,,,,0,,,0,0,0,,,,,,,,,,,,,,,,,
P00503,K23,,2015,NIAID,pre_policy,0,0,1,1,0,1,0,0,1,0,0,1,1,1,1,1,0,0,1,0,1,1,0,0,0,0,1,0,0,1,0,0,1,0,0,pre_early,0,0,0,1,1,0,1,0,0,0,0,1,0,1,1,1,0,new_trial,k0p1,,,,,0,,,0,0,0,,,,,,,,,,,,,,,,,
P00504,K23,,2015,NCI,pre_policy,0,0,0,0,0,0,0,0,0,0,0,0,0,0,0,0,0,0,0,0,0,0,0,0,0,0,0,0,0,0,0,0,1,0,0,pre_early,0,0,0,1,1,1,1,0,0,0,0,0,0,0,0,1,1,none,k0p0,k0p0,k0p0,k0p0,k0p0,0,,,0,0,0,,,,,,,,,,,,,,,,,
P00505,K08,,2015,NCI,pre_policy,0,0,0,0,0,0,0,0,0,0,0,0,0,0,0,0,0,0,0,0,0,0,0,0,0,1,1,1,1,1,1,1,1,0,0,pre_early,0,0,0,1,0,0,0,0,0,0,0,0,0,0,0,0,0,none,k0p0,,,,,0,,,0,0,0,,,,,,,,,,,,,,,,,
P00506,K08,,2015,NCI,pre_policy,0,0,0,0,0,0,0,0,0,0,0,0,0,0,0,0,0,0,0,0,0,0,0,0,0,0,1,0,0,1,0,0,1,0,0,pre_early,0,0,0,1,0,0,0,0,0,0,0,0,0,0,0,0,0,none,k0p0,,,,,0,,,0,0,0,,,,,,,,,,,,,,,,,
P00507,K23,,2015,NHLBI,pre_policy,0,1,0,0,0,0,0,0,0,0,0,0,0,0,0,0,0,0,0,0,0,0,0,0,0,0,0,0,0,0,0,0,1,0,0,pre_early,0,0,0,1,0,0,0,0,0,0,0,0,0,0,0,0,0,none,k0p0,,,,,0,,,0,0,1,0,0,0,0,0,0,0,0,0,0,0,0,0,0,0,0,0
P00508,K08,,2015,NCI,pre_policy,0,0,0,0,0,0,0,0,0,0,0,0,0,0,0,0,0,0,0,0,0,0,0,0,0,1,1,1,1,1,1,1,1,0,0,pre_early,0,0,0,1,0,0,0,0,0,0,0,0,0,0,0,0,0,none,k0p0,,,,,0,,,0,0,0,,,,,,,,,,,,,,,,,
P00509,K23,,2015,NCI,pre_policy,0,0,1,1,1,1,1,1,0,0,0,0,1,1,1,1,0,0,1,1,0,0,1,0,0,1,1,1,1,1,1,1,1,0,0,pre_early,0,0,0,1,1,0,1,0,0,0,0,1,0,1,1,1,0,new_trial,k0p1,,,,,0,,,0,0,0,,,,,,,,,,,,,,,,,
P00510,K23,,2015,NIMH,pre_policy,0,0,0,0,0,0,0,0,0,0,0,0,0,0,0,0,0,0,0,0,0,0,0,0,0,0,0,0,1,1,1,1,1,0,0,pre_early,0,0,0,1,0,0,0,0,0,0,0,0,0,0,0,0,0,none,k0p0,,,,,0,,,0,0,0,,,,,,,,,,,,,,,,,
P00511,K08,,2015,NCI,pre_policy,0,0,0,0,0,0,0,0,0,0,0,0,0,0,0,0,0,0,0,0,0,0,0,0,0,0,0,0,0,0,0,0,1,0,0,pre_early,0,0,0,1,0,0,0,0,0,0,0,0,0,0,0,0,0,none,k0p0,,,,,0,,,0,0,0,,,,,,,,,,,,,,,,,
P00512,K08,,2015,NHLBI,pre_policy,0,0,0,0,0,0,0,1,0,0,0,0,0,0,0,0,0,0,0,0,0,0,0,0,0,1,1,1,1,1,1,1,1,0,0,pre_early,0,0,0,1,0,0,0,0,0,0,0,0,0,0,0,0,0,none,k0p0,,,,,0,,,0,0,0,,,,,,,,,,,,,,,,,
P00513,K08,,2015,NIAMS,pre_policy,0,0,0,0,0,0,0,0,0,0,0,0,0,0,0,0,0,0,0,0,0,0,0,0,0,0,0,0,0,0,0,0,1,0,0,pre_early,0,0,0,1,0,0,0,0,0,0,0,0,0,0,0,0,0,none,k0p0,,,,,0,,,0,0,0,,,,,,,,,,,,,,,,,
P00514,K08,,2015,NIMH,pre_policy,0,0,0,0,0,0,0,0,0,0,0,0,0,0,0,0,0,0,0,0,0,0,0,0,0,0,1,0,0,1,0,0,1,0,0,pre_early,0,0,0,1,0,0,0,0,0,0,0,0,0,0,0,0,0,none,k0p0,,,,,0,,,0,0,0,,,,,,,,,,,,,,,,,
P00515,K23,,2015,NIDA,pre_policy,0,1,0,1,0,0,1,0,0,1,1,0,0,0,0,0,0,1,0,0,0,0,1,1,0,0,0,0,0,0,0,0,1,0,1,pre_early,0,0,0,1,0,0,0,1,0,0,1,0,1,0,0,0,0,ktrial_only,k1p0,,,,,0,,,0,0,1,1,0,1,0,0,1,0,0,0,1,1,0,0,1,1,1,1
P00516,K08,,2015,NIAMS,pre_policy,0,0,0,0,0,0,0,1,0,0,0,0,0,0,0,0,0,0,0,0,0,0,0,0,0,1,1,1,1,1,1,1,1,0,0,pre_early,0,0,0,1,0,0,0,0,0,0,0,0,0,0,0,0,0,none,k0p0,,,,,0,,,0,0,0,,,,,,,,,,,,,,,,,
P00517,K23,,2015,NIDDK,pre_policy,0,1,0,1,0,0,1,1,0,1,1,0,0,0,0,0,0,1,0,0,0,0,1,1,0,1,1,1,1,1,1,1,1,0,1,pre_early,1,1,0,1,1,1,1,1,0,0,1,0,1,0,0,1,0,ktrial_only,k1p0,,,,,0,,,0,0,1,1,1,0,0,0,1,0,0,1,0,1,1,0,0,1,1,1
P00518,K08,,2015,NIDDK,pre_policy,0,0,0,0,0,0,0,0,0,0,0,0,0,0,0,0,0,0,0,0,0,0,0,0,0,0,1,0,0,1,0,0,1,0,0,pre_early,0,0,0,1,0,0,0,0,0,0,0,0,0,0,0,0,0,none,k0p0,,,,,0,,,0,0,0,,,,,,,,,,,,,,,,,
P00519,K08,,2015,NHLBI,pre_policy,0,0,0,0,0,0,0,0,0,0,0,0,0,0,0,0,0,0,0,0,0,0,0,0,0,0,0,0,0,0,0,0,1,0,0,pre_early,0,0,0,1,0,0,0,0,0,0,0,0,0,0,0,0,0,none,k0p0,,,,,0,,,0,0,0,,,,,,,,,,,,,,,,,
P00520,K08,,2015,NINDS,pre_policy,0,0,0,0,0,0,0,0,0,0,0,0,0,0,0,0,0,0,0,0,0,0,0,0,0,0,0,0,0,0,0,0,1,0,0,pre_early,0,0,0,1,0,0,0,0,0,0,0,0,0,0,0,0,0,none,k0p0,,,,,0,,,0,0,0,,,,,,,,,,,,,,,,,
P00521,K23,,2015,NHLBI,pre_policy,0,0,0,0,0,0,0,0,0,0,0,0,0,0,0,0,0,0,0,0,0,0,0,0,0,0,1,0,0,1,0,0,1,0,0,pre_early,0,0,0,1,0,0,0,0,0,0,0,0,0,0,0,0,0,none,k0p0,,,,,0,,,0,0,0,,,,,,,,,,,,,,,,,
P00522,K23,,2015,NHLBI,pre_policy,0,1,0,1,0,0,0,0,0,1,0,0,0,0,0,0,0,1,0,0,0,0,1,1,0,0,0,0,0,0,0,0,1,0,0,pre_early,1,0,0,1,0,0,0,1,0,0,1,0,1,0,0,0,0,ktrial_only,k1p0,,,,,0,,,0,0,1,1,1,0,0,0,1,0,0,1,0,1,1,1,0,0,1,1
P00523,K23,,2015,NIDDK,pre_policy,0,0,0,0,0,0,0,1,0,0,0,0,0,0,0,0,0,0,0,0,0,0,0,0,0,1,1,1,1,1,1,1,1,0,0,pre_early,0,0,0,1,0,0,0,0,0,0,0,0,0,0,0,0,0,none,k0p0,,,,,0,,,0,0,0,,,,,,,,,,,,,,,,,
P00524,K08,,2015,NCI,pre_policy,0,0,0,0,0,0,0,0,0,0,0,0,0,0,0,0,0,0,0,0,0,0,0,0,0,1,1,1,1,1,1,1,1,0,0,pre_early,0,0,0,1,0,0,0,0,0,0,0,0,0,0,0,0,0,none,k0p0,,,,,0,,,0,0,0,,,,,,,,,,,,,,,,,
P00525,K23,,2015,NHLBI,pre_policy,0,0,0,0,0,0,0,1,0,0,0,0,0,0,0,0,0,0,0,0,0,0,0,0,0,1,1,1,1,1,1,1,1,0,0,pre_early,0,0,0,1,0,0,0,0,0,0,0,0,0,0,0,0,0,none,k0p0,,,,,0,,,0,0,0,,,,,,,,,,,,,,,,,
P00526,K23,,2015,NIDDK,pre_policy,0,1,1,1,0,1,1,0,0,0,0,0,1,0,1,0,0,0,0,0,0,0,1,0,0,0,0,0,0,0,0,0,1,0,1,pre_early,0,0,0,1,1,0,0,0,0,0,0,1,0,1,1,1,0,new_trial,k0p1,,,,,0,,,0,0,1,0,0,0,0,0,0,0,0,0,0,0,0,0,0,0,0,0
P00527,K08,,2015,NCI,pre_policy,0,0,1,1,1,1,0,1,0,0,0,0,0,0,1,0,0,0,1,0,0,0,0,0,0,1,1,1,1,1,1,1,1,0,0,pre_early,0,0,0,1,1,0,1,0,0,0,0,1,0,1,1,1,0,new_trial,k0p1,,,,,0,,,0,0,0,,,,,,,,,,,,,,,,,
P00528,K23,,2015,NHLBI,pre_policy,0,1,0,0,0,0,0,0,0,0,0,0,0,0,0,0,0,0,0,0,0,0,0,0,0,0,0,0,0,0,0,0,1,0,0,pre_early,0,0,0,1,0,0,0,0,0,0,0,0,0,0,0,0,0,none,k0p0,,,,,1,1,1,0,0,1,0,0,0,0,0,0,0,0,0,0,0,0,0,0,0,0,0
P00529,K23,,2015,NIDA,pre_policy,0,1,0,1,0,0,0,0,0,1,0,0,0,0,0,0,0,1,0,0,0,0,1,1,0,0,1,0,0,1,0,0,1,0,0,pre_early,1,0,0,1,0,0,0,1,0,0,1,0,1,0,0,0,0,ktrial_only,k1p0,,,,,0,,,0,0,1,1,1,0,0,0,1,0,0,1,0,1,1,1,0,0,1,1
P00530,K08,,2015,NIDDK,pre_policy,0,0,0,0,0,0,0,1,0,0,0,0,0,0,0,0,0,0,0,0,0,0,0,0,0,1,1,1,1,1,1,1,1,0,0,pre_early,0,0,0,1,0,0,0,0,0,0,0,0,0,0,0,0,0,none,k0p0,,,,,0,,,0,0,0,,,,,,,,,,,,,,,,,
P00531,K23,,2015,NHLBI,pre_policy,0,0,0,0,0,0,0,0,0,0,0,0,0,0,0,0,0,0,0,0,0,0,0,0,0,0,0,0,0,0,0,0,1,0,0,pre_early,0,0,0,1,0,0,0,0,0,0,0,0,0,0,0,0,0,none,k0p0,,,,,0,,,0,0,0,,,,,,,,,,,,,,,,,
P00532,K23,,2015,NHLBI,pre_policy,0,0,0,0,0,0,0,0,0,0,0,0,0,0,0,0,0,0,0,0,0,0,0,0,0,0,0,0,0,0,0,0,1,0,0,pre_early,0,0,0,1,0,0,0,0,0,0,0,0,0,0,0,0,0,none,k0p0,,,,,0,,,0,0,0,,,,,,,,,,,,,,,,,
P00533,K08,,2015,NHLBI,pre_policy,0,0,0,0,0,0,0,0,0,0,0,0,0,0,0,0,0,0,0,0,0,0,0,0,0,0,0,0,0,0,0,0,1,0,0,pre_early,0,0,0,1,0,0,0,0,0,0,0,0,0,0,0,0,0,none,k0p0,,,,,0,,,0,0,0,,,,,,,,,,,,,,,,,
P00534,K08,,2015,NIDDK,pre_policy,0,0,0,0,0,0,0,0,0,0,0,0,0,0,0,0,0,0,0,0,0,0,0,0,0,0,0,0,0,0,0,0,1,0,0,pre_early,0,0,0,1,1,1,1,0,0,0,0,0,0,0,0,1,0,none,k0p0,,,,,0,,,0,0,0,,,,,,,,,,,,,,,,,
P00535,K08,,2015,NIDDK,pre_policy,0,0,0,0,0,0,0,0,0,0,0,0,0,0,0,0,0,0,0,0,0,0,0,0,0,0,0,0,0,0,0,0,1,0,0,pre_early,0,0,0,1,0,0,0,0,0,0,0,0,0,0,0,0,0,none,k0p0,,,,,0,,,0,0,0,,,,,,,,,,,,,,,,,
P00536,K23,,2015,NIDDK,pre_policy,0,1,1,1,0,1,0,0,0,0,0,0,1,0,1,0,0,0,0,0,0,0,0,0,0,0,1,0,0,1,0,0,1,0,0,pre_early,0,0,0,1,1,0,0,0,0,0,0,1,0,1,1,1,0,new_trial,k0p1,,,,,1,1,1,0,0,1,0,0,0,0,0,0,0,0,0,0,0,0,0,0,0,0,0
P00537,K23,,2015,NICHD,pre_policy,0,1,1,1,0,0,1,0,0,1,0,0,0,0,1,1,0,1,1,0,0,0,1,1,0,0,0,0,0,0,0,0,1,0,1,pre_early,1,0,0,1,1,0,1,1,0,0,1,1,1,0,1,1,1,new_trial,k1p1,,,,,0,,,0,0,1,1,1,0,0,0,1,0,0,1,0,1,1,1,0,0,1,1
P00538,K08,,2015,NIDDK,pre_policy,0,0,0,0,0,0,0,0,0,0,0,0,0,0,0,0,0,0,0,0,0,0,0,0,0,0,0,0,0,0,0,0,1,0,0,pre_early,0,0,0,1,0,0,0,0,0,0,0,0,0,0,0,0,0,none,k0p0,,,,,0,,,0,0,0,,,,,,,,,,,,,,,,,
P00539,K08,,2015,NIDDK,pre_policy,0,0,0,0,0,0,0,0,0,0,0,0,0,0,0,0,0,0,0,0,0,0,0,0,0,0,0,0,0,0,0,0,1,0,0,pre_early,0,0,0,1,0,0,0,0,0,0,0,0,0,0,0,0,0,none,k0p0,,,,,0,,,0,0,0,,,,,,,,,,,,,,,,,
P00540,K08,,2015,NIDDK,pre_policy,0,0,0,0,0,0,0,0,0,0,0,0,0,0,0,0,0,0,0,0,0,0,0,0,0,0,1,0,0,1,0,0,1,0,0,pre_early,0,0,0,1,0,0,0,0,0,0,0,0,0,0,0,0,0,none,k0p0,,,,,0,,,0,0,0,,,,,,,,,,,,,,,,,
P00541,K23,,2015,NIDDK,pre_policy,0,1,0,1,0,0,0,1,0,1,0,0,0,0,0,0,0,1,0,0,0,0,1,1,0,1,1,1,1,1,1,1,1,0,0,pre_early,1,0,0,1,0,0,0,1,0,0,1,0,1,0,0,0,0,ktrial_only,k1p0,,,,,0,,,0,0,1,1,0,1,0,0,1,0,0,0,1,1,1,0,0,0,0,0
P00542,K23,,2015,NIDDK,pre_policy,0,1,0,0,0,0,0,0,0,0,0,0,0,0,0,0,0,0,0,0,0,0,0,0,0,0,0,0,0,0,0,0,1,0,0,pre_early,0,0,0,1,0,0,0,0,0,0,0,0,0,0,0,0,0,none,k0p0,,,,,0,,,0,0,1,0,0,0,0,0,0,0,0,0,0,0,0,0,0,0,0,0
P00543,K23,,2015,NIA,pre_policy,0,1,1,1,0,0,1,1,0,0,0,1,0,0,1,1,0,0,1,0,1,1,1,0,0,1,1,1,1,1,1,1,1,0,0,pre_early,0,0,0,1,1,0,1,0,0,0,0,1,0,1,1,1,0,new_trial,k0p1,,,,,0,,,0,0,1,0,0,0,0,0,0,0,0,0,0,0,0,0,0,0,0,0
P00544,K08,,2015,NHLBI,pre_policy,0,0,1,1,0,1,0,0,0,0,0,0,1,0,1,0,0,0,1,0,0,0,0,0,0,0,1,0,0,1,0,0,1,0,0,pre_early,0,0,0,1,1,0,1,0,0,0,0,1,0,1,1,1,0,new_trial,k0p1,,,,,0,,,0,0,0,,,,,,,,,,,,,,,,,
P00545,K08,,2015,NCI,pre_policy,0,0,0,0,0,0,0,0,0,0,0,0,0,0,0,0,0,0,0,0,0,0,0,0,0,0,0,0,0,0,0,0,1,0,0,pre_early,0,0,0,1,0,0,0,0,0,0,0,0,0,0,0,0,0,none,k0p0,,,,,0,,,0,0,0,,,,,,,,,,,,,,,,,
P00546,K08,,2015,NHLBI,pre_policy,0,0,0,0,0,0,0,0,0,0,0,0,0,0,0,0,0,0,0,0,0,0,0,0,0,0,0,0,0,0,0,0,1,0,0,pre_early,0,0,0,1,0,0,0,0,0,0,0,0,0,0,0,0,0,none,k0p0,,,,,0,,,0,0,0,,,,,,,,,,,,,,,,,
P00547,K08,,2015,NIAMS,pre_policy,0,0,1,1,0,1,0,0,0,0,0,0,1,1,1,1,0,0,1,1,0,0,0,0,0,0,1,0,0,1,0,0,1,0,0,pre_early,0,0,0,1,1,0,1,0,0,0,0,1,0,1,1,1,0,new_trial,k0p1,,,,,0,,,0,0,0,,,,,,,,,,,,,,,,,
P00548,K23,,2015,NHLBI,pre_policy,0,0,0,0,0,0,0,1,0,0,0,0,0,0,0,0,0,0,0,0,0,0,0,0,0,1,1,1,1,1,1,1,1,0,0,pre_early,0,0,0,1,0,0,0,0,0,0,0,0,0,0,0,0,0,none,k0p0,,,,,0,,,0,0,0,,,,,,,,,,,,,,,,,
P00549,K23,,2015,NIMH,pre_policy,0,1,0,1,0,0,0,0,0,1,0,0,0,0,0,0,0,1,0,0,0,0,1,1,0,0,0,0,0,0,0,0,1,0,0,pre_early,0,0,0,1,0,0,0,1,0,0,1,0,1,0,0,0,0,ktrial_only,k1p0,,,,,0,,,0,0,1,1,1,0,0,0,1,0,0,1,0,0,0,0,1,0,0,0
P00550,K08,,2015,NIDDK,pre_policy,0,0,0,0,0,0,0,0,0,0,0,0,0,0,0,0,0,0,0,0,0,0,0,0,0,0,0,0,0,0,0,0,1,0,0,pre_early,0,0,0,1,0,0,0,0,0,0,0,0,0,0,0,0,0,none,k0p0,,,,,0,,,0,0,0,,,,,,,,,,,,,,,,,
P00551,K23,,2015,NIDDK,pre_policy,0,1,1,1,0,1,0,1,0,0,0,0,1,1,1,0,0,0,1,0,1,0,0,0,0,1,1,1,1,1,1,1,1,0,0,pre_early,0,0,0,1,1,0,1,0,0,0,0,1,0,1,1,1,0,new_trial,k0p1,,,,,0,,,0,0,1,0,0,0,0,0,0,0,0,0,0,0,0,0,0,0,0,0
P00552,K08,,2015,NIDDK,pre_policy,0,0,0,0,0,0,0,0,0,0,0,0,0,0,0,0,0,0,0,0,0,0,0,0,0,0,1,0,0,1,0,0,1,0,0,pre_early,0,0,0,1,0,0,0,0,0,0,0,0,0,0,0,0,0,none,k0p0,,,,,0,,,0,0,0,,,,,,,,,,,,,,,,,
P00553,K08,,2015,NIAMS,pre_policy,0,0,0,0,0,0,0,0,0,0,0,0,0,0,0,0,0,0,0,0,0,0,0,0,0,1,1,1,1,1,1,1,1,0,0,pre_early,0,0,0,1,0,0,0,0,0,0,0,0,0,0,0,0,0,none,k0p0,,,,,0,,,0,0,0,,,,,,,,,,,,,,,,,
P00554,K08,,2015,NICHD,pre_policy,0,0,0,0,0,0,0,1,0,0,0,0,0,0,0,0,0,0,0,0,0,0,0,0,0,1,1,1,1,1,1,1,1,0,0,pre_early,0,0,0,1,0,0,0,0,0,0,0,0,0,0,0,0,0,none,k0p0,,,,,0,,,0,0,0,,,,,,,,,,,,,,,,,
P00555,K08,,2015,NHLBI,pre_policy,0,0,0,0,0,0,0,1,0,0,0,0,0,0,0,0,0,0,0,0,0,0,0,0,0,1,1,1,1,1,1,1,1,0,0,pre_early,0,0,0,1,0,0,0,0,0,0,0,0,0,0,0,0,0,none,k0p0,,,,,0,,,0,0,0,,,,,,,,,,,,,,,,,
P00556,K08,,2015,NINDS,pre_policy,0,0,0,0,0,0,0,0,0,0,0,0,0,0,0,0,0,0,0,0,0,0,0,0,0,0,0,0,0,0,0,0,1,0,0,pre_early,0,0,0,1,0,0,0,0,0,0,0,0,0,0,0,0,0,none,k0p0,,,,,0,,,0,0,0,,,,,,,,,,,,,,,,,
P00557,K23,,2015,NIDA,pre_policy,0,1,0,1,0,0,1,0,0,1,0,0,0,0,0,0,0,1,0,0,0,0,1,1,0,0,1,0,0,1,0,0,1,0,1,pre_early,1,1,0,1,1,1,1,1,0,0,1,0,1,0,0,1,0,ktrial_only,k1p0,,,,,0,,,0,0,1,1,1,0,0,0,1,0,0,1,0,1,1,1,0,1,1,1
P00558,K23,,2015,NIAMS,pre_policy,0,0,0,0,0,0,0,0,0,0,0,0,0,0,0,0,0,0,0,0,0,0,0,0,0,0,0,0,0,0,0,0,1,0,0,pre_early,0,0,0,1,0,0,0,0,0,0,0,0,0,0,0,0,0,none,k0p0,,,,,0,,,0,0,0,,,,,,,,,,,,,,,,,
P00559,K08,,2015,NIDDK,pre_policy,0,0,0,0,0,0,0,0,0,0,0,0,0,0,0,0,0,0,0,0,0,0,0,0,0,0,0,0,0,0,0,0,1,0,0,pre_early,0,0,0,1,0,0,0,0,0,0,0,0,0,0,0,0,0,none,k0p0,,,,,0,,,0,0,0,,,,,,,,,,,,,,,,,
P00560,K08,,2015,NIA,pre_policy,0,0,0,0,0,0,0,0,0,0,0,0,0,0,0,0,0,0,0,0,0,0,0,0,0,0,0,0,0,1,0,0,1,0,0,pre_early,0,0,0,1,0,0,0,0,0,0,0,0,0,0,0,0,0,none,k0p0,,,,,0,,,0,0,0,,,,,,,,,,,,,,,,,
P00561,K08,,2015,NIDDK,pre_policy,0,0,0,0,0,0,0,0,0,0,0,0,0,0,0,0,0,0,0,0,0,0,0,0,0,0,0,0,0,0,0,0,1,0,0,pre_early,0,0,0,1,0,0,0,0,0,0,0,0,0,0,0,0,0,none,k0p0,,,,,0,,,0,0,0,,,,,,,,,,,,,,,,,
P00562,K23,,2015,NIEHS,pre_policy,0,0,0,0,0,0,0,0,0,0,0,0,0,0,0,0,0,0,0,0,0,0,0,0,0,0,0,0,0,0,0,0,1,0,0,pre_early,0,0,0,1,0,0,0,0,0,0,0,0,0,0,0,0,0,none,k0p0,,,,,0,,,0,0,0,,,,,,,,,,,,,,,,,
P00563,K23,,2015,NICHD,pre_policy,0,1,0,1,0,0,0,0,0,1,0,0,0,0,0,0,0,1,0,0,0,0,1,1,0,0,0,0,0,0,0,0,1,0,0,pre_early,1,0,0,1,0,0,0,1,0,0,1,0,1,0,0,0,1,ktrial_only,k1p0,k1p0,k1p0,k1p0,k1p0,0,,,0,0,1,1,0,1,0,0,1,0,0,0,1,1,1,0,0,0,0,0
P00564,K23,,2015,NIDCD,pre_policy,0,0,0,0,0,0,0,1,0,0,0,0,0,0,0,0,0,0,0,0,0,0,0,0,0,1,1,1,1,1,1,1,1,0,0,pre_early,0,0,0,1,0,0,0,0,0,0,0,0,0,0,0,0,0,none,k0p0,,,,,0,,,0,0,0,,,,,,,,,,,,,,,,,
P00565,K08,,2015,NIAMS,pre_policy,0,0,0,0,0,0,0,0,0,0,0,0,0,0,0,0,0,0,0,0,0,0,0,0,0,0,0,0,0,0,0,0,1,0,0,pre_early,0,0,0,1,0,0,0,0,0,0,0,0,0,0,0,0,0,none,k0p0,,,,,0,,,0,0,0,,,,,,,,,,,,,,,,,
P00566,K23,,2015,NHLBI,pre_policy,0,1,0,0,0,0,0,0,0,0,0,0,0,0,0,0,0,0,0,0,0,0,0,0,0,0,0,0,0,0,0,0,1,0,0,pre_early,0,0,0,1,0,0,0,0,0,0,0,0,0,0,0,0,0,none,k0p0,,,,,0,,,0,0,1,0,0,0,0,0,0,0,0,0,0,0,0,0,0,0,0,0
P00567,K23,,2015,NIDDK,pre_policy,0,0,0,0,0,0,0,0,0,0,0,0,0,0,0,0,0,0,0,0,0,0,0,0,0,0,0,0,0,0,0,0,1,0,0,pre_early,0,0,0,1,0,0,0,0,0,0,0,0,0,0,0,0,0,none,k0p0,,,,,0,,,0,0,0,,,,,,,,,,,,,,,,,
P00568,K23,,2015,NHLBI,pre_policy,0,0,1,1,1,1,0,0,0,0,0,0,1,1,1,0,0,0,0,0,0,0,0,0,0,0,0,0,0,0,0,0,1,0,0,pre_early,0,0,0,1,1,0,0,0,0,0,0,1,0,1,1,1,0,new_trial,k0p1,,,,,0,,,0,0,0,,,,,,,,,,,,,,,,,
P00569,K08,,2015,NIBIB,pre_policy,0,0,0,0,0,0,0,0,0,0,0,0,0,0,0,0,0,0,0,0,0,0,0,0,0,0,0,0,0,0,0,0,1,0,0,pre_early,0,0,0,1,0,0,0,0,0,0,0,0,0,0,0,0,0,none,k0p0,,,,,0,,,0,0,0,,,,,,,,,,,,,,,,,
P00570,K23,,2015,NCCIH,pre_policy,0,1,1,1,0,0,1,0,0,1,0,0,1,1,1,1,0,1,1,0,0,0,1,1,0,0,1,0,0,1,0,0,1,0,1,pre_early,1,1,0,1,1,0,1,1,0,0,1,1,1,0,1,1,0,new_trial,k1p1,,,,,0,,,0,0,1,1,1,0,0,0,1,0,0,1,0,1,1,1,0,1,1,1
P00571,K08,,2015,NIDCR,pre_policy,0,0,0,0,0,0,0,0,0,0,0,0,0,0,0,0,0,0,0,0,0,0,0,0,0,0,0,0,0,0,0,0,1,0,0,pre_early,0,0,0,1,0,0,0,0,0,0,0,0,0,0,0,0,0,none,k0p0,,,,,0,,,0,0,0,,,,,,,,,,,,,,,,,
P00572,K08,,2015,NICHD,pre_policy,0,0,0,0,0,0,0,1,0,0,0,0,0,0,0,0,0,0,0,0,0,0,0,0,0,1,1,1,1,1,1,1,1,0,0,pre_early,0,0,0,1,0,0,0,0,0,0,0,0,0,0,0,0,0,none,k0p0,,,,,0,,,0,0,0,,,,,,,,,,,,,,,,,
P00573,K23,,2015,NIA,pre_policy,0,1,0,0,0,0,0,0,0,0,0,0,0,0,0,0,0,0,0,0,0,0,0,0,0,0,0,0,0,0,0,0,1,0,0,pre_early,0,0,0,1,0,0,0,0,0,0,0,0,0,0,0,0,0,none,k0p0,,,,,0,,,0,0,1,0,0,0,0,0,0,0,0,0,0,0,0,0,0,0,0,0
P00574,K23,,2015,NHLBI,pre_policy,0,0,0,0,0,0,0,0,0,0,0,0,0,0,0,0,0,0,0,0,0,0,0,0,0,0,0,0,0,0,0,0,1,0,0,pre_early,0,0,0,1,0,0,0,0,0,0,0,0,0,0,0,0,0,none,k0p0,,,,,0,,,0,0,0,,,,,,,,,,,,,,,,,
P00575,K08,,2015,NHLBI,pre_policy,0,0,0,0,0,0,0,1,0,0,0,0,0,0,0,0,0,0,0,0,0,0,0,0,0,1,1,1,1,1,1,1,1,0,0,pre_early,0,0,0,1,0,0,0,0,0,0,0,0,0,0,0,0,0,none,k0p0,,,,,0,,,0,0,0,,,,,,,,,,,,,,,,,
P00576,K23,,2015,NIDDK,pre_policy,0,0,0,0,0,0,1,0,0,0,0,0,0,0,0,0,0,0,0,0,0,0,0,0,0,0,1,0,0,1,0,0,1,0,1,pre_early,0,0,0,1,0,0,0,0,0,0,0,0,0,0,0,0,0,none,k0p0,,,,,0,,,0,0,0,,,,,,,,,,,,,,,,,
P00577,K23,,2015,NIDDK,pre_policy,0,0,0,0,0,0,0,1,0,0,0,0,0,0,0,0,0,0,0,0,0,0,0,0,0,1,1,1,1,1,1,1,1,0,0,pre_early,0,0,0,1,0,0,0,0,0,0,0,0,0,0,0,0,0,none,k0p0,,,,,0,,,0,0,0,,,,,,,,,,,,,,,,,
P00578,K23,,2015,NIDDK,pre_policy,0,0,1,1,0,1,1,0,0,0,0,1,1,0,1,1,0,0,1,0,0,0,0,0,0,0,0,0,0,0,0,0,1,0,1,pre_early,0,0,0,1,1,0,1,0,0,0,0,1,0,1,1,1,0,new_trial,k0p1,,,,,0,,,0,0,0,,,,,,,,,,,,,,,,,
P00579,K08,,2015,NCI,pre_policy,0,0,0,0,0,0,0,0,0,0,0,0,0,0,0,0,0,0,0,0,0,0,0,0,0,1,1,1,1,1,1,1,1,0,0,pre_early,0,0,0,1,0,0,0,0,0,0,0,0,0,0,0,0,0,none,k0p0,,,,,0,,,0,0,0,,,,,,,,,,,,,,,,,
P00580,K23,,2015,NIMH,pre_policy,0,1,0,0,0,0,0,0,0,0,0,0,0,0,0,0,0,0,0,0,0,0,0,0,0,0,0,0,0,0,0,0,1,0,0,pre_early,0,0,0,1,0,0,0,0,0,0,0,0,0,0,0,0,0,none,k0p0,,,,,0,,,0,0,1,0,0,0,0,0,0,0,0,0,0,0,0,0,0,0,0,0
P00581,K23,,2015,NIAAA,pre_policy,0,1,0,1,0,0,0,0,0,1,0,0,0,0,0,0,0,1,0,0,0,0,1,1,0,0,0,0,0,0,0,0,1,0,0,pre_early,1,0,0,1,0,0,0,1,0,0,1,0,1,0,0,0,0,ktrial_only,k1p0,,,,,0,,,0,0,1,1,0,1,0,0,1,0,0,0,1,1,1,1,0,0,0,0
P00582,K08,,2015,NCI,pre_policy,0,0,0,0,0,0,0,1,0,0,0,0,0,0,0,0,0,0,0,0,0,0,0,0,0,1,1,1,1,1,1,1,1,0,0,pre_early,0,0,0,1,0,0,0,0,0,0,0,0,0,0,0,0,0,none,k0p0,,,,,0,,,0,0,0,,,,,,,,,,,,,,,,,
P00583,K23,,2015,NINR,pre_policy,0,1,0,1,0,0,0,0,0,1,0,0,0,0,0,0,0,1,0,0,0,0,1,1,0,0,1,0,0,1,0,0,1,0,0,pre_early,0,0,0,1,0,0,0,1,0,0,1,0,1,0,0,0,1,ktrial_only,k1p0,k1p0,k1p0,k1p0,k1p0,0,,,0,0,1,1,1,0,0,0,1,0,0,1,0,0,0,0,0,0,0,0
P00584,K23,,2015,NHLBI,pre_policy,0,1,0,0,0,0,1,0,0,0,0,0,0,0,0,0,0,0,0,0,0,0,1,0,0,0,0,0,0,0,0,0,1,0,0,pre_early,0,0,0,1,0,0,0,0,0,0,0,0,0,0,0,0,0,none,k0p0,,,,,0,,,0,0,1,0,0,0,0,0,0,0,0,0,0,0,0,0,0,0,0,0
P00585,K23,,2015,NIA,pre_policy,0,0,0,0,0,0,0,0,0,0,0,0,0,0,0,0,0,0,0,0,0,0,0,0,0,0,0,0,1,1,1,1,1,0,0,pre_early,0,0,0,1,0,0,0,0,0,0,0,0,0,0,0,0,0,none,k0p0,,,,,0,,,0,0,0,,,,,,,,,,,,,,,,,
P00586,K23,,2015,NIDDK,pre_policy,0,1,0,1,0,0,0,0,0,1,0,0,0,0,0,0,0,1,0,0,0,0,1,1,0,0,1,0,0,1,0,0,1,0,0,pre_early,1,1,1,1,1,1,1,1,0,0,1,0,1,0,0,1,1,ktrial_only,k1p0,k1p0,k1p0,k1p0,k1p0,0,,,0,0,1,1,1,0,0,0,1,0,0,1,0,1,1,1,0,1,1,1
P00587,K08,,2015,NHLBI,pre_policy,0,0,0,0,0,0,0,0,0,0,0,0,0,0,0,0,0,0,0,0,0,0,0,0,0,0,0,0,0,0,0,0,1,0,0,pre_early,0,0,0,1,0,0,0,0,0,0,0,0,0,0,0,0,0,none,k0p0,,,,,0,,,0,0,0,,,,,,,,,,,,,,,,,
P00588,K08,,2015,NIGMS,pre_policy,0,0,0,0,0,0,0,1,0,0,0,0,0,0,0,0,0,0,0,0,0,0,0,0,0,1,1,1,1,1,1,1,1,0,0,pre_early,0,0,0,1,0,0,0,0,0,0,0,0,0,0,0,0,0,none,k0p0,,,,,0,,,0,0,0,,,,,,,,,,,,,,,,,
P00589,K23,,2015,NICHD,pre_policy,0,0,0,0,0,0,0,0,0,0,0,0,0,0,0,0,0,0,0,0,0,0,0,0,0,0,1,0,0,1,0,0,1,0,0,pre_early,0,0,0,1,1,1,1,0,0,0,0,0,0,0,0,1,0,none,k0p0,,,,,0,,,0,0,0,,,,,,,,,,,,,,,,,
P00590,K23,,2015,NIA,pre_policy,0,0,0,0,0,0,0,1,0,0,0,0,0,0,0,0,0,0,0,0,0,0,0,0,0,1,1,1,1,1,1,1,1,0,0,pre_early,0,0,0,1,0,0,0,0,0,0,0,0,0,0,0,0,0,none,k0p0,,,,,1,0,0,0,0,0,,,,,,,,,,,,,,,,,
P00591,K23,,2015,NIA,pre_policy,0,1,0,0,0,0,0,0,0,0,0,0,0,0,0,0,0,0,0,0,0,0,0,0,0,0,0,0,0,0,0,0,1,0,0,pre_early,0,0,0,1,0,0,0,0,0,0,0,0,0,0,0,0,0,none,k0p0,,,,,1,1,1,0,0,1,0,0,0,0,0,0,0,0,0,0,0,0,0,0,0,0,0
P00592,K23,,2015,NIDA,pre_policy,0,1,1,1,1,0,0,0,0,1,1,0,1,1,1,1,0,1,1,0,0,0,1,1,0,0,0,0,0,1,0,0,1,0,0,pre_early,1,1,0,1,1,0,1,1,0,0,1,1,1,0,1,1,0,new_trial,k1p1,,,,,0,,,0,0,1,1,1,0,0,0,1,0,0,1,0,1,1,1,0,1,1,1
P00593,K23,,2015,NIA,pre_policy,0,0,0,0,0,0,0,0,0,0,0,0,0,0,0,0,0,0,0,0,0,0,0,0,0,0,0,0,0,0,0,0,1,0,0,pre_early,0,0,0,1,0,0,0,0,0,0,0,0,0,0,0,0,0,none,k0p0,,,,,0,,,0,0,0,,,,,,,,,,,,,,,,,
P00594,K23,,2015,NIAMS,pre_policy,0,0,0,0,0,0,0,0,0,0,0,0,0,0,0,0,0,0,0,0,0,0,0,0,0,0,0,0,0,0,0,0,1,0,0,pre_early,0,0,0,1,0,0,0,0,0,0,0,0,0,0,0,0,0,none,k0p0,,,,,0,,,0,0,0,,,,,,,,,,,,,,,,,
P00595,K08,,2015,NCI,pre_policy,0,0,0,0,0,0,0,0,0,0,0,0,0,0,0,0,0,0,0,0,0,0,0,0,0,0,1,0,0,1,0,0,1,0,0,pre_early,0,0,0,1,0,0,0,0,0,0,0,0,0,0,0,0,0,none,k0p0,,,,,0,,,0,0,0,,,,,,,,,,,,,,,,,
P00596,K23,,2015,NICHD,pre_policy,0,1,0,0,0,0,0,0,0,0,0,0,0,0,0,0,0,0,0,0,0,0,0,0,0,0,0,0,0,0,0,0,1,0,0,pre_early,0,0,0,1,0,0,0,0,0,0,0,0,0,0,0,0,0,none,k0p0,,,,,0,,,0,0,1,0,0,0,0,0,0,0,0,0,0,0,0,0,0,0,0,0
P00597,K23,,2015,NHLBI,pre_policy,0,0,0,0,0,0,0,1,0,0,0,0,0,0,0,0,0,0,0,0,0,0,0,0,0,1,1,1,1,1,1,1,1,0,0,pre_early,0,0,0,1,1,1,1,0,0,0,0,0,0,0,0,1,0,none,k0p0,,,,,1,0,0,0,0,0,,,,,,,,,,,,,,,,,
P00598,K08,,2015,NIDDK,pre_policy,0,0,0,0,0,0,0,0,0,0,0,0,0,0,0,0,0,0,0,0,0,0,0,0,0,0,0,0,0,0,0,0,1,0,0,pre_early,0,0,0,1,0,0,0,0,0,0,0,0,0,0,0,0,0,none,k0p0,,,,,0,,,0,0,0,,,,,,,,,,,,,,,,,
P00599,K08,,2015,NHLBI,pre_policy,0,0,0,0,0,0,0,1,0,0,0,0,0,0,0,0,0,0,0,0,0,0,0,0,0,1,1,1,1,1,1,1,1,0,0,pre_early,0,0,0,1,1,1,1,0,0,0,0,0,0,0,0,1,0,none,k0p0,,,,,0,,,0,0,0,,,,,,,,,,,,,,,,,
P00600,K08,,2015,NIA,pre_policy,0,0,0,0,0,0,0,0,0,0,0,0,0,0,0,0,0,0,0,0,0,0,0,0,0,0,0,0,0,0,0,0,1,0,0,pre_early,0,0,0,1,0,0,0,0,0,0,0,0,0,0,0,0,0,none,k0p0,,,,,0,,,0,0,0,,,,,,,,,,,,,,,,,
P00601,K23,,2015,NHLBI,pre_policy,0,1,1,1,0,1,1,0,0,0,0,0,1,0,1,1,0,0,1,0,1,1,1,0,0,0,0,0,0,0,0,0,1,0,0,pre_early,0,0,0,1,1,0,1,0,0,0,0,1,0,1,1,1,0,new_trial,k0p1,,,,,0,,,0,0,1,0,0,0,0,0,0,0,0,0,0,0,0,0,0,0,0,0
P00602,K08,,2015,NIDDK,pre_policy,0,0,0,0,0,0,0,0,0,0,0,0,0,0,0,0,0,0,0,0,0,0,0,0,0,0,0,0,0,0,0,0,1,0,0,pre_early,0,0,0,1,0,0,0,0,0,0,0,0,0,0,0,0,0,none,k0p0,,,,,0,,,0,0,0,,,,,,,,,,,,,,,,,
P00603,K08,,2015,NIAAA,pre_policy,0,0,0,0,0,0,0,0,0,0,0,0,0,0,0,0,0,0,0,0,0,0,0,0,0,0,0,0,0,0,0,0,1,0,0,pre_early,0,0,0,1,0,0,0,0,0,0,0,0,0,0,0,0,0,none,k0p0,,,,,0,,,0,0,0,,,,,,,,,,,,,,,,,
P00604,K08,,2015,NIDDK,pre_policy,0,0,0,0,0,0,0,0,0,0,0,0,0,0,0,0,0,0,0,0,0,0,0,0,0,0,0,0,1,1,1,1,1,0,0,pre_early,0,0,0,1,0,0,0,0,0,0,0,0,0,0,0,0,0,none,k0p0,,,,,0,,,0,0,0,,,,,,,,,,,,,,,,,
P00605,K08,,2015,NHLBI,pre_policy,0,0,0,0,0,0,0,0,0,0,0,0,0,0,0,0,0,0,0,0,0,0,0,0,0,0,1,0,0,1,0,0,1,0,0,pre_early,0,0,0,1,0,0,0,0,0,0,0,0,0,0,0,0,0,none,k0p0,,,,,0,,,0,0,0,,,,,,,,,,,,,,,,,
P00606,K23,,2015,NIAMS,pre_policy,0,0,0,0,0,0,1,0,0,0,0,0,0,0,0,0,0,0,0,0,0,0,0,0,0,0,1,0,0,1,0,0,1,0,1,pre_early,0,0,0,1,0,0,0,0,0,0,0,0,0,0,0,0,0,none,k0p0,,,,,0,,,0,0,0,,,,,,,,,,,,,,,,,
P00607,K08,,2015,NIDDK,pre_policy,0,0,0,0,0,0,0,1,0,0,0,0,0,0,0,0,0,0,0,0,0,0,0,0,0,1,1,1,1,1,1,1,1,0,0,pre_early,0,0,0,1,0,0,0,0,0,0,0,0,0,0,0,0,0,none,k0p0,,,,,0,,,0,0,0,,,,,,,,,,,,,,,,,
P00608,K23,,2015,NIAMS,pre_policy,0,0,1,1,1,1,0,0,0,0,0,0,0,0,1,1,0,0,1,0,0,0,0,0,0,0,0,0,0,0,0,0,1,0,0,pre_early,0,0,0,1,1,0,1,0,0,0,0,1,0,1,1,1,0,new_trial,k0p1,,,,,0,,,0,0,0,,,,,,,,,,,,,,,,,
P00609,K23,,2015,NEI,pre_policy,0,0,0,0,0,0,0,0,0,0,0,0,0,0,0,0,0,0,0,0,0,0,0,0,0,0,0,0,0,0,0,0,1,0,0,pre_early,0,0,0,1,0,0,0,0,0,0,0,0,0,0,0,0,0,none,k0p0,,,,,0,,,0,0,0,,,,,,,,,,,,,,,,,
P00610,K08,,2015,NIDDK,pre_policy,0,0,0,0,0,0,0,0,0,0,0,0,0,0,0,0,0,0,0,0,0,0,0,0,0,0,0,0,0,0,0,0,1,0,0,pre_early,0,0,0,1,0,0,0,0,0,0,0,0,0,0,0,0,0,none,k0p0,,,,,0,,,0,0,0,,,,,,,,,,,,,,,,,
P00611,K08,,2015,NIAMS,pre_policy,0,0,0,0,0,0,0,0,0,0,0,0,0,0,0,0,0,0,0,0,0,0,0,0,0,0,0,0,0,0,0,0,1,0,0,pre_early,0,0,0,1,0,0,0,0,0,0,0,0,0,0,0,0,0,none,k0p0,,,,,0,,,0,0,0,,,,,,,,,,,,,,,,,
P00612,K23,,2015,NHLBI,pre_policy,0,1,1,1,1,1,0,0,0,0,0,1,1,0,1,1,0,0,1,0,0,0,0,0,0,0,0,0,0,1,0,0,1,0,0,pre_early,0,0,0,1,1,0,1,0,0,0,0,1,0,1,1,1,0,new_trial,k0p1,,,,,1,1,1,0,0,1,0,0,0,0,0,0,0,0,0,0,0,0,0,0,0,0,0
P00613,K23,,2015,NIMH,pre_policy,0,0,0,0,0,0,0,0,0,0,0,0,0,0,0,0,0,0,0,0,0,0,0,0,0,0,0,0,0,0,0,0,1,0,0,pre_early,0,0,0,1,0,0,0,0,0,0,0,0,0,0,0,0,0,none,k0p0,,,,,0,,,0,0,0,,,,,,,,,,,,,,,,,
P00614,K08,,2015,NEI,pre_policy,0,0,0,0,0,0,0,0,0,0,0,0,0,0,0,0,0,0,0,0,0,0,0,0,0,0,1,0,0,1,0,0,1,0,0,pre_early,0,0,0,1,0,0,0,0,0,0,0,0,0,0,0,0,0,none,k0p0,,,,,0,,,0,0,0,,,,,,,,,,,,,,,,,
P00615,K08,,2015,NCI,pre_policy,0,0,0,0,0,0,0,0,0,0,0,0,0,0,0,0,0,0,0,0,0,0,0,0,0,0,1,0,0,1,0,0,1,0,0,pre_early,0,0,0,1,0,0,0,0,0,0,0,0,0,0,0,0,0,none,k0p0,,,,,0,,,0,0,0,,,,,,,,,,,,,,,,,
P00616,K08,,2015,NHLBI,pre_policy,0,0,0,0,0,0,0,0,0,0,0,0,0,0,0,0,0,0,0,0,0,0,0,0,0,0,0,0,0,0,0,0,1,0,0,pre_early,0,0,0,1,0,0,0,0,0,0,0,0,0,0,0,0,0,none,k0p0,,,,,0,,,0,0,0,,,,,,,,,,,,,,,,,
P00617,K08,,2015,NIGMS,pre_policy,0,0,0,0,0,0,0,0,0,0,0,0,0,0,0,0,0,0,0,0,0,0,0,0,0,0,0,0,0,0,0,0,1,0,0,pre_early,0,0,0,1,0,0,0,0,0,0,0,0,0,0,0,0,0,none,k0p0,,,,,0,,,0,0,0,,,,,,,,,,,,,,,,,
P00618,K08,,2015,NHLBI,pre_policy,0,0,0,0,0,0,0,1,0,0,0,0,0,0,0,0,0,0,0,0,0,0,0,0,0,1,1,1,1,1,1,1,1,0,0,pre_early,0,0,0,1,0,0,0,0,0,0,0,0,0,0,0,0,0,none,k0p0,,,,,0,,,0,0,0,,,,,,,,,,,,,,,,,
P00619,K23,,2015,NIA,pre_policy,0,1,0,0,0,0,0,1,0,0,0,0,0,0,1,0,0,0,0,0,0,0,0,0,0,1,1,1,1,1,1,1,1,1,0,pre_early,0,0,0,1,0,0,0,0,0,0,0,0,0,0,0,0,0,none,k0p0,,,,,0,,,0,0,0,,,,,,,,,,,,,,,,,
P00620,K08,,2015,NIDDK,pre_policy,0,0,0,0,0,0,0,1,0,0,0,0,0,0,0,0,0,0,0,0,0,0,0,0,0,1,1,1,1,1,1,1,1,0,0,pre_early,0,0,0,1,0,0,0,0,0,0,0,0,0,0,0,0,0,none,k0p0,,,,,0,,,0,0,0,,,,,,,,,,,,,,,,,
P00621,K23,,2015,NIDDK,pre_policy,0,1,0,0,0,0,0,0,0,0,0,0,0,0,1,0,0,0,0,0,0,0,0,0,0,0,0,0,0,0,0,0,1,0,0,pre_early,0,0,0,1,0,0,0,0,0,0,0,0,0,0,0,0,0,none,k0p0,,,,,0,,,0,0,1,0,0,0,0,0,0,0,0,0,0,0,0,0,0,0,0,0
P00622,K08,,2015,NCI,pre_policy,0,0,0,0,0,0,1,1,0,0,0,0,0,0,0,0,0,0,0,0,0,0,1,0,0,1,1,1,1,1,1,1,1,0,0,pre_early,0,0,0,1,0,0,0,0,0,0,0,0,0,0,0,0,0,none,k0p0,,,,,0,,,0,0,0,,,,,,,,,,,,,,,,,
P00623,K23,,2015,NHLBI,pre_policy,0,0,0,0,0,0,0,1,0,0,0,0,0,0,0,0,0,0,0,0,0,0,0,0,0,1,1,1,1,1,1,1,1,0,0,pre_early,0,0,0,1,1,1,1,0,0,0,0,0,0,0,0,1,0,none,k0p0,,,,,0,,,0,0,0,,,,,,,,,,,,,,,,,
P00624,K23,,2015,NIA,pre_policy,0,0,0,0,0,0,0,0,0,0,0,0,0,0,0,0,0,0,0,0,0,0,0,0,0,0,0,0,0,0,0,0,1,0,0,pre_early,0,0,0,1,0,0,0,0,0,0,0,0,0,0,0,0,0,none,k0p0,,,,,0,,,0,0,0,,,,,,,,,,,,,,,,,
P00625,K23,,2015,NIDDK,pre_policy,0,1,0,0,0,0,1,0,0,0,0,0,0,0,0,0,0,0,0,0,0,0,1,0,0,0,0,0,0,1,0,0,1,0,1,pre_early,0,0,0,1,0,0,0,0,0,0,0,0,0,0,0,0,0,none,k0p0,,,,,0,,,0,0,1,0,0,0,0,0,0,0,0,0,0,0,0,0,0,0,0,0
P00626,K23,,2015,NEI,pre_policy,0,0,0,0,0,0,0,0,0,0,0,0,0,0,0,0,0,0,0,0,0,0,0,0,0,0,1,0,0,1,0,0,1,0,0,pre_early,0,0,0,1,0,0,0,0,0,0,0,0,0,0,0,0,0,none,k0p0,,,,,0,,,0,0,0,,,,,,,,,,,,,,,,,
P00627,K23,,2015,NCCIH,pre_policy,0,1,0,1,0,0,0,0,0,1,0,0,0,0,0,0,0,1,0,0,0,0,1,1,0,0,0,0,0,0,0,0,1,0,0,pre_early,1,0,0,1,0,0,0,1,0,0,1,0,1,0,0,0,0,ktrial_only,k1p0,,,,,0,,,0,0,1,1,1,0,0,0,1,0,0,1,0,1,1,1,0,0,1,1
P00628,K23,,2015,NIDA,pre_policy,0,1,1,1,0,1,0,0,0,1,0,0,1,0,1,0,0,1,1,0,1,1,1,1,0,0,0,0,0,0,0,0,1,0,0,pre_early,1,0,0,1,1,0,1,1,0,0,1,1,1,1,1,1,0,new_trial,k1p1,,,,,0,,,0,0,1,1,1,0,0,0,1,0,0,1,0,1,1,0,0,0,0,0
P00629,K08,,2015,NINDS,pre_policy,0,0,0,0,0,0,0,0,0,0,0,0,0,0,0,0,0,0,0,0,0,0,0,0,0,0,1,0,0,1,0,0,1,0,0,pre_early,0,0,0,1,0,0,0,0,0,0,0,0,0,0,0,0,0,none,k0p0,,,,,0,,,0,0,0,,,,,,,,,,,,,,,,,
P00630,K08,,2015,NINDS,pre_policy,0,0,0,0,0,0,0,0,0,0,0,0,0,0,0,0,0,0,0,0,0,0,0,0,0,0,1,0,0,1,0,0,1,0,0,pre_early,0,0,0,1,0,0,0,0,0,0,0,0,0,0,0,0,0,none,k0p0,,,,,0,,,0,0,0,,,,,,,,,,,,,,,,,
P00631,K23,,2015,NINDS,pre_policy,0,0,1,1,0,1,0,0,0,0,0,0,0,0,1,0,0,0,1,0,0,0,0,0,0,0,0,0,0,0,0,0,1,0,0,pre_early,0,0,0,1,1,0,1,0,0,0,0,1,0,1,1,1,0,new_trial,k0p1,,,,,0,,,0,0,0,,,,,,,,,,,,,,,,,
P00632,K08,,2015,NINDS,pre_policy,0,0,0,0,0,0,0,0,0,0,0,0,0,0,0,0,0,0,0,0,0,0,0,0,0,0,1,0,0,1,0,0,1,0,0,pre_early,0,0,0,1,0,0,0,0,0,0,0,0,0,0,0,0,0,none,k0p0,,,,,0,,,0,0,0,,,,,,,,,,,,,,,,,
P00633,K23,,2015,NINDS,pre_policy,0,0,0,0,0,0,0,1,0,0,0,0,0,0,0,0,0,0,0,0,0,0,0,0,0,1,1,1,1,1,1,1,1,0,0,pre_early,0,0,0,1,0,0,0,0,0,0,0,0,0,0,0,0,1,none,k0p0,k0p0,k0p0,k0p0,k0p0,0,,,0,0,0,,,,,,,,,,,,,,,,,
P00634,K23,,2015,NINR,pre_policy,0,0,0,0,0,0,0,0,0,0,0,0,0,0,0,0,0,0,0,0,0,0,0,0,0,0,1,0,0,1,0,0,1,0,0,pre_early,0,0,0,1,0,0,0,0,0,0,0,0,0,0,0,0,0,none,k0p0,,,,,0,,,0,0,0,,,,,,,,,,,,,,,,,
P00635,K23,,2015,NIDCD,pre_policy,0,0,0,0,0,0,0,0,0,0,0,0,0,0,0,0,0,0,0,0,0,0,0,0,0,0,0,0,0,0,0,0,1,0,0,pre_early,0,0,0,1,0,0,0,0,0,0,0,0,0,0,0,0,0,none,k0p0,,,,,0,,,0,0,0,,,,,,,,,,,,,,,,,
P00636,K08,,2015,NHLBI,pre_policy,0,0,0,0,0,0,0,0,0,0,0,0,0,0,0,0,0,0,0,0,0,0,0,0,0,0,0,0,0,0,0,0,1,0,0,pre_early,0,0,0,1,0,0,0,0,0,0,0,0,0,0,0,0,0,none,k0p0,,,,,0,,,0,0,0,,,,,,,,,,,,,,,,,
P00637,K08,,2015,NHLBI,pre_policy,0,0,0,0,0,0,0,1,0,0,0,0,0,0,0,0,0,0,0,0,0,0,0,0,0,1,1,1,1,1,1,1,1,0,0,pre_early,0,0,0,1,0,0,0,0,0,0,0,0,0,0,0,0,0,none,k0p0,,,,,0,,,0,0,0,,,,,,,,,,,,,,,,,
P00638,K23,,2015,NIDDK,pre_policy,0,0,0,0,0,0,0,0,0,0,0,0,0,0,0,0,0,0,0,0,0,0,0,0,0,0,1,0,0,1,0,0,1,0,0,pre_early,0,0,0,1,0,0,0,0,0,0,0,0,0,0,0,0,0,none,k0p0,,,,,0,,,0,0,0,,,,,,,,,,,,,,,,,
P00639,K23,,2015,NIDDK,pre_policy,0,0,0,0,0,0,0,1,0,0,0,0,0,0,0,0,0,0,0,0,0,0,0,0,0,1,1,1,1,1,1,1,1,0,0,pre_early,0,0,0,1,0,0,0,0,0,0,0,0,0,0,0,0,0,none,k0p0,,,,,0,,,0,0,0,,,,,,,,,,,,,,,,,
P00640,K23,,2015,NHLBI,pre_policy,0,0,0,0,0,0,0,0,0,0,0,0,0,0,0,0,0,0,0,0,0,0,0,0,0,0,0,0,0,0,0,0,1,0,0,pre_early,0,0,0,1,1,1,1,0,0,0,0,0,0,0,0,1,0,none,k0p0,,,,,0,,,0,0,0,,,,,,,,,,,,,,,,,
P00641,K08,,2015,NHLBI,pre_policy,0,0,0,0,0,0,0,0,0,0,0,0,0,0,0,0,0,0,0,0,0,0,0,0,0,0,0,0,0,0,0,0,1,0,0,pre_early,0,0,0,1,0,0,0,0,0,0,0,0,0,0,0,0,0,none,k0p0,,,,,0,,,0,0,0,,,,,,,,,,,,,,,,,
P00642,K08,,2015,NIDDK,pre_policy,0,0,0,0,0,0,0,0,0,0,0,0,0,0,0,0,0,0,0,0,0,0,0,0,0,0,1,0,0,1,0,0,1,0,0,pre_early,0,0,0,1,0,0,0,0,0,0,0,0,0,0,0,0,0,none,k0p0,,,,,0,,,0,0,0,,,,,,,,,,,,,,,,,
P00643,K08,,2015,NHLBI,pre_policy,0,0,0,0,0,0,0,0,0,0,0,0,0,0,0,0,0,0,0,0,0,0,0,0,0,0,0,0,0,1,0,0,1,0,0,pre_early,0,0,0,1,0,0,0,0,0,0,0,0,0,0,0,0,0,none,k0p0,,,,,0,,,0,0,0,,,,,,,,,,,,,,,,,
P00644,K23,,2015,NIDDK,pre_policy,0,1,0,1,0,0,0,0,0,1,1,0,0,0,0,0,0,1,0,0,0,0,1,1,0,0,0,0,0,0,0,0,1,0,0,pre_early,1,1,0,1,1,1,1,1,0,0,1,0,1,0,0,1,0,ktrial_only,k1p0,,,,,0,,,0,0,1,1,1,0,0,0,1,0,0,1,0,1,1,1,0,1,1,1
P00645,K08,,2015,NIDDK,pre_policy,0,0,0,0,0,0,0,0,0,0,0,0,0,0,0,0,0,0,0,0,0,0,0,0,0,0,1,0,0,1,0,0,1,0,0,pre_early,0,0,0,1,0,0,0,0,0,0,0,0,0,0,0,0,0,none,k0p0,,,,,0,,,0,0,0,,,,,,,,,,,,,,,,,
P00646,K23,,2015,NIMH,pre_policy,0,0,0,0,0,0,0,0,0,0,0,0,0,0,0,0,0,0,0,0,0,0,0,0,0,0,0,0,0,0,0,0,1,0,0,pre_early,0,0,0,1,0,0,0,0,0,0,0,0,0,0,0,0,0,none,k0p0,,,,,0,,,0,0,0,,,,,,,,,,,,,,,,,
P00647,K23,,2015,NINDS,pre_policy,0,0,0,0,0,0,1,0,0,0,0,0,0,0,0,0,0,0,0,0,0,0,0,0,0,0,0,0,0,0,0,0,1,0,1,pre_early,0,0,0,1,0,0,0,0,0,0,0,0,0,0,0,0,0,none,k0p0,,,,,0,,,0,0,0,,,,,,,,,,,,,,,,,
P00648,K23,,2015,NINDS,pre_policy,0,0,1,1,0,1,1,0,0,0,0,0,1,1,1,0,0,0,1,1,0,0,0,0,0,0,0,0,0,0,0,0,1,0,1,pre_early,0,0,0,1,1,0,1,0,0,0,0,1,0,1,1,1,0,new_trial,k0p1,,,,,0,,,0,0,0,,,,,,,,,,,,,,,,,
P00649,K23,,2015,NIMH,pre_policy,0,1,1,1,1,1,0,0,0,1,1,0,1,1,1,1,0,1,1,1,0,0,1,1,0,0,1,0,0,1,0,0,1,0,0,pre_early,1,1,1,1,1,0,1,1,0,0,1,1,1,1,1,1,0,new_trial,k1p1,,,,,1,1,1,0,0,1,1,0,1,0,0,1,0,0,0,1,1,1,1,0,1,0,0
P00650,K23,,2015,NIMH,pre_policy,0,1,1,1,0,0,0,0,1,1,0,0,1,0,1,1,0,1,1,0,0,0,1,1,0,0,0,0,0,0,0,0,1,0,0,pre_early,1,1,0,1,1,0,1,1,0,0,1,1,1,1,0,1,0,new_trial,k1p1,,,,,0,,,0,0,1,1,1,0,0,0,1,0,0,1,0,1,1,1,0,1,0,0
P00651,K23,,2015,NIDDK,pre_policy,0,0,0,0,0,0,0,0,0,0,0,0,0,0,0,0,0,0,0,0,0,0,0,0,0,0,0,0,0,0,0,0,1,0,0,pre_early,0,0,0,1,0,0,0,0,0,0,0,0,0,0,0,0,0,none,k0p0,,,,,0,,,0,0,0,,,,,,,,,,,,,,,,,
P00652,K23,,2015,NIMH,pre_policy,0,0,0,0,0,0,0,1,0,0,0,0,0,0,0,0,0,0,0,0,0,0,0,0,0,1,1,1,1,1,1,1,1,0,0,pre_early,0,0,0,1,0,0,0,0,0,0,0,0,0,0,0,0,0,none,k0p0,,,,,0,,,0,0,0,,,,,,,,,,,,,,,,,
P00653,K23,,2015,NIMH,pre_policy,0,0,0,0,0,0,0,0,0,0,0,0,0,0,0,0,0,0,0,0,0,0,0,0,0,0,1,0,0,1,0,0,1,0,0,pre_early,0,0,0,1,0,0,0,0,0,0,0,0,0,0,0,0,0,none,k0p0,,,,,0,,,0,0,0,,,,,,,,,,,,,,,,,
P00654,K23,,2015,NIMH,pre_policy,0,0,0,0,0,0,0,0,0,0,0,0,0,0,0,0,0,0,0,0,0,0,0,0,0,0,1,0,0,1,0,0,1,0,0,pre_early,0,0,0,1,0,0,0,0,0,0,0,0,0,0,0,0,0,none,k0p0,,,,,0,,,0,0,0,,,,,,,,,,,,,,,,,
P00655,K23,,2015,NIDDK,pre_policy,0,1,0,0,0,0,0,0,0,0,0,0,0,0,0,0,0,0,0,0,0,0,0,0,0,0,1,0,0,1,0,0,1,0,0,pre_early,0,0,0,1,1,1,1,0,0,0,0,0,0,0,0,1,0,none,k0p0,,,,,0,,,0,0,1,0,0,0,0,0,0,0,0,0,0,0,0,0,0,0,0,0
P00656,K23,,2015,NIDDK,pre_policy,0,1,1,1,1,1,0,0,0,0,0,0,1,1,1,1,0,0,1,0,0,0,0,0,0,0,0,0,0,0,0,0,1,0,0,pre_early,0,0,0,1,1,0,1,0,0,0,0,1,0,1,1,1,1,new_trial,k0p1,k0p1,,k0p1,,1,1,1,0,0,1,0,0,0,0,0,0,0,0,0,0,0,0,0,0,0,0,0
P00657,K23,,2015,NIDDK,pre_policy,0,0,0,0,0,0,0,0,0,0,0,0,0,0,0,0,0,0,0,0,0,0,0,0,0,0,0,0,0,0,0,0,1,0,0,pre_early,0,0,0,1,0,0,0,0,0,0,0,0,0,0,0,0,0,none,k0p0,,,,,0,,,0,0,0,,,,,,,,,,,,,,,,,
P00658,K08,,2015,NIDDK,pre_policy,0,0,0,0,0,0,0,0,0,0,0,0,0,0,0,0,0,0,0,0,0,0,0,0,0,0,0,0,0,0,0,0,1,0,0,pre_early,0,0,0,1,0,0,0,0,0,0,0,0,0,0,0,0,0,none,k0p0,,,,,0,,,0,0,0,,,,,,,,,,,,,,,,,
P00659,K23,,2015,NIMH,pre_policy,0,0,0,0,0,0,0,1,0,0,0,0,0,0,0,0,0,0,0,0,0,0,0,0,0,1,1,1,1,1,1,1,1,0,0,pre_early,0,0,0,1,0,0,0,0,0,0,0,0,0,0,0,0,0,none,k0p0,,,,,0,,,0,0,0,,,,,,,,,,,,,,,,,
P00660,K23,,2015,NINDS,pre_policy,0,0,1,1,1,1,0,0,0,0,0,0,1,1,1,1,0,0,1,0,1,1,0,0,0,1,1,1,1,1,1,1,1,0,0,pre_early,0,0,0,1,1,0,1,0,0,0,0,1,0,1,1,1,0,new_trial,k0p1,,,,,0,,,0,0,0,,,,,,,,,,,,,,,,,
P00661,K08,,2015,NIGMS,pre_policy,0,0,0,0,0,0,0,1,0,0,0,0,0,0,0,0,0,0,0,0,0,0,0,0,0,1,1,1,1,1,1,1,1,0,0,pre_early,0,0,0,1,0,0,0,0,0,0,0,0,0,0,0,0,0,none,k0p0,,,,,0,,,0,0,0,,,,,,,,,,,,,,,,,
P00662,K08,,2015,NIGMS,pre_policy,0,0,0,0,0,0,0,0,0,0,0,0,0,0,0,0,0,0,0,0,0,0,0,0,0,1,1,1,1,1,1,1,1,0,0,pre_early,0,0,0,1,0,0,0,0,0,0,0,0,0,0,0,0,0,none,k0p0,,,,,0,,,0,0,0,,,,,,,,,,,,,,,,,
P00663,K23,,2015,NIGMS,pre_policy,0,1,0,0,0,0,0,1,0,0,0,0,0,0,0,0,0,0,0,0,0,0,0,0,0,1,1,1,1,1,1,1,1,1,0,pre_early,0,0,0,1,0,0,0,0,0,0,0,0,0,0,0,0,0,none,k0p0,,,,,0,,,0,0,0,,,,,,,,,,,,,,,,,
P00664,K23,,2015,NIMH,pre_policy,0,1,0,0,0,0,0,0,0,0,0,0,0,0,0,0,0,0,0,0,0,0,0,0,0,0,1,0,0,1,0,0,1,0,0,pre_early,0,0,0,1,0,0,0,0,0,0,0,0,0,0,0,0,0,none,k0p0,,,,,0,,,0,0,1,0,0,0,0,0,0,0,0,0,0,0,0,0,0,0,0,0
P00665,K23,,2015,NIDDK,pre_policy,0,0,1,1,1,1,0,1,0,0,0,1,1,1,1,1,0,0,1,0,1,1,0,0,0,1,1,1,1,1,1,1,1,0,0,pre_early,0,0,0,1,1,0,1,0,0,0,0,1,0,1,1,1,0,new_trial,k0p1,,,,,0,,,0,0,0,,,,,,,,,,,,,,,,,
P00666,K23,,2015,NIDDK,pre_policy,0,0,0,0,0,0,0,0,0,0,0,0,0,0,0,0,0,0,0,0,0,0,0,0,0,0,0,0,0,0,0,0,1,0,0,pre_early,0,0,0,1,0,0,0,0,0,0,0,0,0,0,0,0,0,none,k0p0,,,,,0,,,0,0,0,,,,,,,,,,,,,,,,,
P00667,K23,,2015,NIMH,pre_policy,0,0,0,0,0,0,0,0,0,0,0,0,0,0,0,0,0,0,0,0,0,0,0,0,0,0,0,0,0,0,0,0,1,0,0,pre_early,0,0,0,1,0,0,0,0,0,0,0,0,0,0,0,0,0,none,k0p0,,,,,0,,,0,0,0,,,,,,,,,,,,,,,,,
P00668,K23,,2015,NCI,pre_policy,0,1,0,1,0,0,1,0,0,1,0,0,0,0,0,0,0,1,0,0,0,0,1,0,1,0,1,0,0,1,0,0,1,0,1,pre_early,1,0,0,1,1,1,1,0,0,1,1,0,1,0,0,1,1,ktrial_only,k1p0,k1p0,k1p0,k1p0,k1p0,0,,,0,0,1,1,0,1,0,0,1,0,0,0,0,1,1,1,0,0,1,1
P00669,K08,,2015,NCI,pre_policy,0,0,0,0,0,0,0,1,0,0,0,0,0,0,0,0,0,0,0,0,0,0,0,0,0,1,1,1,1,1,1,1,1,0,0,pre_early,0,0,0,1,0,0,0,0,0,0,0,0,0,0,0,0,0,none,k0p0,,,,,0,,,0,0,0,,,,,,,,,,,,,,,,,
P00670,K23,,2015,NIMH,pre_policy,0,0,0,0,0,0,1,1,0,0,0,0,0,0,0,0,0,0,0,0,0,0,0,0,0,1,1,1,1,1,1,1,1,0,1,pre_early,0,0,0,1,1,1,1,0,0,0,0,0,0,0,0,1,1,none,k0p0,k0p0,k0p0,k0p0,k0p0,0,,,0,0,0,,,,,,,,,,,,,,,,,
P00671,K23,,2015,NIMH,pre_policy,0,0,0,0,0,0,0,0,0,0,0,0,0,0,0,0,0,0,0,0,0,0,0,0,0,0,0,0,0,0,0,0,1,0,0,pre_early,0,0,0,1,0,0,0,0,0,0,0,0,0,0,0,0,0,none,k0p0,,,,,1,0,0,0,0,0,,,,,,,,,,,,,,,,,
P00672,K23,,2015,NIMH,pre_policy,0,0,0,1,0,0,0,1,0,1,0,0,0,0,0,0,0,1,0,0,0,0,1,1,0,1,1,1,1,1,1,1,1,0,0,pre_early,1,1,0,1,1,1,1,1,0,0,1,0,1,0,0,1,1,ktrial_only,k1p0,k1p0,k1p0,k1p0,k1p0,0,,,0,0,0,,,,,,,,,,,,,,,,,
P00673,K23,,2015,NIDDK,pre_policy,0,0,0,0,0,0,0,0,0,0,0,0,0,0,0,0,0,0,0,0,0,0,0,0,0,0,1,0,0,1,0,0,1,0,0,pre_early,0,0,0,1,0,0,0,0,0,0,0,0,0,0,0,0,0,none,k0p0,,,,,0,,,0,0,0,,,,,,,,,,,,,,,,,
P00674,K08,,2015,NIDDK,pre_policy,0,0,0,0,0,0,0,0,0,0,0,0,0,0,0,0,0,0,0,0,0,0,0,0,0,0,1,0,0,1,0,0,1,0,0,pre_early,0,0,0,1,0,0,0,0,0,0,0,0,0,0,0,0,0,none,k0p0,,,,,0,,,0,0,0,,,,,,,,,,,,,,,,,
P00675,K23,,2015,NIMH,pre_policy,0,1,0,0,0,0,0,0,0,0,0,0,0,0,0,0,0,0,0,0,0,0,0,0,0,0,0,0,0,0,0,0,1,0,0,pre_early,0,0,0,1,0,0,0,0,0,0,0,0,0,0,0,0,0,none,k0p0,,,,,0,,,0,0,1,0,0,0,0,0,0,0,0,0,0,0,0,0,0,0,0,0
P00676,K23,,2015,NIEHS,pre_policy,0,0,0,0,0,0,0,0,0,0,0,0,0,0,0,0,0,0,0,0,0,0,0,0,0,0,0,0,0,0,0,0,1,0,0,pre_early,0,0,0,1,0,0,0,0,0,0,0,0,0,0,0,0,0,none,k0p0,,,,,0,,,0,0,0,,,,,,,,,,,,,,,,,
P00677,K08,,2015,NIA,pre_policy,0,0,0,0,0,0,0,0,0,0,0,0,0,0,0,0,0,0,0,0,0,0,0,0,0,0,0,0,1,1,1,1,1,0,0,pre_early,0,0,0,1,0,0,0,0,0,0,0,0,0,0,0,0,0,none,k0p0,,,,,0,,,0,0,0,,,,,,,,,,,,,,,,,
P00678,K23,,2015,NIA,pre_policy,0,0,0,0,0,0,0,1,0,0,0,0,0,0,0,0,0,0,0,0,0,0,0,0,0,1,1,1,1,1,1,1,1,0,0,pre_early,0,0,0,1,0,0,0,0,0,0,0,0,0,0,0,0,0,none,k0p0,,,,,0,,,0,0,0,,,,,,,,,,,,,,,,,
P00679,K23,,2015,NEI,pre_policy,0,0,1,1,1,1,1,0,0,1,1,1,1,1,1,1,0,1,1,1,1,1,1,0,1,0,0,0,0,0,0,0,1,0,1,pre_early,1,1,0,1,1,0,1,0,0,1,1,1,1,1,1,1,0,new_trial,k1p1,,,,,0,,,0,0,0,,,,,,,,,,,,,,,,,
P00680,K08,,2015,NINDS,pre_policy,0,0,0,0,0,0,0,0,0,0,0,0,0,0,0,0,0,0,0,0,0,0,0,0,0,0,0,0,0,1,0,0,1,0,0,pre_early,0,0,0,1,0,0,0,0,0,0,0,0,0,0,0,0,0,none,k0p0,,,,,0,,,0,0,0,,,,,,,,,,,,,,,,,
P00681,K08,,2015,NINDS,pre_policy,0,0,0,0,0,0,0,1,0,0,0,0,0,0,0,0,0,0,0,0,0,0,0,0,0,1,1,1,1,1,1,1,1,0,0,pre_early,0,0,0,1,0,0,0,0,0,0,0,0,0,0,0,0,0,none,k0p0,,,,,0,,,0,0,0,,,,,,,,,,,,,,,,,
P00682,K08,,2015,NINDS,pre_policy,0,0,0,0,0,0,0,0,0,0,0,0,0,0,0,0,0,0,0,0,0,0,0,0,0,0,1,0,0,1,0,0,1,0,0,pre_early,0,0,0,1,0,0,0,0,0,0,0,0,0,0,0,0,0,none,k0p0,,,,,0,,,0,0,0,,,,,,,,,,,,,,,,,
P00683,K23,,2015,NINDS,pre_policy,0,1,1,1,0,1,0,1,0,0,0,0,1,0,1,0,0,0,1,0,0,0,0,0,0,1,1,1,1,1,1,1,1,0,0,pre_early,0,0,0,1,1,0,1,0,0,0,0,1,0,1,1,1,1,new_trial,k0p1,k1p0,k1p0,k1p0,k1p0,0,,,0,0,1,0,0,0,0,0,0,0,0,0,0,0,0,0,0,0,0,0
P00684,K08,,2015,NINDS,pre_policy,0,0,0,0,0,0,0,0,0,0,0,0,0,0,0,0,0,0,0,0,0,0,0,0,0,0,1,0,0,1,0,0,1,0,0,pre_early,0,0,0,1,0,0,0,0,0,0,0,0,0,0,0,0,0,none,k0p0,,,,,0,,,0,0,0,,,,,,,,,,,,,,,,,
P00685,K08,,2015,NIDDK,pre_policy,0,0,0,0,0,0,0,0,0,0,0,0,0,0,0,0,0,0,0,0,0,0,0,0,0,0,0,0,0,0,0,0,1,0,0,pre_early,0,0,0,1,0,0,0,0,0,0,0,0,0,0,0,0,0,none,k0p0,,,,,0,,,0,0,0,,,,,,,,,,,,,,,,,
P00686,K08,,2015,NIDDK,pre_policy,0,0,1,1,1,1,0,0,0,0,0,0,1,1,1,0,0,0,1,1,0,0,0,0,0,0,0,0,0,0,0,0,1,0,0,pre_early,0,0,0,1,1,0,1,0,0,0,0,1,0,1,1,1,0,new_trial,k0p1,,,,,0,,,0,0,0,,,,,,,,,,,,,,,,,
P00687,K08,,2015,NIDDK,pre_policy,0,0,0,0,0,0,1,1,0,0,0,0,0,0,0,0,0,0,0,0,0,0,0,0,0,1,1,1,1,1,1,1,1,0,1,pre_early,0,0,0,1,0,0,0,0,0,0,0,0,0,0,0,0,0,none,k0p0,,,,,0,,,0,0,0,,,,,,,,,,,,,,,,,
P00688,K08,,2015,NINDS,pre_policy,0,0,0,0,0,0,0,0,0,0,0,0,0,0,0,0,0,0,0,0,0,0,0,0,0,0,0,0,0,0,0,0,1,0,0,pre_early,0,0,0,1,0,0,0,0,0,0,0,0,0,0,0,0,0,none,k0p0,,,,,0,,,0,0,0,,,,,,,,,,,,,,,,,
P00689,K08,,2015,NEI,pre_policy,0,0,1,1,0,1,0,0,0,0,0,0,0,0,1,0,0,0,1,0,0,0,0,0,0,0,0,0,0,0,0,0,1,0,0,pre_early,0,0,0,1,1,0,1,0,0,0,0,1,0,1,1,1,0,new_trial,k0p1,,,,,0,,,0,0,0,,,,,,,,,,,,,,,,,
P00690,K23,,2015,NICHD,pre_policy,0,0,0,0,0,0,0,1,0,0,0,0,0,0,0,0,0,0,0,0,0,0,0,0,0,1,1,1,1,1,1,1,1,0,0,pre_early,0,0,0,1,1,1,1,0,0,0,0,0,0,0,0,1,0,none,k0p0,,,,,0,,,0,0,0,,,,,,,,,,,,,,,,,
P00691,K23,,2015,NICHD,pre_policy,0,1,0,1,0,0,0,0,0,1,0,0,0,0,0,0,0,1,0,0,0,0,1,1,0,0,0,0,0,0,0,0,1,0,0,pre_early,1,0,0,1,1,1,1,1,0,0,1,0,1,0,0,1,1,ktrial_only,k1p0,k1p0,k1p0,k1p0,k1p0,0,,,0,0,1,1,1,0,0,0,1,0,0,1,0,1,1,0,0,0,0,0
P00692,K08,,2015,NHLBI,pre_policy,0,0,0,0,0,0,0,0,0,0,0,0,0,0,0,0,0,0,0,0,0,0,0,0,0,0,1,0,0,1,0,0,1,0,0,pre_early,0,0,0,1,0,0,0,0,0,0,0,0,0,0,0,0,0,none,k0p0,,,,,0,,,0,0,0,,,,,,,,,,,,,,,,,
P00693,K08,,2016,NIAID,pre_policy,0,0,0,0,0,0,0,0,0,0,0,0,0,0,0,0,0,0,0,0,0,0,0,0,0,0,0,0,0,0,0,0,1,0,0,pre_early,0,0,0,1,0,0,0,0,0,0,0,0,0,0,0,0,0,none,k0p0,,,,,0,,,0,0,0,,,,,,,,,,,,,,,,,
P00694,K23,,2016,NEI,pre_policy,0,0,0,0,0,0,0,0,0,0,0,0,0,0,0,0,0,0,0,0,0,0,0,0,0,0,0,0,0,0,0,0,1,0,0,pre_early,0,0,0,1,0,0,0,0,0,0,0,0,0,0,0,0,0,none,k0p0,,,,,0,,,0,0,0,,,,,,,,,,,,,,,,,
P00695,K08,,2016,NEI,pre_policy,0,0,1,1,1,1,0,1,0,0,0,0,1,1,1,0,0,0,1,0,0,0,0,0,0,0,1,0,0,1,0,0,1,0,0,pre_early,0,0,0,1,1,0,1,0,0,0,0,1,0,1,1,1,0,new_trial,k0p1,,,,,0,,,0,0,0,,,,,,,,,,,,,,,,,
P00696,K08,,2016,NHLBI,pre_policy,0,0,1,1,0,1,0,1,0,0,0,0,1,1,1,0,0,0,1,0,0,0,0,0,0,1,1,1,1,1,1,1,1,0,0,pre_early,0,0,0,1,1,0,1,0,0,0,0,1,0,1,1,1,0,new_trial,k0p1,,,,,0,,,0,0,0,,,,,,,,,,,,,,,,,
P00697,K23,,2016,NHLBI,pre_policy,0,0,0,0,0,0,0,1,0,0,0,0,0,0,0,0,0,0,0,0,0,0,0,0,0,1,1,1,1,1,1,1,1,0,0,pre_early,0,0,0,1,0,0,0,0,0,0,0,0,0,0,0,0,0,none,k0p0,,,,,0,,,0,0,0,,,,,,,,,,,,,,,,,
P00698,K23,,2016,NEI,pre_policy,0,0,0,0,0,0,0,0,0,0,0,0,0,0,0,0,0,0,0,0,0,0,0,0,0,0,1,0,0,1,0,0,1,0,0,pre_early,0,0,0,1,0,0,0,0,0,0,0,0,0,0,0,0,0,none,k0p0,,,,,0,,,0,0,0,,,,,,,,,,,,,,,,,
P00699,K23,,2016,NHLBI,pre_policy,0,0,1,1,0,1,0,1,0,0,0,1,1,1,1,1,0,0,1,1,0,0,0,0,0,1,1,1,1,1,1,1,1,0,0,pre_early,0,0,0,1,1,0,1,0,0,0,0,1,0,1,1,1,0,new_trial,k0p1,,,,,0,,,0,0,0,,,,,,,,,,,,,,,,,
P00700,K08,,2016,NEI,pre_policy,0,0,0,0,0,0,1,0,0,0,0,0,0,0,0,0,0,0,0,0,0,0,0,0,0,0,1,0,0,1,0,0,1,0,1,pre_early,0,0,0,1,0,0,0,0,0,0,0,0,0,0,0,0,0,none,k0p0,,,,,0,,,0,0,0,,,,,,,,,,,,,,,,,
P00701,K23,,2016,NHLBI,pre_policy,0,0,0,0,0,0,0,0,0,0,0,0,0,0,0,0,0,0,0,0,0,0,0,0,0,0,0,0,0,1,0,0,1,0,0,pre_early,0,0,0,1,1,1,1,0,0,0,0,0,0,0,0,1,0,none,k0p0,,,,,0,,,0,0,0,,,,,,,,,,,,,,,,,
P00702,K23,,2016,NHLBI,pre_policy,0,0,0,0,0,0,0,0,0,0,0,0,0,0,0,0,0,0,0,0,0,0,0,0,0,0,0,0,0,0,0,0,1,0,0,pre_early,0,0,0,1,0,0,0,0,0,0,0,0,0,0,0,0,0,none,k0p0,,,,,0,,,0,0,0,,,,,,,,,,,,,,,,,
P00703,K23,,2016,NHLBI,pre_policy,0,0,1,1,0,1,0,0,0,0,0,1,1,0,1,0,0,0,1,0,0,0,0,0,0,0,1,0,0,1,0,0,1,0,0,pre_early,0,0,0,1,1,0,1,0,0,0,0,1,0,1,1,1,1,new_trial,k0p1,k0p1,k0p1,k0p1,k0p1,0,,,0,0,0,,,,,,,,,,,,,,,,,
P00704,K08,,2016,NIAID,pre_policy,0,0,0,0,0,0,0,0,0,0,0,0,0,0,0,0,0,0,0,0,0,0,0,0,0,0,0,0,0,0,0,0,1,0,0,pre_early,0,0,0,1,0,0,0,0,0,0,0,0,0,0,0,0,0,none,k0p0,,,,,0,,,0,0,0,,,,,,,,,,,,,,,,,
P00705,K08,,2016,NIAID,pre_policy,0,0,0,0,0,0,0,0,0,0,0,0,0,0,0,0,0,0,0,0,0,0,0,0,0,0,0,0,0,0,0,0,1,0,0,pre_early,0,0,0,1,0,0,0,0,0,0,0,0,0,0,0,0,0,none,k0p0,,,,,0,,,0,0,0,,,,,,,,,,,,,,,,,
P00706,K08,,2016,NHLBI,pre_policy,0,0,0,0,0,0,0,1,0,0,0,0,0,0,0,0,0,0,0,0,0,0,0,0,0,1,1,1,1,1,1,1,1,0,0,pre_early,0,0,0,1,0,0,0,0,0,0,0,0,0,0,0,0,0,none,k0p0,,,,,0,,,0,0,0,,,,,,,,,,,,,,,,,
P00707,K23,,2016,NIAID,pre_policy,0,0,0,0,0,0,0,1,0,0,0,0,0,0,0,0,0,0,0,0,0,0,0,0,0,1,1,1,1,1,1,1,1,0,0,pre_early,0,0,0,1,0,0,0,0,0,0,0,0,0,0,0,0,0,none,k0p0,,,,,0,,,0,0,0,,,,,,,,,,,,,,,,,
P00708,K08,,2016,NHLBI,pre_policy,0,0,1,1,1,1,1,0,0,0,0,0,0,0,1,1,0,0,1,0,0,0,0,0,0,0,0,0,0,0,0,0,1,0,1,pre_early,0,0,0,1,1,0,1,0,0,0,0,1,0,1,1,1,0,new_trial,k0p1,,,,,0,,,0,0,0,,,,,,,,,,,,,,,,,
P00709,K23,,2016,NIAID,pre_policy,0,0,0,0,0,0,0,0,1,0,0,0,0,0,0,0,0,0,0,0,0,0,0,0,0,0,0,0,0,0,0,0,1,0,0,pre_early,0,0,0,1,0,0,0,0,0,0,0,0,0,0,0,0,0,none,k0p0,,,,,0,,,0,0,0,,,,,,,,,,,,,,,,,
P00710,K23,,2016,NHLBI,pre_policy,0,1,0,0,0,0,0,0,0,0,0,0,0,0,0,0,0,0,0,0,0,0,0,0,0,0,0,0,0,0,0,0,1,0,0,pre_early,0,0,0,1,0,0,0,0,0,0,0,0,0,0,0,0,0,none,k0p0,,,,,0,,,0,0,1,0,0,0,0,0,0,0,0,0,0,0,0,0,0,0,0,0
P00711,K08,,2016,NHLBI,pre_policy,0,0,0,0,0,0,0,1,0,0,0,0,0,0,0,0,0,0,0,0,0,0,0,0,0,1,1,1,1,1,1,1,1,0,0,pre_early,0,0,0,1,0,0,0,0,0,0,0,0,0,0,0,0,0,none,k0p0,,,,,0,,,0,0,0,,,,,,,,,,,,,,,,,
P00712,K23,,2016,NHLBI,pre_policy,0,0,1,1,0,1,0,0,0,0,0,0,1,0,1,0,0,0,1,0,0,0,0,0,0,0,1,0,0,1,0,0,1,0,0,pre_early,0,0,0,1,1,0,1,0,0,0,0,1,0,1,1,1,0,new_trial,k0p1,,,,,0,,,0,0,0,,,,,,,,,,,,,,,,,
P00713,K08,,2016,NHLBI,pre_policy,0,0,0,0,0,0,0,0,0,0,0,0,0,0,0,0,0,0,0,0,0,0,0,0,0,0,1,0,0,1,0,0,1,0,0,pre_early,0,0,0,1,0,0,0,0,0,0,0,0,0,0,0,0,0,none,k0p0,,,,,0,,,0,0,0,,,,,,,,,,,,,,,,,
P00714,K23,,2016,NHLBI,pre_policy,0,1,1,1,0,1,0,1,0,1,1,0,0,0,1,0,0,1,1,0,0,0,1,0,1,1,1,1,1,1,1,1,1,0,0,pre_early,1,1,0,1,1,0,1,0,0,1,1,1,1,1,1,1,0,new_trial,k1p1,,,,,0,,,0,0,1,1,0,1,0,0,1,0,0,0,0,1,1,1,0,1,1,1
P00715,K08,,2016,NIAID,pre_policy,0,0,0,0,0,0,0,0,0,0,0,0,0,0,0,0,0,0,0,0,0,0,0,0,0,0,1,0,0,1,0,0,1,0,0,pre_early,0,0,0,1,0,0,0,0,0,0,0,0,0,0,0,0,0,none,k0p0,,,,,0,,,0,0,0,,,,,,,,,,,,,,,,,
P00716,K23,,2016,NIAID,pre_policy,0,0,0,0,0,0,0,1,0,0,0,0,0,0,0,0,0,0,0,0,0,0,0,0,0,1,1,1,1,1,1,1,1,0,0,pre_early,0,0,0,1,0,0,0,0,0,0,0,0,0,0,0,0,0,none,k0p0,,,,,0,,,0,0,0,,,,,,,,,,,,,,,,,
P00717,K08,,2016,NIDDK,pre_policy,0,0,0,0,0,0,0,0,0,0,0,0,0,0,0,0,0,0,0,0,0,0,0,0,0,0,1,0,0,1,0,0,1,0,0,pre_early,0,0,0,1,0,0,0,0,0,0,0,0,0,0,0,0,0,none,k0p0,,,,,0,,,0,0,0,,,,,,,,,,,,,,,,,
P00718,K08,,2016,NIAID,pre_policy,0,0,0,0,0,0,0,1,0,0,0,0,0,0,0,0,0,0,0,0,0,0,0,0,0,1,1,1,1,1,1,1,1,0,0,pre_early,0,0,0,1,0,0,0,0,0,0,0,0,0,0,0,0,0,none,k0p0,,,,,0,,,0,0,0,,,,,,,,,,,,,,,,,
P00719,K23,,2016,NIAID,pre_policy,0,0,0,0,0,0,1,0,0,0,0,0,0,0,0,0,0,0,0,0,0,0,0,0,0,0,0,0,0,0,0,0,1,0,1,pre_early,0,0,0,1,0,0,0,0,0,0,0,0,0,0,0,0,0,none,k0p0,,,,,0,,,0,0,0,,,,,,,,,,,,,,,,,
P00720,K08,,2016,NIDCR,pre_policy,0,0,0,0,0,0,0,1,0,0,0,0,0,0,0,0,0,0,0,0,0,0,0,0,0,1,1,1,1,1,1,1,1,0,0,pre_early,0,0,0,1,0,0,0,0,0,0,0,0,0,0,0,0,0,none,k0p0,,,,,0,,,0,0,0,,,,,,,,,,,,,,,,,
P00721,K23,,2016,NHLBI,pre_policy,0,1,0,1,0,0,0,0,0,1,1,0,0,0,0,0,0,1,0,0,0,0,1,0,1,0,1,0,0,1,0,0,1,0,0,pre_early,1,1,1,1,1,1,1,0,0,1,1,0,1,0,0,1,0,ktrial_only,k1p0,,,,,0,,,0,0,1,1,0,1,0,0,1,1,0,0,0,1,1,0,0,1,1,1
P00722,K08,,2016,NIAID,pre_policy,0,0,0,0,0,0,0,0,0,0,0,0,0,0,0,0,0,0,0,0,0,0,0,0,0,0,0,0,0,0,0,0,1,0,0,pre_early,0,0,0,1,0,0,0,0,0,0,0,0,0,0,0,0,0,none,k0p0,,,,,0,,,0,0,0,,,,,,,,,,,,,,,,,
P00723,K23,,2016,NIAID,pre_policy,0,0,0,0,0,0,0,0,0,0,0,0,0,0,0,0,0,0,0,0,0,0,0,0,0,0,0,0,0,0,0,0,1,0,0,pre_early,0,0,0,1,0,0,0,0,0,0,0,0,0,0,0,0,0,none,k0p0,,,,,0,,,0,0,0,,,,,,,,,,,,,,,,,
P00724,K08,,2016,NIAID,pre_policy,0,0,0,0,0,0,0,0,0,0,0,0,0,0,0,0,0,0,0,0,0,0,0,0,0,0,1,0,0,1,0,0,1,0,0,pre_early,0,0,0,1,0,0,0,0,0,0,0,0,0,0,0,0,0,none,k0p0,,,,,0,,,0,0,0,,,,,,,,,,,,,,,,,
P00725,K08,,2016,NIDDK,pre_policy,0,0,0,0,0,0,0,0,0,0,0,0,0,0,0,0,0,0,0,0,0,0,0,0,0,0,1,0,0,1,0,0,1,0,0,pre_early,0,0,0,1,0,0,0,0,0,0,0,0,0,0,0,0,0,none,k0p0,,,,,0,,,0,0,0,,,,,,,,,,,,,,,,,
P00726,K23,,2016,NIMH,pre_policy,0,0,1,1,1,1,1,0,0,1,0,0,0,0,1,0,0,1,1,0,0,0,1,1,0,0,0,0,0,0,0,0,1,0,1,pre_early,0,0,0,1,1,0,1,1,0,0,1,1,1,1,1,1,1,new_trial,k1p1,k1p1,k1p1,k1p1,k1p1,0,,,0,0,0,,,,,,,,,,,,,,,,,
P00727,K08,,2016,NIAAA,pre_policy,0,1,0,0,0,0,0,0,0,0,0,0,0,0,0,0,0,0,0,0,0,0,0,0,0,0,0,0,0,0,0,0,1,1,0,pre_early,0,0,0,1,0,0,0,0,0,0,0,0,0,0,0,0,0,none,k0p0,,,,,0,,,0,0,0,,,,,,,,,,,,,,,,,
P00728,K23,,2016,NIEHS,pre_policy,0,0,0,0,0,0,0,1,0,0,0,0,0,0,0,0,0,0,0,0,0,0,0,0,0,1,1,1,1,1,1,1,1,0,0,pre_early,0,0,0,1,1,1,1,0,0,0,0,0,0,0,0,1,0,none,k0p0,,,,,0,,,0,0,0,,,,,,,,,,,,,,,,,
P00729,K23,,2016,NICHD,pre_policy,0,1,0,0,0,0,0,0,0,0,0,0,0,0,0,0,0,0,0,0,0,0,0,0,0,0,0,0,0,0,0,0,1,0,0,pre_early,0,0,0,1,0,0,0,0,0,0,0,0,0,0,0,0,0,none,k0p0,,,,,0,,,0,0,1,0,0,0,0,0,0,0,0,0,0,0,0,0,0,0,0,0
P00730,K23,,2016,NIAID,pre_policy,0,0,0,0,0,0,0,0,0,0,0,0,0,0,0,0,0,0,0,0,0,0,0,0,0,0,0,0,0,0,0,0,1,0,0,pre_early,0,0,0,1,0,0,0,0,0,0,0,0,0,0,0,0,0,none,k0p0,,,,,0,,,0,0,0,,,,,,,,,,,,,,,,,
P00731,K23,,2016,NIDDK,pre_policy,0,1,0,0,0,0,0,0,0,0,0,0,0,0,0,0,0,0,0,0,0,0,0,0,0,0,1,0,0,1,0,0,1,0,0,pre_early,0,0,0,1,1,1,1,0,0,0,0,0,0,0,0,1,0,none,k0p0,,,,,0,,,0,0,1,0,0,0,0,0,0,0,0,0,0,0,0,0,0,0,0,0
P00732,K23,,2016,NIMH,pre_policy,0,1,0,1,0,0,0,1,0,1,0,0,0,0,0,0,0,1,0,0,0,0,1,1,0,1,1,1,1,1,1,1,1,0,0,pre_early,1,1,1,1,0,0,0,1,0,0,1,0,0,0,0,0,0,ktrial_only,k1p0,,,,,0,,,0,0,1,1,1,0,0,0,1,0,0,1,0,1,1,1,0,1,0,0
P00733,K23,,2016,NIAID,pre_policy,0,0,1,1,0,1,0,0,0,0,0,0,1,0,1,0,0,0,0,0,0,0,0,0,0,0,0,0,0,0,0,0,1,0,0,pre_early,0,0,0,1,1,0,0,0,0,0,0,1,0,1,1,1,0,new_trial,k0p1,,,,,0,,,0,0,0,,,,,,,,,,,,,,,,,
P00734,K23,,2016,NIAID,pre_policy,0,1,0,0,0,0,0,0,0,0,0,0,0,0,0,0,0,0,0,0,0,0,0,0,0,0,1,0,0,1,0,0,1,0,0,pre_early,0,0,0,1,0,0,0,0,0,0,0,0,0,0,0,0,0,none,k0p0,,,,,0,,,0,0,1,0,0,0,0,0,0,0,0,0,0,0,0,0,0,0,0,0
P00735,K23,,2016,NCI,pre_policy,0,0,1,1,1,1,1,0,0,1,1,0,1,0,1,0,0,1,1,0,1,0,1,0,1,0,0,0,0,0,0,0,1,0,1,pre_early,0,0,0,1,1,0,1,0,0,1,1,1,1,1,1,1,0,new_trial,k1p1,,,,,0,,,0,0,0,,,,,,,,,,,,,,,,,
P00736,K23,,2016,NICHD,pre_policy,0,1,0,0,0,0,0,0,0,0,0,0,0,0,0,0,0,0,0,0,0,0,0,0,0,0,1,0,0,1,0,0,1,0,0,pre_early,0,0,0,1,1,1,1,0,0,0,0,0,0,0,0,1,1,none,k0p0,k0p0,k0p0,k0p0,k0p0,0,,,0,0,1,0,0,0,0,0,0,0,0,0,0,0,0,0,0,0,0,0
P00737,K08,,2016,NHLBI,pre_policy,0,0,0,0,0,0,0,1,0,0,0,0,0,0,0,0,0,0,0,0,0,0,0,0,0,1,1,1,1,1,1,1,1,0,0,pre_early,0,0,0,1,0,0,0,0,0,0,0,0,0,0,0,0,0,none,k0p0,,,,,0,,,0,0,0,,,,,,,,,,,,,,,,,
P00738,K08,,2016,NCI,pre_policy,0,0,0,0,0,0,0,0,0,0,0,0,0,0,0,0,0,0,0,0,0,0,0,0,0,0,0,0,0,0,0,0,1,0,0,pre_early,0,0,0,1,0,0,0,0,0,0,0,0,0,0,0,0,0,none,k0p0,,,,,0,,,0,0,0,,,,,,,,,,,,,,,,,
P00739,K23,,2016,NHLBI,pre_policy,0,0,0,0,0,0,0,0,0,0,0,0,0,0,0,0,0,0,0,0,0,0,0,0,0,0,0,0,0,0,0,0,1,0,0,pre_early,0,0,0,1,0,0,0,0,0,0,0,0,0,0,0,0,0,none,k0p0,,,,,0,,,0,0,0,,,,,,,,,,,,,,,,,
P00740,K08,,2016,NIAID,pre_policy,0,0,0,0,0,0,0,1,0,0,0,0,0,0,0,0,1,0,0,0,0,0,0,0,0,1,1,1,1,1,1,1,1,0,0,pre_early,0,0,0,1,0,0,0,0,0,0,0,0,0,0,0,0,0,none,k0p0,,,,,0,,,0,0,0,,,,,,,,,,,,,,,,,
P00741,K23,,2016,NIDA,pre_policy,0,0,0,0,0,0,0,0,0,0,0,0,0,0,0,0,0,0,0,0,0,0,0,0,0,0,0,0,0,0,0,0,1,0,0,pre_early,0,0,0,1,0,0,0,0,0,0,0,0,0,0,0,0,0,none,k0p0,,,,,0,,,0,0,0,,,,,,,,,,,,,,,,,
P00742,K08,,2016,NIDDK,pre_policy,0,0,0,0,0,0,0,1,0,0,0,0,0,0,0,0,0,0,0,0,0,0,0,0,0,1,1,1,1,1,1,1,1,0,0,pre_early,0,0,0,1,0,0,0,0,0,0,0,0,0,0,0,0,0,none,k0p0,,,,,0,,,0,0,0,,,,,,,,,,,,,,,,,
P00743,K08,,2016,NIAMS,pre_policy,0,0,1,1,1,1,0,1,0,0,0,0,1,1,1,0,0,0,1,1,0,0,0,0,0,1,1,1,1,1,1,1,1,0,0,pre_early,0,0,0,1,1,0,1,0,0,0,0,1,0,1,1,1,0,new_trial,k0p1,,,,,0,,,0,0,0,,,,,,,,,,,,,,,,,
P00744,K08,,2016,NIBIB,pre_policy,0,0,0,0,0,0,0,1,0,0,0,0,0,0,0,0,0,0,0,0,0,0,0,0,0,1,1,1,1,1,1,1,1,0,0,pre_early,0,0,0,1,0,0,0,0,0,0,0,0,0,0,0,0,0,none,k0p0,,,,,0,,,0,0,0,,,,,,,,,,,,,,,,,
P00745,K23,,2016,NEI,pre_policy,0,1,0,0,0,0,0,0,0,0,0,0,0,0,0,0,0,0,0,0,0,0,0,0,0,0,0,0,0,0,0,0,1,0,0,pre_early,0,0,0,1,1,1,1,0,0,0,0,0,0,0,0,1,0,none,k0p0,,,,,0,,,0,0,1,0,0,0,0,0,0,0,0,0,0,0,0,0,0,0,0,0
P00746,K08,,2016,NINDS,pre_policy,0,0,0,0,0,0,0,0,0,0,0,0,0,0,0,0,0,0,0,0,0,0,0,0,0,0,0,0,0,1,0,0,1,0,0,pre_early,0,0,0,1,0,0,0,0,0,0,0,0,0,0,0,0,0,none,k0p0,,,,,0,,,0,0,0,,,,,,,,,,,,,,,,,
P00747,K08,,2016,NIA,pre_policy,0,0,0,0,0,0,1,1,0,0,0,0,0,0,0,0,0,0,0,0,0,0,0,0,0,1,1,1,1,1,1,1,1,0,1,pre_early,0,0,0,1,0,0,0,0,0,0,0,0,0,0,0,0,0,none,k0p0,,,,,0,,,0,0,0,,,,,,,,,,,,,,,,,
P00748,K23,,2016,NIA,pre_policy,0,0,0,0,0,0,0,0,0,0,0,0,0,0,0,0,0,0,0,0,0,0,0,0,0,0,0,0,0,0,0,0,1,0,0,pre_early,0,0,0,1,0,0,0,0,0,0,0,0,0,0,0,0,0,none,k0p0,,,,,0,,,0,0,0,,,,,,,,,,,,,,,,,
P00749,K08,,2016,NINDS,pre_policy,0,0,0,0,0,0,0,0,0,0,0,0,0,0,0,0,0,0,0,0,0,0,0,0,0,0,1,0,0,1,0,0,1,0,0,pre_early,0,0,0,1,0,0,0,0,0,0,0,0,0,0,0,0,0,none,k0p0,,,,,0,,,0,0,0,,,,,,,,,,,,,,,,,
P00750,K23,,2016,NIA,pre_policy,0,0,0,0,0,0,0,1,0,0,0,0,0,0,0,0,0,0,0,0,0,0,0,0,0,1,1,1,1,1,1,1,1,0,0,pre_early,0,0,0,1,0,0,0,0,0,0,0,0,0,0,0,0,0,none,k0p0,,,,,0,,,0,0,0,,,,,,,,,,,,,,,,,
P00751,K08,,2016,NEI,pre_policy,0,0,0,0,0,0,0,0,0,0,0,0,0,0,0,0,0,0,0,0,0,0,0,0,0,0,1,0,0,1,0,0,1,0,0,pre_early,0,0,0,1,0,0,0,0,0,0,0,0,0,0,0,0,0,none,k0p0,,,,,0,,,0,0,0,,,,,,,,,,,,,,,,,
P00752,K08,,2016,NINDS,pre_policy,0,0,0,0,0,0,0,1,0,0,0,0,0,0,0,0,0,0,0,0,0,0,0,0,0,1,1,1,1,1,1,1,1,0,0,pre_early,0,0,0,1,0,0,0,0,0,0,0,0,0,0,0,0,0,none,k0p0,,,,,0,,,0,0,0,,,,,,,,,,,,,,,,,
P00753,K23,,2016,NHLBI,pre_policy,0,0,0,0,0,0,0,0,0,0,0,0,0,0,0,0,0,0,0,0,0,0,0,0,0,0,1,0,0,1,0,0,1,0,0,pre_early,0,0,0,1,0,0,0,0,0,0,0,0,0,0,0,0,0,none,k0p0,,,,,0,,,0,0,0,,,,,,,,,,,,,,,,,
P00754,K23,,2016,NIMH,pre_policy,0,0,0,1,0,0,0,0,0,1,1,0,0,0,0,0,0,1,0,0,0,0,1,1,0,0,0,0,0,0,0,0,1,0,0,pre_early,1,1,1,1,0,0,0,1,0,0,1,0,1,0,0,0,1,ktrial_only,k1p0,k1p0,k1p0,k1p0,k1p0,0,,,0,0,0,,,,,,,,,,,,,,,,,
P00755,K08,,2016,NHLBI,pre_policy,0,0,0,0,0,0,0,0,0,0,0,0,0,0,0,0,0,0,0,0,0,0,0,0,0,0,0,0,0,0,0,0,1,0,0,pre_early,0,0,0,1,0,0,0,0,0,0,0,0,0,0,0,0,0,none,k0p0,,,,,0,,,0,0,0,,,,,,,,,,,,,,,,,
P00756,K23,,2016,NIDCD,pre_policy,0,0,0,0,0,0,0,0,0,0,0,0,0,0,0,0,0,0,0,0,0,0,0,0,0,0,0,0,0,0,0,0,1,0,0,pre_early,0,0,0,1,0,0,0,0,0,0,0,0,0,0,0,0,0,none,k0p0,,,,,0,,,0,0,0,,,,,,,,,,,,,,,,,
P00757,K08,,2016,NCI,pre_policy,0,0,0,0,0,0,0,0,0,0,0,0,0,0,0,0,0,0,0,0,0,0,0,0,0,0,0,0,0,0,0,0,1,0,0,pre_early,0,0,0,1,0,0,0,0,0,0,0,0,0,0,0,0,0,none,k0p0,,,,,0,,,0,0,0,,,,,,,,,,,,,,,,,
P00758,K08,,2016,NINDS,pre_policy,0,0,0,0,0,0,0,0,0,0,0,0,0,0,0,0,0,0,0,0,0,0,0,0,0,0,0,0,0,0,0,0,1,0,0,pre_early,0,0,0,1,1,1,1,0,0,0,0,0,0,0,0,1,0,none,k0p0,,,,,0,,,0,0,0,,,,,,,,,,,,,,,,,
P00759,K08,,2016,NIAID,pre_policy,0,0,0,0,0,0,0,1,0,0,0,0,0,0,0,0,0,0,0,0,0,0,0,0,0,1,1,1,1,1,1,1,1,0,0,pre_early,0,0,0,1,0,0,0,0,0,0,0,0,0,0,0,0,0,none,k0p0,,,,,0,,,0,0,0,,,,,,,,,,,,,,,,,
P00760,K23,,2016,NINDS,pre_policy,0,0,1,1,0,0,0,1,0,0,0,0,0,0,1,1,0,0,1,0,0,0,0,0,0,1,1,1,1,1,1,1,1,0,0,pre_early,0,0,0,1,1,0,1,0,0,0,0,1,0,0,1,1,1,new_trial,k0p1,k0p0,k0p0,k0p0,k0p0,0,,,0,0,0,,,,,,,,,,,,,,,,,
P00761,K23,,2016,NIDDK,pre_policy,0,0,0,0,0,0,1,1,0,0,0,0,0,0,0,0,0,0,0,0,0,0,0,0,0,1,1,1,1,1,1,1,1,0,1,pre_early,0,0,0,1,0,0,0,0,0,0,0,0,0,0,0,0,0,none,k0p0,,,,,0,,,0,0,0,,,,,,,,,,,,,,,,,
P00762,K08,,2016,NIDCR,pre_policy,0,0,0,0,0,0,0,0,0,0,0,0,0,0,0,0,0,0,0,0,0,0,0,0,0,0,0,0,0,0,0,0,1,0,0,pre_early,0,0,0,1,0,0,0,0,0,0,0,0,0,0,0,0,0,none,k0p0,,,,,0,,,0,0,0,,,,,,,,,,,,,,,,,
P00763,K23,,2016,NIDCR,pre_policy,0,0,0,0,0,0,0,0,0,0,0,0,0,0,0,0,0,0,0,0,0,0,0,0,0,0,0,0,1,1,1,1,1,0,0,pre_early,0,0,0,1,0,0,0,0,0,0,0,0,0,0,0,0,0,none,k0p0,,,,,0,,,0,0,0,,,,,,,,,,,,,,,,,
P00764,K23,,2016,NICHD,pre_policy,0,1,1,1,1,1,0,0,0,1,0,0,1,1,1,0,0,1,1,0,0,0,1,1,0,0,1,0,0,1,0,0,1,0,0,pre_early,1,1,0,1,1,0,1,1,0,0,1,1,1,1,1,1,0,new_trial,k1p1,,,,,0,,,0,0,1,1,0,1,0,0,1,0,0,0,1,1,1,1,0,1,0,0
P00765,K08,,2016,NIDCR,pre_policy,0,0,0,0,0,0,0,0,0,0,0,0,0,0,0,0,0,0,0,0,0,0,0,0,0,0,0,0,0,0,0,0,1,0,0,pre_early,0,0,0,1,0,0,0,0,0,0,0,0,0,0,0,0,0,none,k0p0,,,,,0,,,0,0,0,,,,,,,,,,,,,,,,,
P00766,K23,,2016,NHLBI,pre_policy,0,0,0,0,0,0,0,0,0,0,0,0,0,0,0,0,0,0,0,0,0,0,0,0,0,0,0,0,0,0,0,0,1,0,0,pre_early,0,0,0,1,0,0,0,0,0,0,0,0,0,0,0,0,0,none,k0p0,,,,,0,,,0,0,0,,,,,,,,,,,,,,,,,
P00767,K08,,2016,NIMH,pre_policy,0,0,0,0,0,0,0,1,0,0,0,0,0,0,0,0,0,0,0,0,0,0,0,0,0,1,1,1,1,1,1,1,1,0,0,pre_early,0,0,0,1,0,0,0,0,0,0,0,0,0,0,0,0,0,none,k0p0,,,,,0,,,0,0,0,,,,,,,,,,,,,,,,,
P00768,K23,,2016,NICHD,pre_policy,0,1,0,1,0,0,0,0,0,1,0,0,0,0,0,0,0,1,0,0,0,0,1,1,0,0,1,0,0,1,0,0,1,0,0,pre_early,1,0,0,1,1,1,1,1,0,0,1,0,1,0,0,1,0,ktrial_only,k1p0,,,,,0,,,0,0,1,1,1,0,0,0,1,0,0,1,0,1,1,1,0,0,1,1
P00769,K23,,2016,NINR,pre_policy,0,1,0,0,0,0,0,0,0,0,0,0,0,0,0,0,0,0,0,0,0,0,0,0,0,0,0,0,0,0,0,0,1,1,0,pre_early,0,0,0,1,0,0,0,0,0,0,0,0,0,0,0,0,0,none,k0p0,,,,,0,,,0,0,0,,,,,,,,,,,,,,,,,
P00770,K08,,2016,NIAMS,pre_policy,0,0,0,0,0,0,0,0,0,0,0,0,0,0,0,0,0,0,0,0,0,0,0,0,0,0,1,0,0,1,0,0,1,0,0,pre_early,0,0,0,1,0,0,0,0,0,0,0,0,0,0,0,0,0,none,k0p0,,,,,0,,,0,0,0,,,,,,,,,,,,,,,,,
P00771,K23,,2016,NIMH,pre_policy,0,0,1,1,0,1,1,1,0,1,1,0,1,0,1,1,0,1,1,0,1,1,1,1,0,1,1,1,1,1,1,1,1,0,1,pre_early,1,1,0,1,1,0,1,1,0,0,1,1,1,1,1,1,0,new_trial,k1p1,,,,,0,,,0,0,0,,,,,,,,,,,,,,,,,
P00772,K08,,2016,NIAID,pre_policy,0,0,0,0,0,0,0,0,0,0,0,0,0,0,0,0,0,0,0,0,0,0,0,0,0,0,1,0,0,1,0,0,1,0,0,pre_early,0,0,0,1,0,0,0,0,0,0,0,0,0,0,0,0,0,none,k0p0,,,,,0,,,0,0,0,,,,,,,,,,,,,,,,,
P00773,K23,,2016,NIDA,pre_policy,0,1,0,1,0,0,1,0,0,1,0,0,0,0,0,0,0,1,0,0,0,0,1,1,0,0,0,0,0,0,0,0,1,0,1,pre_early,1,1,0,1,0,0,0,1,0,0,1,0,1,0,0,0,0,ktrial_only,k1p0,,,,,0,,,0,0,1,1,1,0,0,0,1,0,0,1,0,1,1,1,0,1,0,0
P00774,K08,,2016,NIDDK,pre_policy,0,0,0,0,0,0,0,0,0,0,0,0,0,0,0,0,0,0,0,0,0,0,0,0,0,0,1,0,0,1,0,0,1,0,0,pre_early,0,0,0,1,0,0,0,0,0,0,0,0,0,0,0,0,0,none,k0p0,,,,,0,,,0,0,0,,,,,,,,,,,,,,,,,
P00775,K23,,2016,NINDS,pre_policy,0,1,0,1,0,0,0,0,0,1,0,0,0,0,0,0,0,1,0,0,0,0,1,1,0,0,1,0,0,1,0,0,1,0,0,pre_early,1,1,0,1,0,0,0,1,0,0,1,0,1,0,0,0,0,ktrial_only,k1p0,,,,,0,,,0,0,1,1,1,0,0,0,1,0,0,1,0,1,1,0,0,1,0,0
P00776,K08,,2016,NCI,pre_policy,0,0,0,0,0,0,0,0,0,0,0,0,0,0,0,0,0,0,0,0,0,0,0,0,0,0,0,0,0,0,0,0,1,0,0,pre_early,0,0,0,1,0,0,0,0,0,0,0,0,0,0,0,0,0,none,k0p0,,,,,0,,,0,0,0,,,,,,,,,,,,,,,,,
P00777,K23,,2016,NIAID,pre_policy,0,0,0,0,0,0,0,0,0,0,0,0,0,0,0,0,0,0,0,0,0,0,0,0,0,0,1,0,0,1,0,0,1,0,0,pre_early,0,0,0,1,0,0,0,0,0,0,0,0,0,0,0,0,0,none,k0p0,,,,,0,,,0,0,0,,,,,,,,,,,,,,,,,
P00778,K23,,2016,NICHD,pre_policy,0,0,0,0,0,0,0,0,0,0,0,0,0,0,0,0,0,0,0,0,0,0,0,0,0,0,0,0,0,0,0,0,1,0,0,pre_early,0,0,0,1,0,0,0,0,0,0,0,0,0,0,0,0,0,none,k0p0,,,,,0,,,0,0,0,,,,,,,,,,,,,,,,,
P00779,K23,,2016,NICHD,pre_policy,0,0,0,0,0,0,0,0,0,0,0,0,0,0,0,0,0,0,0,0,0,0,0,0,0,0,0,0,0,0,0,0,1,0,0,pre_early,0,0,0,1,0,0,0,0,0,0,0,0,0,0,0,0,0,none,k0p0,,,,,0,,,0,0,0,,,,,,,,,,,,,,,,,
P00780,K08,,2016,NIAID,pre_policy,0,0,1,1,0,1,0,0,0,0,0,0,0,0,1,0,0,0,1,0,0,0,0,0,0,0,0,0,0,0,0,0,1,0,0,pre_early,0,0,0,1,1,0,1,0,0,0,0,1,0,1,1,1,0,new_trial,k0p1,,,,,0,,,0,0,0,,,,,,,,,,,,,,,,,
P00781,K23,,2016,NIDCR,pre_policy,0,0,0,0,0,0,0,0,0,0,0,0,0,0,0,0,0,0,0,0,0,0,0,0,0,0,0,0,0,0,0,0,1,0,0,pre_early,0,0,0,1,0,0,0,0,0,0,0,0,0,0,0,0,0,none,k0p0,,,,,0,,,0,0,0,,,,,,,,,,,,,,,,,
P00782,K23,,2016,NIDA,pre_policy,0,1,0,0,0,0,0,0,0,0,0,0,0,0,0,0,0,0,0,0,0,0,0,0,0,0,0,0,0,0,0,0,1,0,0,pre_early,0,0,0,1,0,0,0,0,0,0,0,0,0,0,0,0,0,none,k0p0,,,,,0,,,0,0,1,0,0,0,0,0,0,0,0,0,0,0,0,0,0,0,0,0
P00783,K23,,2016,NIAMS,pre_policy,0,0,0,0,0,0,0,0,0,0,0,0,0,0,0,0,0,0,0,0,0,0,0,0,0,0,0,0,0,0,0,0,1,0,0,pre_early,0,0,0,1,0,0,0,0,0,0,0,0,0,0,0,0,0,none,k0p0,,,,,0,,,0,0,0,,,,,,,,,,,,,,,,,
P00784,K23,,2016,NIDA,pre_policy,0,1,1,1,0,0,0,1,0,1,0,0,1,1,1,1,0,1,1,1,0,0,1,1,0,1,1,1,1,1,1,1,1,0,0,pre_early,1,1,0,1,1,0,1,1,0,0,1,1,1,0,1,1,0,new_trial,k1p1,,,,,0,,,0,0,1,1,0,1,0,0,1,0,0,0,1,1,1,1,0,1,0,0
P00785,K23,,2016,NIDA,pre_policy,0,1,0,1,0,0,0,1,0,1,0,0,0,0,0,0,0,1,0,0,0,0,1,1,0,1,1,1,1,1,1,1,1,0,0,pre_early,1,0,0,1,1,1,1,1,0,0,1,0,0,0,0,1,0,ktrial_only,k1p0,,,,,0,,,0,0,1,1,1,0,0,0,1,0,0,1,0,1,1,1,0,0,0,0
P00786,K08,,2016,NHLBI,pre_policy,0,0,0,0,0,0,0,1,0,0,0,0,0,0,0,0,0,0,0,0,0,0,0,0,0,1,1,1,1,1,1,1,1,0,0,pre_early,0,0,0,1,0,0,0,0,0,0,0,0,0,0,0,0,0,none,k0p0,,,,,0,,,0,0,0,,,,,,,,,,,,,,,,,
P00787,K23,,2016,NIDA,pre_policy,0,1,0,1,0,0,0,0,0,1,1,0,0,0,0,0,0,1,0,0,0,0,1,1,0,0,1,0,0,1,0,0,1,0,0,pre_early,1,1,1,1,1,1,1,1,0,0,1,0,1,0,0,1,0,ktrial_only,k1p0,,,,,0,,,0,0,1,1,1,0,0,0,1,0,0,1,0,1,1,0,0,1,0,0
P00788,K23,,2016,NIA,pre_policy,0,1,0,1,0,0,0,1,0,1,0,0,0,0,0,0,0,1,0,0,0,0,1,1,0,1,1,1,1,1,1,1,1,0,0,pre_early,0,0,0,1,0,0,0,1,0,0,1,0,1,0,0,0,1,ktrial_only,k1p0,k1p0,k1p0,k1p0,k1p0,0,,,0,0,1,1,1,0,0,0,1,0,0,1,0,1,0,0,1,1,1,1
P00789,K23,,2016,NIDA,pre_policy,0,1,0,0,0,0,0,0,0,0,0,0,0,0,0,0,0,0,0,0,0,0,0,0,0,0,0,0,0,0,0,0,1,0,0,pre_early,0,0,0,1,1,1,1,0,0,0,0,0,0,0,0,1,0,none,k0p0,,,,,0,,,0,0,1,0,0,0,0,0,0,0,0,0,0,0,0,0,0,0,0,0
P00790,K23,,2016,NICHD,pre_policy,0,1,1,1,0,1,1,0,0,1,0,0,1,0,1,0,0,1,1,0,0,0,1,1,0,0,1,0,0,1,0,0,1,0,1,pre_early,1,0,0,1,1,0,1,1,0,0,1,1,1,1,1,1,0,new_trial,k1p1,,,,,0,,,0,0,1,1,1,0,0,0,1,0,0,1,0,1,1,1,0,0,0,0
P00791,K23,,2016,NIAMS,pre_policy,0,0,0,0,0,0,0,0,0,0,0,0,0,0,0,0,0,0,0,0,0,0,0,0,0,0,1,0,0,1,0,0,1,0,0,pre_early,0,0,0,1,0,0,0,0,0,0,0,0,0,0,0,0,0,none,k0p0,,,,,0,,,0,0,0,,,,,,,,,,,,,,,,,
P00792,K23,,2016,NHLBI,pre_policy,0,0,0,0,0,0,0,0,0,0,0,0,0,0,0,0,0,0,0,0,0,0,0,0,0,0,1,0,0,1,0,0,1,0,0,pre_early,0,0,0,1,0,0,0,0,0,0,0,0,0,0,0,0,0,none,k0p0,,,,,0,,,0,0,0,,,,,,,,,,,,,,,,,
P00793,K23,,2016,NHLBI,pre_policy,0,1,0,0,0,0,0,1,0,0,0,0,0,0,0,0,0,0,0,0,0,0,0,0,0,1,1,1,1,1,1,1,1,0,0,pre_early,0,0,0,1,0,0,0,0,0,0,0,0,0,0,0,0,0,none,k0p0,,,,,0,,,0,0,1,0,0,0,0,0,0,0,0,0,0,0,0,0,0,0,0,0
P00794,K23,,2016,NHLBI,pre_policy,0,1,0,1,0,0,0,0,0,1,1,0,0,0,0,0,0,1,0,0,0,0,1,1,0,0,1,0,1,1,1,1,1,0,0,pre_early,1,1,0,1,0,0,0,1,0,0,1,0,1,0,0,0,0,ktrial_only,k1p0,,,,,0,,,0,0,1,1,1,0,0,0,1,0,0,1,0,1,1,1,0,1,1,1
P00795,K08,,2016,NEI,pre_policy,0,0,0,0,0,0,1,0,0,0,0,0,0,0,0,0,0,0,0,0,0,0,0,0,0,0,0,0,0,0,0,0,1,0,1,pre_early,0,0,0,1,0,0,0,0,0,0,0,0,0,0,0,0,0,none,k0p0,,,,,0,,,0,0,0,,,,,,,,,,,,,,,,,
P00796,K08,,2016,NIAMS,pre_policy,0,0,0,0,0,0,0,0,0,0,0,0,0,0,0,0,0,0,0,0,0,0,0,0,0,0,0,0,0,0,0,0,1,0,0,pre_early,0,0,0,1,0,0,0,0,0,0,0,0,0,0,0,0,0,none,k0p0,,,,,0,,,0,0,0,,,,,,,,,,,,,,,,,
P00797,K08,,2016,NIA,pre_policy,0,0,0,0,0,0,0,0,0,0,0,0,0,0,0,0,0,0,0,0,0,0,0,0,0,0,0,0,0,0,0,0,1,0,0,pre_early,0,0,0,1,0,0,0,0,0,0,0,0,0,0,0,0,0,none,k0p0,,,,,0,,,0,0,0,,,,,,,,,,,,,,,,,
P00798,K23,,2016,NHLBI,pre_policy,0,0,0,0,0,0,0,1,0,0,0,0,0,0,0,0,0,0,0,0,0,0,0,0,0,1,1,1,1,1,1,1,1,0,0,pre_early,0,0,0,1,0,0,0,0,0,0,0,0,0,0,0,0,0,none,k0p0,,,,,0,,,0,0,0,,,,,,,,,,,,,,,,,
P00799,K23,,2016,NIDDK,pre_policy,0,1,0,0,0,0,0,1,0,0,0,0,0,0,0,0,0,0,0,0,0,0,0,0,0,1,1,1,1,1,1,1,1,0,0,pre_early,0,0,0,1,0,0,0,0,0,0,0,0,0,0,0,0,0,none,k0p0,,,,,0,,,0,0,1,0,0,0,0,0,0,0,0,0,0,0,0,0,0,0,0,0
P00800,K23,,2016,NHLBI,pre_policy,0,1,0,0,0,0,1,0,0,0,0,0,0,0,0,0,0,0,0,0,0,0,0,0,0,0,0,0,0,0,0,0,1,0,1,pre_early,0,0,0,1,0,0,0,0,0,0,0,0,0,0,0,0,0,none,k0p0,,,,,0,,,0,0,1,0,0,0,0,0,0,0,0,0,0,0,0,0,0,0,0,0
P00801,K23,,2016,NEI,pre_policy,0,0,0,0,0,0,0,0,0,0,0,0,0,0,0,0,0,0,0,0,0,0,0,0,0,0,0,0,1,1,1,1,1,0,0,pre_early,0,0,0,1,0,0,0,0,0,0,0,0,0,0,0,0,0,none,k0p0,,,,,0,,,0,0,0,,,,,,,,,,,,,,,,,
P00802,K23,,2016,NHLBI,pre_policy,0,0,0,0,0,0,0,0,0,0,0,0,0,0,0,0,0,0,0,0,0,0,0,0,0,0,0,0,0,0,0,0,1,0,0,pre_early,0,0,0,1,0,0,0,0,0,0,0,0,0,0,0,0,0,none,k0p0,,,,,0,,,0,0,0,,,,,,,,,,,,,,,,,
P00803,K08,,2016,NIGMS,pre_policy,0,0,0,0,0,0,0,0,0,0,0,0,0,0,0,0,0,0,0,0,0,0,0,0,0,0,0,0,0,0,0,0,1,0,0,pre_early,0,0,0,1,0,0,0,0,0,0,0,0,0,0,0,0,0,none,k0p0,,,,,0,,,0,0,0,,,,,,,,,,,,,,,,,
P00804,K08,,2016,NIDA,pre_policy,0,1,0,1,0,0,0,0,0,1,1,0,0,0,0,0,0,1,0,0,0,0,1,0,1,0,0,0,0,0,0,0,1,0,0,pre_early,1,1,0,1,0,0,0,0,0,1,1,0,1,0,0,0,0,ktrial_only,k1p0,,,,,0,,,0,0,0,,,,,,,,,,,,,,,,,
P00805,K23,,2016,NIDDK,pre_policy,0,0,0,0,0,0,0,1,0,0,0,0,0,0,0,0,0,0,0,0,0,0,0,0,0,1,1,1,1,1,1,1,1,0,0,pre_early,0,0,0,1,0,0,0,0,0,0,0,0,0,0,0,0,0,none,k0p0,,,,,0,,,0,0,0,,,,,,,,,,,,,,,,,
P00806,K23,,2016,NHLBI,pre_policy,0,0,0,0,0,0,1,0,0,0,0,0,0,0,0,0,0,0,0,0,0,0,0,0,0,0,0,0,0,0,0,0,1,0,1,pre_early,0,0,0,1,0,0,0,0,0,0,0,0,0,0,0,0,0,none,k0p0,,,,,0,,,0,0,0,,,,,,,,,,,,,,,,,
P00807,K23,,2016,NEI,pre_policy,0,1,1,1,0,0,0,1,0,1,0,1,1,1,1,1,0,1,1,1,1,1,1,1,0,1,1,1,1,1,1,1,1,0,0,pre_early,1,0,0,1,1,0,1,1,0,0,1,1,1,0,1,1,1,new_trial,k1p1,k1p1,k1p1,k1p1,k1p1,1,1,1,0,0,1,1,1,0,0,0,1,0,0,1,0,1,1,1,0,0,1,1
P00808,K23,,2016,NHLBI,pre_policy,0,0,0,0,0,0,0,0,0,0,0,0,0,0,0,0,0,0,0,0,0,0,0,0,0,0,0,0,0,0,0,0,1,0,0,pre_early,0,0,0,1,0,0,0,0,0,0,0,0,0,0,0,0,0,none,k0p0,,,,,0,,,0,0,0,,,,,,,,,,,,,,,,,
P00809,K23,,2016,NHLBI,pre_policy,0,0,0,0,0,0,0,0,0,0,0,0,0,0,0,0,0,0,0,0,0,0,0,0,0,0,0,0,0,0,0,0,1,0,0,pre_early,0,0,0,1,0,0,0,0,0,0,0,0,0,0,0,0,0,none,k0p0,,,,,0,,,0,0,0,,,,,,,,,,,,,,,,,
P00810,K08,,2016,NHLBI,pre_policy,0,0,0,0,0,0,0,0,0,0,0,0,0,0,0,0,0,0,0,0,0,0,0,0,0,0,0,0,0,0,0,0,1,0,0,pre_early,0,0,0,1,0,0,0,0,0,0,0,0,0,0,0,0,0,none,k0p0,,,,,0,,,0,0,0,,,,,,,,,,,,,,,,,
P00811,K23,,2016,NIAMS,pre_policy,0,0,0,0,0,0,0,0,0,0,0,0,0,0,0,0,0,0,0,0,0,0,0,0,0,0,0,0,0,0,0,0,1,0,0,pre_early,0,0,0,1,0,0,0,0,0,0,0,0,0,0,0,0,0,none,k0p0,,,,,0,,,0,0,0,,,,,,,,,,,,,,,,,
P00812,K08,,2016,NIAMS,pre_policy,0,0,1,1,0,0,0,0,0,0,0,1,1,0,1,1,0,0,1,0,0,0,0,0,0,0,0,0,0,0,0,0,1,0,0,pre_early,0,0,0,1,1,0,1,0,0,0,0,1,0,0,1,1,0,new_trial,k0p1,,,,,0,,,0,0,0,,,,,,,,,,,,,,,,,
P00813,K23,,2016,NICHD,pre_policy,0,1,1,1,0,1,1,0,0,1,0,0,1,1,1,1,0,1,1,1,0,0,1,0,1,0,0,0,0,0,0,0,1,0,1,pre_early,1,1,1,1,1,0,1,0,0,1,1,1,1,0,1,1,0,new_trial,k1p1,,,,,0,,,0,0,1,1,0,0,0,1,0,0,1,0,0,1,1,1,0,1,1,1
P00814,K23,,2016,NIA,pre_policy,0,1,0,0,0,0,0,0,0,0,0,0,0,0,0,0,0,0,0,0,0,0,0,0,0,0,0,0,0,0,0,0,1,0,0,pre_early,0,0,0,1,0,0,0,0,0,0,0,0,0,0,0,0,0,none,k0p0,,,,,0,,,0,0,1,0,0,0,0,0,0,0,0,0,0,0,0,0,0,0,0,0
P00815,K23,,2016,NHLBI,pre_policy,0,1,0,0,0,0,0,0,0,0,0,0,0,0,0,0,0,0,0,0,0,0,0,0,0,0,1,0,0,1,0,0,1,0,0,pre_early,0,0,0,1,0,0,0,0,0,0,0,0,0,0,0,0,0,none,k0p0,,,,,0,,,0,0,1,0,0,0,0,0,0,0,0,0,0,0,0,0,0,0,0,0
P00816,K08,,2016,NHLBI,pre_policy,0,0,0,0,0,0,0,0,0,0,0,0,0,0,0,0,0,0,0,0,0,0,0,0,0,0,1,0,0,1,0,0,1,0,0,pre_early,0,0,0,1,0,0,0,0,0,0,0,0,0,0,0,0,0,none,k0p0,,,,,0,,,0,0,0,,,,,,,,,,,,,,,,,
P00817,K08,,2016,NHLBI,pre_policy,0,0,0,0,0,0,0,0,0,0,0,0,0,0,0,0,0,0,0,0,0,0,0,0,0,0,0,0,0,0,0,0,1,0,0,pre_early,0,0,0,1,0,0,0,0,0,0,0,0,0,0,0,0,0,none,k0p0,,,,,0,,,0,0,0,,,,,,,,,,,,,,,,,
P00818,K08,,2016,NIAID,pre_policy,0,0,0,0,0,0,0,0,0,0,0,0,0,0,0,0,0,0,0,0,0,0,0,0,0,0,0,0,0,0,0,0,1,0,0,pre_early,0,0,0,1,0,0,0,0,0,0,0,0,0,0,0,0,0,none,k0p0,,,,,0,,,0,0,0,,,,,,,,,,,,,,,,,
P00819,K08,,2016,NIAMS,pre_policy,0,0,0,0,0,0,0,0,0,0,0,0,0,0,0,0,0,0,0,0,0,0,0,0,0,0,0,0,0,0,0,0,1,0,0,pre_early,0,0,0,1,0,0,0,0,0,0,0,0,0,0,0,0,0,none,k0p0,,,,,0,,,0,0,0,,,,,,,,,,,,,,,,,
P00820,K23,,2016,NIA,pre_policy,0,1,0,0,0,0,0,0,0,0,0,0,0,0,0,0,0,0,0,0,0,0,0,0,0,0,0,0,0,0,0,0,1,0,0,pre_early,0,0,0,1,1,1,1,0,0,0,0,0,0,0,0,1,0,none,k0p0,,,,,0,,,0,0,1,0,0,0,0,0,0,0,0,0,0,0,0,0,0,0,0,0
P00821,K08,,2016,NEI,pre_policy,0,0,0,0,0,0,0,0,0,0,0,0,0,0,0,0,0,0,0,0,0,0,0,0,0,0,0,0,0,0,0,0,1,0,0,pre_early,0,0,0,1,0,0,0,0,0,0,0,0,0,0,0,0,0,none,k0p0,,,,,0,,,0,0,0,,,,,,,,,,,,,,,,,
P00822,K08,,2016,NIDDK,pre_policy,0,0,0,0,0,0,0,1,0,0,0,0,0,0,0,0,0,0,0,0,0,0,0,0,0,1,1,1,1,1,1,1,1,0,0,pre_early,0,0,0,1,0,0,0,0,0,0,0,0,0,0,0,0,0,none,k0p0,,,,,0,,,0,0,0,,,,,,,,,,,,,,,,,
P00823,K08,,2016,NIMH,pre_policy,0,0,0,0,0,0,0,0,0,0,0,0,0,0,0,0,0,0,0,0,0,0,0,0,0,0,0,0,0,0,0,0,1,0,0,pre_early,0,0,0,1,1,1,1,0,0,0,0,0,0,0,0,1,0,none,k0p0,,,,,0,,,0,0,0,,,,,,,,,,,,,,,,,
P00824,K23,,2016,NIAAA,pre_policy,0,1,1,1,1,1,1,1,0,1,1,0,1,1,1,1,0,1,1,1,1,1,1,0,1,1,1,1,1,1,1,1,1,1,1,pre_early,1,1,1,1,1,0,1,0,0,1,1,1,1,1,1,1,0,new_trial,k1p1,,,,,0,,,0,0,0,,,,,,,,,,,,,,,,,
P00825,K08,,2016,NIGMS,pre_policy,0,0,1,1,1,1,0,0,0,0,0,0,0,0,1,1,0,0,1,0,0,0,0,0,0,0,0,0,0,0,0,0,1,0,0,pre_early,0,0,0,1,1,0,1,0,0,0,0,1,0,0,1,1,0,new_trial,k0p1,,,,,0,,,0,0,0,,,,,,,,,,,,,,,,,
P00826,K08,,2016,NIAMS,pre_policy,0,0,0,0,0,0,0,0,0,0,0,0,0,0,0,0,0,0,0,0,0,0,0,0,0,0,0,0,0,0,0,0,1,0,0,pre_early,0,0,0,1,0,0,0,0,0,0,0,0,0,0,0,0,0,none,k0p0,,,,,0,,,0,0,0,,,,,,,,,,,,,,,,,
P00827,K23,,2016,NIAID,pre_policy,0,0,0,0,0,0,0,0,0,0,0,0,0,0,0,0,0,0,0,0,0,0,0,0,0,0,0,0,0,0,0,0,1,0,0,pre_early,0,0,0,1,0,0,0,0,0,0,0,0,0,0,0,0,0,none,k0p0,,,,,0,,,0,0,0,,,,,,,,,,,,,,,,,
P00828,K08,,2016,NIAID,pre_policy,0,0,0,0,0,0,0,0,0,0,0,0,0,0,0,0,0,0,0,0,0,0,0,0,0,0,1,0,0,1,0,0,1,0,0,pre_early,0,0,0,1,0,0,0,0,0,0,0,0,0,0,0,0,0,none,k0p0,,,,,0,,,0,0,0,,,,,,,,,,,,,,,,,
P00829,K23,,2016,NIDA,pre_policy,0,0,0,0,0,0,0,0,0,0,0,0,0,0,0,0,0,0,0,0,0,0,0,0,0,0,0,0,0,0,0,0,1,0,0,pre_early,0,0,0,1,0,0,0,0,0,0,0,0,0,0,0,0,0,none,k0p0,,,,,0,,,0,0,0,,,,,,,,,,,,,,,,,
P00830,K08,,2016,NHLBI,pre_policy,0,0,0,0,0,0,0,0,0,0,0,0,0,0,0,0,0,0,0,0,0,0,0,0,0,0,0,0,0,0,0,0,1,0,0,pre_early,0,0,0,1,0,0,0,0,0,0,0,0,0,0,0,0,0,none,k0p0,,,,,0,,,0,0,0,,,,,,,,,,,,,,,,,
P00831,K23,,2016,NIAID,pre_policy,0,0,0,0,0,0,0,0,0,0,0,0,0,0,0,0,0,0,0,0,0,0,0,0,0,0,0,0,0,0,0,0,1,0,0,pre_early,0,0,0,1,0,0,0,0,0,0,0,0,0,0,0,0,0,none,k0p0,,,,,0,,,0,0,0,,,,,,,,,,,,,,,,,
P00832,K23,,2016,NIMH,pre_policy,0,0,0,0,0,0,0,1,0,0,0,0,0,0,0,0,0,0,0,0,0,0,0,0,0,1,1,1,1,1,1,1,1,0,0,pre_early,0,0,0,1,0,0,0,0,0,0,0,0,0,0,0,0,0,none,k0p0,,,,,0,,,0,0,0,,,,,,,,,,,,,,,,,
P00833,K23,,2016,NIAAA,pre_policy,0,1,0,0,0,0,0,0,0,0,0,0,0,0,1,0,0,0,0,0,0,0,0,0,0,0,0,0,0,0,0,0,1,1,0,pre_early,0,0,0,1,1,1,1,0,0,0,0,0,0,0,0,1,0,none,k0p0,,,,,0,,,0,0,0,,,,,,,,,,,,,,,,,
P00834,K23,,2016,NIMH,pre_policy,0,1,0,1,0,0,0,0,0,1,0,0,0,0,0,0,0,1,0,0,0,0,1,1,0,0,1,0,0,1,0,0,1,0,0,pre_early,1,1,1,1,0,0,0,1,0,0,1,0,0,0,0,0,0,ktrial_only,k1p0,,,,,0,,,0,0,1,1,0,0,0,1,0,1,0,1,0,1,1,0,0,1,1,1
P00835,K08,,2016,NIAID,pre_policy,0,0,0,0,0,0,0,1,0,0,0,0,0,0,0,0,0,0,0,0,0,0,0,0,0,1,1,1,1,1,1,1,1,0,0,pre_early,0,0,0,1,0,0,0,0,0,0,0,0,0,0,0,0,0,none,k0p0,,,,,0,,,0,0,0,,,,,,,,,,,,,,,,,
P00836,K08,,2016,NIDDK,pre_policy,0,0,0,0,0,0,0,0,0,0,0,0,0,0,0,0,0,0,0,0,0,0,0,0,0,0,1,0,0,1,0,0,1,0,0,pre_early,0,0,0,1,1,1,1,0,0,0,0,0,0,0,0,1,0,none,k0p0,,,,,0,,,0,0,0,,,,,,,,,,,,,,,,,
P00837,K08,,2016,NCI,pre_policy,0,0,0,0,0,0,0,0,0,0,0,0,0,0,0,0,0,0,0,0,0,0,0,0,0,0,0,0,0,0,0,0,1,0,0,pre_early,0,0,0,1,0,0,0,0,0,0,0,0,0,0,0,0,0,none,k0p0,,,,,0,,,0,0,0,,,,,,,,,,,,,,,,,
P00838,K08,,2016,NHLBI,pre_policy,0,0,0,0,0,0,0,0,0,0,0,0,0,0,0,0,0,0,0,0,0,0,0,0,0,0,0,0,0,0,0,0,1,0,0,pre_early,0,0,0,1,0,0,0,0,0,0,0,0,0,0,0,0,0,none,k0p0,,,,,0,,,0,0,0,,,,,,,,,,,,,,,,,
P00839,K08,,2016,NIAMS,pre_policy,0,0,0,0,0,0,0,0,0,0,0,0,0,0,0,0,0,0,0,0,0,0,0,0,0,0,1,0,0,1,0,0,1,0,0,pre_early,0,0,0,1,0,0,0,0,0,0,0,0,0,0,0,0,0,none,k0p0,,,,,0,,,0,0,0,,,,,,,,,,,,,,,,,
P00840,K23,,2016,NIAAA,pre_policy,0,1,0,1,0,0,0,0,0,1,0,0,0,0,0,0,0,1,0,0,0,0,1,1,0,0,1,0,0,1,0,0,1,0,0,pre_early,1,1,1,1,1,1,1,1,0,0,1,0,1,0,0,1,1,ktrial_only,k1p0,k1p0,k1p0,k1p0,k1p0,0,,,0,0,1,1,1,0,0,0,1,0,0,1,0,1,1,0,0,1,1,1
P00841,K23,,2016,NIA,pre_policy,0,0,1,1,0,1,0,0,0,0,0,0,0,0,1,1,0,0,1,0,0,0,0,0,0,0,0,0,0,0,0,0,1,0,0,pre_early,0,0,0,1,1,0,1,0,0,0,0,1,0,1,1,1,0,new_trial,k0p1,,,,,0,,,0,0,0,,,,,,,,,,,,,,,,,
P00842,K23,,2016,NIDDK,pre_policy,0,0,0,0,0,0,0,0,0,0,0,0,0,0,0,0,0,0,0,0,0,0,0,0,0,0,1,0,0,1,0,0,1,0,0,pre_early,0,0,0,1,0,0,0,0,0,0,0,0,0,0,0,0,0,none,k0p0,,,,,0,,,0,0,0,,,,,,,,,,,,,,,,,
P00843,K23,,2016,NIDA,pre_policy,0,1,1,1,1,1,0,1,1,1,0,1,1,1,1,1,0,1,1,1,1,1,1,1,0,1,1,1,1,1,1,1,1,0,0,pre_early,1,0,0,1,1,0,1,1,0,0,1,1,1,1,1,1,0,new_trial,k1p1,,,,,0,,,0,0,1,1,0,1,0,0,1,0,0,0,1,1,1,1,0,0,0,0
P00844,K23,,2016,NIAMS,pre_policy,0,1,0,0,0,0,1,0,0,0,0,0,0,0,0,0,0,0,0,0,0,0,1,0,0,0,0,0,0,0,0,0,1,0,0,pre_early,0,0,0,1,0,0,0,0,0,0,0,0,0,0,0,0,1,none,k0p0,k0p0,k0p0,k0p0,k0p0,0,,,0,0,1,0,0,0,0,0,0,0,0,0,0,0,0,0,0,0,0,0
P00845,K23,,2016,NIDDK,pre_policy,0,1,1,1,1,1,0,0,0,1,1,0,0,0,1,1,0,1,1,0,0,0,1,0,1,0,1,0,0,1,0,0,1,0,0,pre_early,0,0,0,1,1,0,1,0,0,1,1,1,1,1,1,1,0,new_trial,k1p1,,,,,0,,,0,0,1,1,0,1,0,0,1,0,0,0,0,1,0,0,0,0,1,1
P00846,K08,,2016,NIAID,pre_policy,0,0,0,0,0,0,0,0,0,0,0,0,0,0,0,0,0,0,0,0,0,0,0,0,0,0,0,0,0,0,0,0,1,0,0,pre_early,0,0,0,1,0,0,0,0,0,0,0,0,0,0,0,0,0,none,k0p0,,,,,0,,,0,0,0,,,,,,,,,,,,,,,,,
P00847,K23,,2016,NINDS,pre_policy,0,0,0,0,0,0,0,1,0,0,0,0,0,0,0,0,0,0,0,0,0,0,0,0,0,1,1,1,1,1,1,1,1,0,0,pre_early,0,0,0,1,0,0,0,0,0,0,0,0,0,0,0,0,0,none,k0p0,,,,,0,,,0,0,0,,,,,,,,,,,,,,,,,
P00848,K23,,2016,NIDDK,pre_policy,0,1,1,1,0,1,0,0,0,1,1,0,1,0,1,0,0,1,1,0,0,0,1,1,1,0,0,0,0,0,0,0,1,0,0,pre_early,1,1,1,1,1,0,1,1,0,1,1,1,1,1,1,1,0,new_trial,k1p1,,,,,0,,,0,0,1,1,1,1,0,0,1,1,0,1,0,1,1,1,0,1,0,0
P00849,K08,,2016,NIDDK,pre_policy,0,0,0,0,0,0,0,0,0,0,0,0,0,0,0,0,0,0,0,0,0,0,0,0,0,0,0,0,0,0,0,0,1,0,0,pre_early,0,0,0,1,0,0,0,0,0,0,0,0,0,0,0,0,0,none,k0p0,,,,,0,,,0,0,0,,,,,,,,,,,,,,,,,
P00850,K08,,2016,NHLBI,pre_policy,0,0,0,0,0,0,0,0,0,0,0,0,0,0,0,0,0,0,0,0,0,0,0,0,0,0,0,0,0,0,0,0,1,0,0,pre_early,0,0,0,1,0,0,0,0,0,0,0,0,0,0,0,0,0,none,k0p0,,,,,0,,,0,0,0,,,,,,,,,,,,,,,,,
P00851,K08,,2016,NIDDK,pre_policy,0,0,1,1,1,1,0,0,0,0,0,0,0,0,1,0,0,0,1,0,0,0,0,0,0,0,1,0,0,1,0,0,1,0,0,pre_early,0,0,0,1,1,0,1,0,0,0,0,1,0,1,1,1,0,new_trial,k0p1,,,,,0,,,0,0,0,,,,,,,,,,,,,,,,,
P00852,K08,,2016,NHLBI,pre_policy,0,0,0,0,0,0,0,0,0,0,0,0,0,0,0,0,0,0,0,0,0,0,0,0,0,0,0,0,0,0,0,0,1,0,0,pre_early,0,0,0,1,0,0,0,0,0,0,0,0,0,0,0,0,0,none,k0p0,,,,,0,,,0,0,0,,,,,,,,,,,,,,,,,
P00853,K23,,2016,NIBIB,pre_policy,0,1,1,1,1,0,1,1,0,0,0,0,1,1,1,1,0,0,1,0,0,0,0,0,0,1,1,1,1,1,1,1,1,0,1,pre_early,0,0,0,1,1,0,1,0,0,0,0,1,0,0,1,1,0,new_trial,k0p1,,,,,0,,,0,0,1,0,0,0,0,0,0,0,0,0,0,0,0,0,0,0,0,0
P00854,K08,,2016,NCI,pre_policy,0,0,0,0,0,0,0,0,0,0,0,0,0,0,0,0,0,0,0,0,0,0,0,0,0,0,0,0,0,0,0,0,1,0,0,pre_early,0,0,0,1,0,0,0,0,0,0,0,0,0,0,0,0,0,none,k0p0,,,,,0,,,0,0,0,,,,,,,,,,,,,,,,,
P00855,K23,,2016,NINDS,pre_policy,0,0,1,1,0,1,1,0,0,0,0,0,1,0,1,0,0,0,1,0,0,0,0,0,0,0,1,0,0,1,0,0,1,0,1,pre_early,0,0,0,1,1,0,1,0,0,0,0,1,0,1,1,1,0,new_trial,k0p1,,,,,0,,,0,0,0,,,,,,,,,,,,,,,,,
P00856,K23,,2016,NHLBI,pre_policy,0,0,1,1,0,0,0,1,0,1,0,0,1,1,1,1,0,1,1,1,0,0,1,0,1,1,1,1,1,1,1,1,1,0,0,pre_early,1,0,0,1,1,0,1,0,0,1,1,1,1,0,1,1,0,new_trial,k1p1,,,,,0,,,0,0,0,,,,,,,,,,,,,,,,,
P00857,K08,,2016,NCI,pre_policy,0,0,0,0,0,0,0,0,0,0,0,0,0,0,0,0,0,0,0,0,0,0,0,0,0,0,0,0,0,0,0,0,1,0,0,pre_early,0,0,0,1,0,0,0,0,0,0,0,0,0,0,0,0,0,none,k0p0,,,,,0,,,0,0,0,,,,,,,,,,,,,,,,,
P00858,K08,,2016,NHLBI,pre_policy,0,0,0,0,0,0,0,1,0,0,0,0,0,0,0,0,0,0,0,0,0,0,0,0,0,1,1,1,1,1,1,1,1,0,0,pre_early,0,0,0,1,0,0,0,0,0,0,0,0,0,0,0,0,0,none,k0p0,,,,,0,,,0,0,0,,,,,,,,,,,,,,,,,
P00859,K23,,2016,NIDA,pre_policy,0,1,1,1,0,0,0,0,1,1,0,0,1,1,1,1,0,1,1,1,1,1,1,1,0,0,1,1,0,1,0,1,1,0,0,pre_early,1,1,0,1,1,0,1,1,0,0,1,1,1,0,1,1,0,new_trial,k1p1,,,,,0,,,0,0,1,1,1,0,0,0,1,0,0,1,0,1,1,1,0,1,1,1
P00860,K23,,2016,NIAMS,pre_policy,0,1,0,1,0,0,0,1,0,1,0,0,0,0,0,0,0,1,0,0,0,0,1,1,0,1,1,1,1,1,1,1,1,1,0,pre_early,1,1,0,1,0,0,0,1,0,0,1,0,1,0,0,0,0,ktrial_only,k1p0,,,,,0,,,0,0,0,,,,,,,,,,,,,,,,,
P00861,K23,,2016,NIAID,pre_policy,0,0,0,0,0,0,0,0,0,0,0,0,0,0,0,0,0,0,0,0,0,0,0,0,0,0,0,0,0,0,0,0,1,0,0,pre_early,0,0,0,1,0,0,0,0,0,0,0,0,0,0,0,0,0,none,k0p0,,,,,0,,,0,0,0,,,,,,,,,,,,,,,,,
P00862,K08,,2016,NIAMS,pre_policy,0,0,0,0,0,0,0,1,0,0,0,0,0,0,0,0,0,0,0,0,0,0,0,0,0,1,1,1,1,1,1,1,1,0,0,pre_early,0,0,0,1,0,0,0,0,0,0,0,0,0,0,0,0,0,none,k0p0,,,,,0,,,0,0,0,,,,,,,,,,,,,,,,,
P00863,K08,,2016,NCI,pre_policy,0,0,0,0,0,0,0,0,0,0,0,0,0,0,0,0,0,0,0,0,0,0,0,0,0,0,0,0,0,0,0,0,1,0,0,pre_early,0,0,0,1,0,0,0,0,0,0,0,0,0,0,0,0,0,none,k0p0,,,,,0,,,0,0,0,,,,,,,,,,,,,,,,,
P00864,K08,,2016,NCI,pre_policy,0,0,0,0,0,0,0,0,0,0,0,0,0,0,0,0,0,0,0,0,0,0,0,0,0,1,1,1,1,1,1,1,1,0,0,pre_early,0,0,0,1,0,0,0,0,0,0,0,0,0,0,0,0,0,none,k0p0,,,,,0,,,0,0,0,,,,,,,,,,,,,,,,,
P00865,K23,,2016,NIMH,pre_policy,0,0,0,1,0,0,0,0,0,1,0,0,0,0,0,0,0,1,0,0,0,0,1,1,0,0,0,0,0,0,0,0,1,0,0,pre_early,1,0,0,1,1,1,1,1,0,0,1,0,1,0,0,0,1,ktrial_only,k1p0,k1p0,k1p0,k1p0,k1p0,0,,,0,0,0,,,,,,,,,,,,,,,,,
P00866,K23,,2016,NIMH,pre_policy,0,0,0,0,0,0,0,1,0,0,0,0,0,0,0,0,0,0,0,0,0,0,0,0,0,1,1,1,1,1,1,1,1,0,0,pre_early,0,0,0,1,0,0,0,0,0,0,0,0,0,0,0,0,0,none,k0p0,,,,,0,,,0,0,0,,,,,,,,,,,,,,,,,
P00867,K08,,2016,NCI,pre_policy,0,0,0,0,0,0,0,0,0,0,0,0,0,0,0,0,0,0,0,0,0,0,0,0,0,1,1,1,1,1,1,1,1,0,0,pre_early,0,0,0,1,0,0,0,0,0,0,0,0,0,0,0,0,0,none,k0p0,,,,,0,,,0,0,0,,,,,,,,,,,,,,,,,
P00868,K08,,2016,NIAID,pre_policy,0,0,1,1,1,0,0,0,0,0,0,1,1,1,1,1,0,0,1,0,0,0,0,0,0,0,0,0,0,0,0,0,1,0,0,pre_early,0,0,0,1,1,0,1,0,0,0,0,1,0,0,1,1,0,new_trial,k0p1,,,,,0,,,0,0,0,,,,,,,,,,,,,,,,,
P00869,K23,,2016,NIMH,pre_policy,0,0,0,0,0,0,0,0,0,0,0,0,0,0,0,0,0,0,0,0,0,0,0,0,0,0,0,0,0,0,0,0,1,0,0,pre_early,0,0,0,1,0,0,0,0,0,0,0,0,0,0,0,0,0,none,k0p0,,,,,0,,,0,0,0,,,,,,,,,,,,,,,,,
P00870,K08,,2016,NIDDK,pre_policy,0,0,0,0,0,0,0,0,0,0,0,0,0,0,0,0,0,0,0,0,0,0,0,0,0,0,0,0,0,0,0,0,1,0,0,pre_early,0,0,0,1,0,0,0,0,0,0,0,0,0,0,0,0,0,none,k0p0,,,,,0,,,0,0,0,,,,,,,,,,,,,,,,,
P00871,K23,,2016,NIAID,pre_policy,0,0,0,0,0,0,0,0,0,0,0,0,0,0,0,0,0,0,0,0,0,0,0,0,0,0,0,0,0,0,0,0,1,0,0,pre_early,0,0,0,1,0,0,0,0,0,0,0,0,0,0,0,0,0,none,k0p0,,,,,0,,,0,0,0,,,,,,,,,,,,,,,,,
P00872,K23,,2016,NIMH,pre_policy,0,0,0,0,0,0,1,1,0,0,0,0,0,0,0,0,0,0,0,0,0,0,0,0,0,1,1,1,1,1,1,1,1,0,1,pre_early,0,0,0,1,0,0,0,0,0,0,0,0,0,0,0,0,0,none,k0p0,,,,,0,,,0,0,0,,,,,,,,,,,,,,,,,
P00873,K23,,2016,NIAID,pre_policy,0,0,0,0,0,0,0,1,0,0,0,0,0,0,0,0,0,0,0,0,0,0,0,0,0,1,1,1,1,1,1,1,1,0,0,pre_early,0,0,0,1,0,0,0,0,0,0,0,0,0,0,0,0,0,none,k0p0,,,,,0,,,0,0,0,,,,,,,,,,,,,,,,,
P00874,K08,,2016,NIAMS,pre_policy,0,0,0,0,0,0,0,0,0,0,0,0,0,0,0,0,0,0,0,0,0,0,0,0,0,0,1,0,0,1,0,0,1,0,0,pre_early,0,0,0,1,0,0,0,0,0,0,0,0,0,0,0,0,0,none,k0p0,,,,,0,,,0,0,0,,,,,,,,,,,,,,,,,
P00875,K23,,2016,NIMH,pre_policy,0,0,0,0,0,0,0,0,0,0,0,0,0,0,0,0,0,0,0,0,0,0,0,0,0,0,0,0,0,0,0,0,1,0,0,pre_early,0,0,0,1,0,0,0,0,0,0,0,0,0,0,0,0,0,none,k0p0,,,,,0,,,0,0,0,,,,,,,,,,,,,,,,,
P00876,K23,,2016,NIMH,pre_policy,0,1,0,0,0,0,1,1,0,0,0,0,0,0,0,0,0,0,0,0,0,0,1,0,0,1,1,1,1,1,1,1,1,0,0,pre_early,0,0,0,1,0,0,0,0,0,0,0,0,0,0,0,0,0,none,k0p0,,,,,0,,,0,0,1,0,0,0,0,0,0,0,0,0,0,0,0,0,0,0,0,0
P00877,K23,,2016,NIDCD,pre_policy,0,1,1,1,0,1,1,0,0,0,0,0,1,0,1,0,0,0,1,0,0,0,1,0,0,0,1,0,0,1,0,0,1,0,1,pre_early,0,0,0,1,1,0,1,0,0,0,0,1,0,1,1,1,0,new_trial,k0p1,,,,,0,,,0,0,1,0,0,0,0,0,0,0,0,0,0,0,0,0,0,0,0,0
P00878,K08,,2016,NINDS,pre_policy,0,0,0,0,0,0,0,0,0,0,0,0,0,0,0,0,0,0,0,0,0,0,0,0,0,0,0,0,0,0,0,0,1,0,0,pre_early,0,0,0,1,0,0,0,0,0,0,0,0,0,0,0,0,0,none,k0p0,,,,,0,,,0,0,0,,,,,,,,,,,,,,,,,
P00879,K08,,2016,NCI,pre_policy,0,0,0,0,0,0,0,0,0,0,0,0,0,0,0,0,0,0,0,0,0,0,0,0,0,0,1,0,0,1,0,0,1,0,0,pre_early,0,0,0,1,0,0,0,0,0,0,0,0,0,0,0,0,0,none,k0p0,,,,,0,,,0,0,0,,,,,,,,,,,,,,,,,
P00880,K08,,2016,NINDS,pre_policy,0,0,0,0,0,0,0,0,0,0,0,0,0,0,0,0,0,0,0,0,0,0,0,0,0,0,1,0,0,1,0,0,1,0,0,pre_early,0,0,0,1,0,0,0,0,0,0,0,0,0,0,0,0,0,none,k0p0,,,,,0,,,0,0,0,,,,,,,,,,,,,,,,,
P00881,K23,,2016,NIDA,pre_policy,0,0,0,0,0,0,0,1,0,0,0,0,0,0,0,0,0,0,0,0,0,0,0,0,0,1,1,1,1,1,1,1,1,0,0,pre_early,0,0,0,1,1,1,1,0,0,0,0,0,0,0,0,1,0,none,k0p0,,,,,0,,,0,0,0,,,,,,,,,,,,,,,,,
P00882,K08,,2016,NIDDK,pre_policy,0,0,0,0,0,0,0,1,0,0,0,0,0,0,0,0,0,0,0,0,0,0,0,0,0,1,1,1,1,1,1,1,1,0,0,pre_early,0,0,0,1,0,0,0,0,0,0,0,0,0,0,0,0,0,none,k0p0,,,,,0,,,0,0,0,,,,,,,,,,,,,,,,,
P00883,K23,,2016,NIDDK,pre_policy,0,0,0,0,0,0,0,0,0,0,0,0,0,0,0,0,0,0,0,0,0,0,0,0,0,0,0,0,1,1,1,1,1,0,0,pre_early,0,0,0,1,0,0,0,0,0,0,0,0,0,0,0,0,0,none,k0p0,,,,,0,,,0,0,0,,,,,,,,,,,,,,,,,
P00884,K08,,2016,NIAMS,pre_policy,0,0,0,0,0,0,0,1,0,0,0,0,0,0,0,0,0,0,0,0,0,0,0,0,0,1,1,1,1,1,1,1,1,0,0,pre_early,0,0,0,1,0,0,0,0,0,0,0,0,0,0,0,0,0,none,k0p0,,,,,0,,,0,0,0,,,,,,,,,,,,,,,,,
P00885,K23,,2016,NIDCD,pre_policy,0,0,0,0,0,0,0,1,0,0,0,0,0,0,0,0,0,0,0,0,0,0,0,0,0,1,1,1,1,1,1,1,1,0,0,pre_early,0,0,0,1,0,0,0,0,0,0,0,0,0,0,0,0,0,none,k0p0,,,,,0,,,0,0,0,,,,,,,,,,,,,,,,,
P00886,K08,,2016,NCI,pre_policy,0,0,0,0,0,0,0,0,0,0,0,0,0,0,0,0,0,0,0,0,0,0,0,0,0,0,1,0,0,1,0,0,1,0,0,pre_early,0,0,0,1,0,0,0,0,0,0,0,0,0,0,0,0,0,none,k0p0,,,,,0,,,0,0,0,,,,,,,,,,,,,,,,,
P00887,K23,,2016,NCI,pre_policy,0,1,1,1,1,1,0,0,0,1,0,0,0,0,1,0,0,1,1,0,1,0,1,0,1,0,0,0,0,0,0,0,1,0,0,pre_early,1,1,0,1,1,0,1,0,0,1,1,1,1,1,1,1,0,new_trial,k1p1,,,,,0,,,0,0,1,1,0,1,0,0,1,0,0,0,0,1,1,1,0,1,1,1
P00888,K08,,2016,NIDDK,pre_policy,0,0,0,0,0,0,0,0,0,0,0,0,0,0,0,0,0,0,0,0,0,0,0,0,0,0,0,0,0,1,0,0,1,0,0,pre_early,0,0,0,1,0,0,0,0,0,0,0,0,0,0,0,0,0,none,k0p0,,,,,0,,,0,0,0,,,,,,,,,,,,,,,,,
P00889,K23,,2016,NIA,pre_policy,0,1,1,1,0,1,1,1,0,1,0,1,1,1,1,1,0,1,1,1,0,0,1,0,1,1,1,1,1,1,1,1,1,0,1,pre_early,1,0,0,1,1,0,1,0,0,1,1,1,0,1,1,1,1,new_trial,k1p1,k1p1,k1p1,k1p1,k1p1,0,,,0,0,1,1,0,1,0,0,1,0,0,0,0,1,1,0,0,0,0,0
P00890,K23,,2016,NIDDK,pre_policy,0,1,1,1,0,0,1,1,0,0,0,0,1,1,1,1,0,0,1,1,1,1,1,0,0,1,1,1,1,1,1,1,1,0,0,pre_early,0,0,0,1,1,0,1,0,0,0,0,1,0,0,1,1,0,new_trial,k0p1,,,,,0,,,0,0,1,0,0,0,0,0,0,0,0,0,0,0,0,0,0,0,0,0
P00891,K23,,2016,NIDDK,pre_policy,0,0,0,0,0,0,0,0,0,0,0,0,0,0,0,0,0,0,0,0,0,0,0,0,0,0,0,0,0,0,0,0,1,0,0,pre_early,0,0,0,1,0,0,0,0,0,0,0,0,0,0,0,0,0,none,k0p0,,,,,0,,,0,0,0,,,,,,,,,,,,,,,,,
P00892,K23,,2016,NHLBI,pre_policy,0,1,1,1,1,0,0,0,0,1,1,0,1,1,1,1,0,1,1,0,0,0,1,1,0,0,0,0,0,0,0,0,1,0,0,pre_early,1,1,0,1,1,0,1,1,0,0,1,1,0,0,1,1,0,new_trial,k1p1,,,,,0,,,0,0,1,1,1,0,0,0,1,0,0,1,0,1,1,0,0,1,0,0
P00893,K23,,2016,NIDDK,pre_policy,0,0,0,1,0,0,0,1,0,1,0,0,0,0,1,0,0,1,0,0,0,0,1,1,0,1,1,1,1,1,1,1,1,0,0,pre_early,1,1,0,1,0,0,0,1,0,0,1,0,1,0,0,0,1,ktrial_only,k1p0,k1p1,k1p1,k1p1,k1p1,0,,,0,0,0,,,,,,,,,,,,,,,,,
P00894,K08,,2016,NHLBI,pre_policy,0,0,0,0,0,0,0,0,0,0,0,0,0,0,0,0,0,0,0,0,0,0,0,0,0,0,0,0,0,0,0,0,1,0,0,pre_early,0,0,0,1,0,0,0,0,0,0,0,0,0,0,0,0,0,none,k0p0,,,,,0,,,0,0,0,,,,,,,,,,,,,,,,,
P00895,K08,,2016,NHLBI,pre_policy,0,0,0,0,0,0,0,0,0,0,0,0,0,0,0,0,0,0,0,0,0,0,0,0,0,0,0,0,0,0,0,0,1,0,0,pre_early,0,0,0,1,0,0,0,0,0,0,0,0,0,0,0,0,0,none,k0p0,,,,,0,,,0,0,0,,,,,,,,,,,,,,,,,
P00896,K08,,2016,NINDS,pre_policy,0,0,0,0,0,0,0,0,0,0,0,0,0,0,0,0,0,0,0,0,0,0,0,0,0,0,0,0,0,0,0,0,1,0,0,pre_early,0,0,0,1,0,0,0,0,0,0,0,0,0,0,0,0,0,none,k0p0,,,,,0,,,0,0,0,,,,,,,,,,,,,,,,,
P00897,K08,,2016,NHLBI,pre_policy,0,0,0,0,0,0,0,0,0,0,0,0,0,0,0,0,0,0,0,0,0,0,0,0,0,0,0,0,0,0,0,0,1,0,0,pre_early,0,0,0,1,0,0,0,0,0,0,0,0,0,0,0,0,0,none,k0p0,,,,,0,,,0,0,0,,,,,,,,,,,,,,,,,
P00898,K08,,2016,NHLBI,pre_policy,0,0,0,0,0,0,0,1,0,0,0,0,0,0,0,0,0,0,0,0,0,0,0,0,0,1,1,1,1,1,1,1,1,0,0,pre_early,0,0,0,1,0,0,0,0,0,0,0,0,0,0,0,0,0,none,k0p0,,,,,0,,,0,0,0,,,,,,,,,,,,,,,,,
P00899,K23,,2016,NEI,pre_policy,0,0,0,0,0,0,0,0,0,0,0,0,0,0,0,0,0,0,0,0,0,0,0,0,0,0,0,0,0,0,0,0,1,0,0,pre_early,0,0,0,1,0,0,0,0,0,0,0,0,0,0,0,0,0,none,k0p0,,,,,0,,,0,0,0,,,,,,,,,,,,,,,,,
P00900,K08,,2016,NIAMS,pre_policy,0,0,0,0,0,0,0,0,0,0,0,0,0,0,0,0,0,0,0,0,0,0,0,0,0,0,1,0,0,1,0,0,1,0,0,pre_early,0,0,0,1,0,0,0,0,0,0,0,0,0,0,0,0,0,none,k0p0,,,,,0,,,0,0,0,,,,,,,,,,,,,,,,,
P00901,K08,,2016,NEI,pre_policy,0,0,1,1,1,1,0,1,0,1,1,0,0,0,1,1,0,1,1,0,0,0,1,0,1,1,1,1,1,1,1,1,1,0,0,pre_early,1,1,0,1,1,0,1,0,0,1,1,1,1,0,1,1,0,new_trial,k1p1,,,,,0,,,0,0,0,,,,,,,,,,,,,,,,,
P00902,K08,,2016,NINDS,pre_policy,0,0,0,0,0,0,0,1,0,0,0,0,0,0,0,0,0,0,0,0,0,0,0,0,0,1,1,1,1,1,1,1,1,0,0,pre_early,0,0,0,1,0,0,0,0,0,0,0,0,0,0,0,0,0,none,k0p0,,,,,0,,,0,0,0,,,,,,,,,,,,,,,,,
P00903,K23,,2016,NHLBI,pre_policy,0,0,0,0,0,0,0,0,0,0,0,0,0,0,0,0,0,0,0,0,0,0,0,0,0,0,0,0,0,0,0,0,1,0,0,pre_early,0,0,0,1,0,0,0,0,0,0,0,0,0,0,0,0,0,none,k0p0,,,,,0,,,0,0,0,,,,,,,,,,,,,,,,,
P00904,K08,,2016,NICHD,pre_policy,0,0,0,0,0,0,0,0,0,0,0,0,0,0,0,0,0,0,0,0,0,0,0,0,0,0,0,0,0,0,0,0,1,0,0,pre_early,0,0,0,1,0,0,0,0,0,0,0,0,0,0,0,0,0,none,k0p0,,,,,0,,,0,0,0,,,,,,,,,,,,,,,,,
P00905,K23,,2016,NCCIH,pre_policy,0,1,1,1,0,1,1,0,0,1,0,0,1,0,1,0,0,1,1,0,0,0,1,1,0,0,0,0,0,0,0,0,1,0,1,pre_early,1,1,1,1,1,0,1,1,0,0,1,1,0,1,1,1,1,new_trial,k1p1,k1p1,k1p1,k1p1,k1p1,0,,,0,0,1,1,1,0,0,0,1,0,0,1,0,1,1,0,0,1,0,0
P00906,K08,,2016,NEI,pre_policy,0,0,0,0,0,0,0,1,0,0,0,0,0,0,0,0,0,0,0,0,0,0,0,0,0,1,1,1,1,1,1,1,1,0,0,pre_early,0,0,0,1,0,0,0,0,0,0,0,0,0,0,0,0,0,none,k0p0,,,,,0,,,0,0,0,,,,,,,,,,,,,,,,,
P00907,K23,,2016,NIMH,pre_policy,0,0,0,0,0,0,0,0,0,0,0,0,0,0,0,0,0,0,0,0,0,0,0,0,0,0,0,0,0,0,0,0,1,0,0,pre_early,0,0,0,1,0,0,0,0,0,0,0,0,0,0,0,0,0,none,k0p0,,,,,0,,,0,0,0,,,,,,,,,,,,,,,,,
P00908,K23,,2016,NIDA,pre_policy,0,1,0,0,0,0,0,0,0,0,0,0,0,0,0,0,0,0,0,0,0,0,0,0,0,0,1,0,0,1,0,0,1,0,0,pre_early,0,0,0,1,1,1,1,0,0,0,0,0,0,0,0,1,0,none,k0p0,,,,,0,,,0,0,1,0,0,0,0,0,0,0,0,0,0,0,0,0,0,0,0,0
P00909,K08,,2016,NHLBI,pre_policy,0,0,0,0,0,0,0,0,0,0,0,0,0,0,0,0,0,0,0,0,0,0,0,0,0,0,0,0,0,1,0,0,1,0,0,pre_early,0,0,0,1,0,0,0,0,0,0,0,0,0,0,0,0,0,none,k0p0,,,,,0,,,0,0,0,,,,,,,,,,,,,,,,,
P00910,K08,,2016,NINDS,pre_policy,0,0,1,1,0,1,0,0,0,0,0,0,1,0,1,0,0,0,1,0,0,0,0,0,0,0,0,0,0,0,0,0,1,0,0,pre_early,0,0,0,1,1,0,1,0,0,0,0,1,0,1,1,1,0,new_trial,k0p1,,,,,0,,,0,0,0,,,,,,,,,,,,,,,,,
P00911,K08,,2016,NCI,pre_policy,0,0,0,0,0,0,0,0,0,0,0,0,0,0,0,0,0,0,0,0,0,0,0,0,0,0,1,0,0,1,0,0,1,0,0,pre_early,0,0,0,1,0,0,0,0,0,0,0,0,0,0,0,0,0,none,k0p0,,,,,0,,,0,0,0,,,,,,,,,,,,,,,,,
P00912,K08,,2016,NHLBI,pre_policy,0,0,0,0,0,0,0,0,0,0,0,0,0,0,0,0,0,0,0,0,0,0,0,0,0,0,0,0,0,0,0,0,1,0,0,pre_early,0,0,0,1,0,0,0,0,0,0,0,0,0,0,0,0,0,none,k0p0,,,,,0,,,0,0,0,,,,,,,,,,,,,,,,,
P00913,K23,,2016,NIDDK,pre_policy,0,1,0,0,0,0,1,0,0,0,0,0,0,0,0,0,0,0,0,0,0,0,1,0,0,0,1,1,0,1,0,1,1,0,1,pre_early,0,0,0,1,1,1,1,0,0,0,0,0,0,0,0,1,0,none,k0p0,,,,,0,,,0,0,1,0,0,0,0,0,0,0,0,0,0,0,0,0,0,0,0,0
P00914,K23,,2016,NIMH,pre_policy,0,0,0,0,0,0,0,0,0,0,0,0,0,0,0,0,0,0,0,0,0,0,0,0,0,0,0,0,0,0,0,0,1,0,0,pre_early,0,0,0,1,1,1,1,0,0,0,0,0,0,0,0,1,0,none,k0p0,,,,,0,,,0,0,0,,,,,,,,,,,,,,,,,
P00915,K23,,2016,NIDCD,pre_policy,0,0,0,0,0,0,0,0,0,0,0,0,0,0,0,0,0,0,0,0,0,0,0,0,0,0,0,0,0,0,0,0,1,0,0,pre_early,0,0,0,1,0,0,0,0,0,0,0,0,0,0,0,0,0,none,k0p0,,,,,0,,,0,0,0,,,,,,,,,,,,,,,,,
P00916,K08,,2016,NIGMS,pre_policy,0,0,0,0,0,0,0,0,0,0,0,0,0,0,0,0,0,0,0,0,0,0,0,0,0,0,1,0,0,1,0,0,1,0,0,pre_early,0,0,0,1,0,0,0,0,0,0,0,0,0,0,0,0,0,none,k0p0,,,,,0,,,0,0,0,,,,,,,,,,,,,,,,,
P00917,K08,,2016,NHLBI,pre_policy,0,0,0,0,0,0,0,0,0,0,0,0,0,0,0,0,0,0,0,0,0,0,0,0,0,0,0,0,0,0,0,0,1,0,0,pre_early,0,0,0,1,0,0,0,0,0,0,0,0,0,0,0,0,0,none,k0p0,,,,,0,,,0,0,0,,,,,,,,,,,,,,,,,
P00918,K23,,2016,NICHD,pre_policy,0,0,0,0,0,0,0,0,0,0,0,0,0,0,0,0,0,0,0,0,0,0,0,0,0,0,0,0,0,0,0,0,1,0,0,pre_early,0,0,0,1,0,0,0,0,0,0,0,0,0,0,0,0,1,none,k0p0,k0p0,k0p0,k0p0,k0p0,0,,,0,0,0,,,,,,,,,,,,,,,,,
P00919,K23,,2016,NIDA,pre_policy,0,1,0,1,0,0,0,1,0,1,0,0,0,0,0,0,0,1,0,0,0,0,1,0,1,1,1,1,1,1,1,1,1,0,0,pre_early,1,1,0,1,1,1,1,0,0,1,1,0,1,0,0,1,0,ktrial_only,k1p0,,,,,0,,,0,0,1,1,1,0,0,1,1,0,1,1,0,1,1,1,0,1,0,0
P00920,K08,,2016,NHLBI,pre_policy,0,0,0,0,0,0,0,0,0,0,0,0,0,0,0,0,0,0,0,0,0,0,0,0,0,0,0,0,0,0,0,0,1,0,0,pre_early,0,0,0,1,0,0,0,0,0,0,0,0,0,0,0,0,0,none,k0p0,,,,,0,,,0,0,0,,,,,,,,,,,,,,,,,
P00921,K23,,2016,NINDS,pre_policy,0,0,0,0,0,0,0,0,0,0,0,0,0,0,0,0,0,0,0,0,0,0,0,0,0,0,0,0,0,0,0,0,1,0,0,pre_early,0,0,0,1,0,0,0,0,0,0,0,0,0,0,0,0,0,none,k0p0,,,,,0,,,0,0,0,,,,,,,,,,,,,,,,,
P00922,K23,,2016,NIAID,pre_policy,0,0,0,1,0,0,0,1,0,1,1,0,0,0,0,0,0,1,0,0,0,0,1,1,0,1,1,1,1,1,1,1,1,0,0,pre_early,0,0,0,1,0,0,0,1,0,0,1,0,1,0,0,0,1,ktrial_only,k1p0,k1p0,k1p0,k1p0,k0p0,0,,,0,0,0,,,,,,,,,,,,,,,,,
P00923,K08,,2016,NIDDK,pre_policy,0,0,0,0,0,0,0,1,0,0,0,0,0,0,0,0,0,0,0,0,0,0,0,0,0,1,1,1,1,1,1,1,1,0,0,pre_early,0,0,0,1,0,0,0,0,0,0,0,0,0,0,0,0,0,none,k0p0,,,,,0,,,0,0,0,,,,,,,,,,,,,,,,,
P00924,K23,,2016,NIMH,pre_policy,0,0,0,0,0,0,0,0,0,0,0,0,0,0,0,0,0,0,0,0,0,0,0,0,0,0,1,0,0,1,0,0,1,0,0,pre_early,0,0,0,1,0,0,0,0,0,0,0,0,0,0,0,0,0,none,k0p0,,,,,0,,,0,0,0,,,,,,,,,,,,,,,,,
P00925,K23,,2016,NIAID,pre_policy,0,1,0,0,0,0,0,0,0,0,0,0,0,0,0,0,0,0,0,0,0,0,0,0,0,0,1,0,0,1,0,0,1,0,0,pre_early,0,0,0,1,1,1,1,0,0,0,0,0,0,0,0,1,0,none,k0p0,,,,,0,,,0,0,1,0,0,0,0,0,0,0,0,0,0,0,0,0,0,0,0,0
P00926,K23,,2016,NIMH,pre_policy,0,0,0,0,0,0,0,1,0,0,0,0,0,0,0,0,0,0,0,0,0,0,0,0,0,1,1,1,1,1,1,1,1,0,0,pre_early,0,0,0,1,0,0,0,0,0,0,0,0,0,0,0,0,0,none,k0p0,,,,,0,,,0,0,0,,,,,,,,,,,,,,,,,
P00927,K08,,2016,NHLBI,pre_policy,0,0,0,0,0,0,0,1,0,0,0,0,0,0,0,0,0,0,0,0,0,0,0,0,0,1,1,1,1,1,1,1,1,0,0,pre_early,0,0,0,1,0,0,0,0,0,0,0,0,0,0,0,0,0,none,k0p0,,,,,0,,,0,0,0,,,,,,,,,,,,,,,,,
P00928,K23,,2016,NIDDK,pre_policy,0,0,1,1,0,1,0,1,0,0,0,0,0,0,1,0,0,0,1,0,0,0,0,0,0,1,1,1,1,1,1,1,1,0,0,pre_early,0,0,0,1,1,0,1,0,0,0,0,1,0,1,1,1,0,new_trial,k0p1,,,,,0,,,0,0,0,,,,,,,,,,,,,,,,,
P00929,K23,,2016,NHLBI,pre_policy,0,1,0,0,0,0,1,0,1,0,0,0,0,0,1,0,0,0,0,0,0,0,0,0,0,0,0,0,0,0,0,0,1,0,1,pre_early,0,0,0,1,1,1,1,0,0,0,0,0,0,0,0,1,0,none,k0p0,,,,,0,,,0,0,1,0,0,0,0,0,0,0,0,0,0,0,0,0,0,0,0,0
P00930,K23,,2016,NIDDK,pre_policy,0,0,0,0,0,0,0,0,0,0,0,0,0,0,0,0,0,0,0,0,0,0,0,0,0,0,0,0,0,0,0,0,1,0,0,pre_early,0,0,0,1,0,0,0,0,0,0,0,0,0,0,0,0,0,none,k0p0,,,,,0,,,0,0,0,,,,,,,,,,,,,,,,,
P00931,K23,,2016,NIA,pre_policy,0,1,0,1,0,0,0,0,0,1,0,0,0,0,0,0,0,1,0,0,0,0,1,1,0,0,1,0,0,1,0,0,1,0,0,pre_early,1,1,0,1,0,0,0,1,0,0,1,0,1,0,0,0,0,ktrial_only,k1p0,,,,,1,1,1,0,0,1,1,1,0,0,0,1,0,0,1,0,1,1,1,0,1,1,1
P00932,K23,,2016,NHLBI,pre_policy,0,1,1,1,0,1,1,0,0,1,0,0,0,0,1,0,0,1,1,0,0,0,1,1,1,0,0,0,0,0,0,0,1,0,0,pre_early,1,1,1,1,1,0,1,1,0,1,1,1,1,1,1,1,0,new_trial,k1p1,,,,,0,,,0,0,1,1,1,1,0,0,1,0,0,1,0,1,1,0,0,1,0,0
P00933,K23,,2016,NIDDK,pre_policy,0,0,0,0,0,0,0,1,0,0,0,0,0,0,0,0,0,0,0,0,0,0,0,0,0,1,1,1,1,1,1,1,1,0,0,pre_early,0,0,0,1,0,0,0,0,0,0,0,0,0,0,0,0,0,none,k0p0,,,,,0,,,0,0,0,,,,,,,,,,,,,,,,,
P00934,K23,,2016,NHLBI,pre_policy,0,1,0,1,0,0,0,0,0,1,0,0,0,0,0,0,0,1,0,0,0,0,1,1,0,0,0,0,0,0,0,0,1,0,0,pre_early,0,0,0,1,0,0,0,1,0,0,1,0,1,0,0,0,0,ktrial_only,k1p0,,,,,0,,,0,0,1,1,1,0,0,0,1,1,0,1,0,1,0,0,1,0,0,0
P00935,K08,,2016,NIDDK,pre_policy,0,0,0,0,0,0,1,0,0,0,0,0,0,0,0,0,0,0,0,0,0,0,0,0,0,0,1,0,0,1,0,0,1,0,1,pre_early,0,0,0,1,0,0,0,0,0,0,0,0,0,0,0,0,0,none,k0p0,,,,,0,,,0,0,0,,,,,,,,,,,,,,,,,
P00936,K08,,2016,NHLBI,pre_policy,0,1,0,0,0,0,0,0,0,0,0,0,0,0,0,0,0,0,0,0,0,0,0,0,0,0,0,0,0,0,0,0,1,0,0,pre_early,0,0,0,1,0,0,0,0,0,0,0,0,0,0,0,0,0,none,k0p0,,,,,0,,,0,0,0,,,,,,,,,,,,,,,,,
P00937,K08,,2016,NIDDK,pre_policy,0,0,0,0,0,0,0,0,0,0,0,0,0,0,0,0,0,0,0,0,0,0,0,0,0,0,0,0,0,0,0,0,1,0,0,pre_early,0,0,0,1,0,0,0,0,0,0,0,0,0,0,0,0,0,none,k0p0,,,,,0,,,0,0,0,,,,,,,,,,,,,,,,,
P00938,K08,,2016,NIDDK,pre_policy,0,0,0,0,0,0,0,0,0,0,0,0,0,0,0,0,0,0,0,0,0,0,0,0,0,0,0,0,0,0,0,0,1,0,0,pre_early,0,0,0,1,0,0,0,0,0,0,0,0,0,0,0,0,0,none,k0p0,,,,,0,,,0,0,0,,,,,,,,,,,,,,,,,
P00939,K08,,2016,NIDDK,pre_policy,0,0,0,0,0,0,0,0,0,0,0,0,0,0,0,0,0,0,0,0,0,0,0,0,0,0,1,0,0,1,0,0,1,0,0,pre_early,0,0,0,1,0,0,0,0,0,0,0,0,0,0,0,0,0,none,k0p0,,,,,0,,,0,0,0,,,,,,,,,,,,,,,,,
P00940,K08,,2016,NIDDK,pre_policy,0,0,0,0,0,0,0,0,0,0,0,0,0,0,0,0,0,0,0,0,0,0,0,0,0,1,1,1,1,1,1,1,1,0,0,pre_early,0,0,0,1,0,0,0,0,0,0,0,0,0,0,0,0,0,none,k0p0,,,,,0,,,0,0,0,,,,,,,,,,,,,,,,,
P00941,K08,,2016,NIDDK,pre_policy,0,0,0,0,0,0,0,0,0,0,0,0,0,0,0,0,0,0,0,0,0,0,0,0,0,0,1,0,0,1,0,0,1,0,0,pre_early,0,0,0,1,0,0,0,0,0,0,0,0,0,0,0,0,0,none,k0p0,,,,,0,,,0,0,0,,,,,,,,,,,,,,,,,
P00942,K08,,2016,NIDDK,pre_policy,0,0,0,0,0,0,0,0,0,0,0,0,0,0,0,0,0,0,0,0,0,0,0,0,0,0,1,0,0,1,0,0,1,0,0,pre_early,0,0,0,1,0,0,0,0,0,0,0,0,0,0,0,0,0,none,k0p0,,,,,0,,,0,0,0,,,,,,,,,,,,,,,,,
P00943,K23,,2016,NIDA,pre_policy,0,0,0,0,0,0,0,0,0,0,0,0,0,0,0,0,0,0,0,0,0,0,0,0,0,0,0,0,0,0,0,0,1,0,0,pre_early,0,0,0,1,0,0,0,0,0,0,0,0,0,0,0,0,0,none,k0p0,,,,,0,,,0,0,0,,,,,,,,,,,,,,,,,
P00944,K23,,2016,NHLBI,pre_policy,0,0,0,0,0,0,1,0,0,0,0,0,0,0,0,0,0,0,0,0,0,0,0,0,0,0,0,0,0,0,0,0,1,0,1,pre_early,0,0,0,1,0,0,0,0,0,0,0,0,0,0,0,0,0,none,k0p0,,,,,0,,,0,0,0,,,,,,,,,,,,,,,,,
P00945,K08,,2016,NHLBI,pre_policy,0,0,0,0,0,0,0,0,0,0,0,0,0,0,0,0,0,0,0,0,0,0,0,0,0,0,0,0,0,0,0,0,1,0,0,pre_early,0,0,0,1,0,0,0,0,0,0,0,0,0,0,0,0,0,none,k0p0,,,,,0,,,0,0,0,,,,,,,,,,,,,,,,,
P00946,K23,,2016,NIA,pre_policy,0,0,0,0,0,0,0,0,0,0,0,0,0,0,0,0,0,0,0,0,0,0,0,0,0,0,0,0,0,0,0,0,1,0,0,pre_early,0,0,0,1,0,0,0,0,0,0,0,0,0,0,0,0,0,none,k0p0,,,,,0,,,0,0,0,,,,,,,,,,,,,,,,,
P00947,K23,,2016,NHLBI,pre_policy,0,1,0,0,0,0,0,0,0,0,0,0,0,0,0,0,0,0,0,0,0,0,0,0,0,0,0,0,0,0,0,0,1,0,0,pre_early,0,0,0,1,0,0,0,0,0,0,0,0,0,0,0,0,0,none,k0p0,,,,,0,,,0,0,1,0,0,0,0,0,0,0,0,0,0,0,0,0,0,0,0,0
P00948,K23,,2016,NHLBI,pre_policy,0,0,1,1,1,1,0,0,0,0,0,1,0,0,1,1,0,0,1,0,0,0,0,0,0,0,0,0,0,0,0,0,1,0,0,pre_early,0,0,0,1,1,0,1,0,0,0,0,1,0,1,1,1,0,new_trial,k0p1,,,,,0,,,0,0,0,,,,,,,,,,,,,,,,,
P00949,K23,,2016,NHLBI,pre_policy,0,1,0,1,0,0,0,1,0,1,1,0,0,0,0,0,0,1,0,0,0,0,1,0,1,1,1,1,1,1,1,1,1,0,0,pre_early,1,1,0,1,0,0,0,0,0,1,1,0,1,0,0,0,0,ktrial_only,k1p0,,,,,0,,,0,0,1,1,0,1,0,0,1,0,0,0,0,1,1,0,0,1,1,1
P00950,K23,,2016,NHLBI,pre_policy,0,0,0,0,0,0,0,1,0,0,0,0,0,0,0,0,0,0,0,0,0,0,0,0,0,1,1,1,1,1,1,1,1,0,0,pre_early,0,0,0,1,0,0,0,0,0,0,0,0,0,0,0,0,0,none,k0p0,,,,,0,,,0,0,0,,,,,,,,,,,,,,,,,
P00951,K08,,2016,NIGMS,pre_policy,0,0,0,0,0,0,0,0,0,0,0,0,0,0,0,0,0,0,0,0,0,0,0,0,0,0,0,0,0,0,0,0,1,0,0,pre_early,0,0,0,1,0,0,0,0,0,0,0,0,0,0,0,0,0,none,k0p0,,,,,0,,,0,0,0,,,,,,,,,,,,,,,,,
P00952,K23,,2016,NHLBI,pre_policy,0,1,0,0,0,0,0,0,0,0,0,0,0,0,0,0,0,0,0,0,0,0,0,0,0,0,0,0,0,0,0,0,1,0,0,pre_early,0,0,0,1,0,0,0,0,0,0,0,0,0,0,0,0,0,none,k0p0,,,,,0,,,0,0,1,0,0,0,0,0,0,0,0,0,0,0,0,0,0,0,0,0
P00953,K08,,2016,NHLBI,pre_policy,0,0,0,0,0,0,0,0,0,0,0,0,0,0,0,0,0,0,0,0,0,0,0,0,0,0,0,0,0,0,0,0,1,0,0,pre_early,0,0,0,1,0,0,0,0,0,0,0,0,0,0,0,0,0,none,k0p0,,,,,0,,,0,0,0,,,,,,,,,,,,,,,,,
P00954,K23,,2016,NHLBI,pre_policy,0,0,0,0,0,0,0,1,0,0,0,0,0,0,0,0,0,0,0,0,0,0,0,0,0,1,1,1,1,1,1,1,1,0,0,pre_early,0,0,0,1,0,0,0,0,0,0,0,0,0,0,0,0,0,none,k0p0,,,,,0,,,0,0,0,,,,,,,,,,,,,,,,,
P00955,K23,,2016,NHLBI,pre_policy,0,0,1,1,1,1,0,0,0,0,0,0,0,0,1,0,0,0,1,0,0,0,0,0,0,0,0,0,0,0,0,0,1,0,0,pre_early,0,0,0,1,1,0,1,0,0,0,0,1,0,1,1,1,0,new_trial,k0p1,,,,,0,,,0,0,0,,,,,,,,,,,,,,,,,
P00956,K23,,2016,NHLBI,pre_policy,0,1,0,1,0,0,1,0,0,1,1,0,0,0,0,0,0,1,0,0,0,0,1,1,0,0,0,0,0,0,0,0,1,0,1,pre_early,0,0,0,1,1,1,1,1,0,0,1,0,1,0,0,1,1,ktrial_only,k1p0,k1p0,k1p0,k1p0,k1p0,0,,,0,0,1,1,1,0,0,0,1,0,0,1,0,1,0,0,1,1,0,0
P00957,K23,,2016,NHLBI,pre_policy,0,0,1,1,0,1,0,0,0,1,0,0,1,1,1,0,0,1,1,1,0,0,1,1,0,0,1,0,0,1,0,0,1,0,0,pre_early,1,1,0,1,1,0,1,1,0,0,1,1,1,1,1,1,0,new_trial,k1p1,,,,,0,,,0,0,0,,,,,,,,,,,,,,,,,
P00958,K23,,2016,NIAMS,pre_policy,0,1,0,0,0,0,1,0,0,0,0,0,0,0,0,0,0,0,0,0,0,0,1,0,0,0,0,0,0,0,0,0,1,0,0,pre_early,0,0,0,1,0,0,0,0,0,0,0,0,0,0,0,0,0,none,k0p0,,,,,0,,,0,0,1,0,0,0,0,0,0,0,0,0,0,0,0,0,0,0,0,0
P00959,K08,,2016,NHLBI,pre_policy,0,0,0,0,0,0,0,0,0,0,0,0,0,0,0,0,0,0,0,0,0,0,0,0,0,0,0,0,0,0,0,0,1,0,0,pre_early,0,0,0,1,0,0,0,0,0,0,0,0,0,0,0,0,0,none,k0p0,,,,,0,,,0,0,0,,,,,,,,,,,,,,,,,
P00960,K08,,2016,NHLBI,pre_policy,0,0,0,0,0,0,0,1,0,0,0,0,0,0,0,0,0,0,0,0,0,0,0,0,0,1,1,1,1,1,1,1,1,0,0,pre_early,0,0,0,1,0,0,0,0,0,0,0,0,0,0,0,0,0,none,k0p0,,,,,0,,,0,0,0,,,,,,,,,,,,,,,,,
P00961,K23,,2016,NIMH,pre_policy,0,1,0,0,0,0,0,0,0,0,0,0,0,0,0,0,0,0,0,0,0,0,0,0,0,0,0,0,0,0,0,0,1,0,0,pre_early,0,0,0,1,1,1,1,0,0,0,0,0,0,0,0,1,0,none,k0p0,,,,,0,,,0,0,1,0,0,0,0,0,0,0,0,0,0,0,0,0,0,0,0,0
P00962,K23,,2016,NIDDK,pre_policy,0,0,0,0,0,0,0,1,0,0,0,0,0,0,0,0,0,0,0,0,0,0,0,0,0,1,1,1,1,1,1,1,1,0,0,pre_early,0,0,0,1,0,0,0,0,0,0,0,0,0,0,0,0,0,none,k0p0,,,,,0,,,0,0,0,,,,,,,,,,,,,,,,,
P00963,K23,,2016,NIA,pre_policy,0,0,0,0,0,0,0,0,0,0,0,0,0,0,0,0,0,0,0,0,0,0,0,0,0,0,0,0,0,0,0,0,1,0,0,pre_early,0,0,0,1,0,0,0,0,0,0,0,0,0,0,0,0,0,none,k0p0,,,,,0,,,0,0,0,,,,,,,,,,,,,,,,,
P00964,K23,,2016,NHLBI,pre_policy,0,0,0,0,0,0,0,1,0,0,0,0,0,0,0,0,0,0,0,0,0,0,0,0,0,1,1,1,1,1,1,1,1,0,0,pre_early,0,0,0,1,1,1,1,0,0,0,0,0,0,0,0,1,0,none,k0p0,,,,,0,,,0,0,0,,,,,,,,,,,,,,,,,
P00965,K08,,2016,NHLBI,pre_policy,0,0,0,0,0,0,0,0,0,0,0,0,0,0,0,0,0,0,0,0,0,0,0,0,0,0,0,0,0,0,0,0,1,0,0,pre_early,0,0,0,1,0,0,0,0,0,0,0,0,0,0,0,0,0,none,k0p0,,,,,0,,,0,0,0,,,,,,,,,,,,,,,,,
P00966,K23,,2016,NHLBI,pre_policy,0,0,1,1,0,1,0,0,0,0,0,0,0,0,1,1,0,0,1,0,0,0,0,0,0,0,0,0,0,0,0,0,1,0,0,pre_early,0,0,0,1,1,0,1,0,0,0,0,1,0,0,1,1,0,new_trial,k0p1,,,,,0,,,0,0,0,,,,,,,,,,,,,,,,,
P00967,K23,,2016,NHLBI,pre_policy,0,0,1,1,0,1,1,1,0,0,0,0,0,0,1,1,0,0,1,0,0,0,0,0,0,1,1,1,1,1,1,1,1,0,1,pre_early,0,0,0,1,1,0,1,0,0,0,0,1,0,1,1,1,0,new_trial,k0p1,,,,,0,,,0,0,0,,,,,,,,,,,,,,,,,
P00968,K08,,2016,NIDCR,pre_policy,0,0,0,0,0,0,0,0,0,0,0,0,0,0,0,0,0,0,0,0,0,0,0,0,0,0,0,0,0,0,0,0,1,0,0,pre_early,0,0,0,1,0,0,0,0,0,0,0,0,0,0,0,0,0,none,k0p0,,,,,0,,,0,0,0,,,,,,,,,,,,,,,,,
P00969,K08,,2016,NCI,pre_policy,0,0,0,0,0,0,0,0,0,0,0,0,0,0,0,0,0,0,0,0,0,0,0,0,0,0,0,0,0,0,0,0,1,0,0,pre_early,0,0,0,1,1,1,1,0,0,0,0,0,0,0,0,1,0,none,k0p0,,,,,0,,,0,0,0,,,,,,,,,,,,,,,,,
P00970,K23,,2016,NIEHS,pre_policy,0,0,0,0,0,0,0,0,1,0,0,0,0,0,0,0,0,0,0,0,0,0,0,0,0,0,0,0,0,0,0,0,1,0,0,pre_early,0,0,0,1,0,0,0,0,0,0,0,0,0,0,0,0,0,none,k0p0,,,,,0,,,0,0,0,,,,,,,,,,,,,,,,,
P00971,K23,,2016,NCCIH,pre_policy,0,1,0,1,0,0,1,1,0,1,0,0,0,0,0,0,0,1,0,0,0,0,1,0,1,1,1,1,1,1,1,1,1,0,1,pre_early,1,0,0,1,1,1,1,0,0,1,1,0,1,0,0,1,0,ktrial_only,k1p0,,,,,0,,,0,0,1,1,0,1,0,0,1,0,0,0,0,1,1,1,0,0,0,0
P00972,K23,,2016,NEI,pre_policy,0,0,1,1,1,1,0,0,0,0,0,0,0,0,1,1,0,0,1,0,0,0,0,0,0,0,0,0,0,0,0,0,1,0,0,pre_early,0,0,0,1,1,0,1,0,0,0,0,1,0,0,1,1,0,new_trial,k0p1,,,,,0,,,0,0,0,,,,,,,,,,,,,,,,,
P00973,K23,,2016,NIMH,pre_policy,0,0,0,0,0,0,0,0,0,0,0,0,0,0,0,0,0,0,0,0,0,0,0,0,0,0,0,0,0,0,0,0,1,0,0,pre_early,0,0,0,1,1,1,1,0,0,0,0,0,0,0,0,1,0,none,k0p0,,,,,0,,,0,0,0,,,,,,,,,,,,,,,,,
P00974,K23,,2016,NHLBI,pre_policy,0,0,0,0,0,0,0,1,0,0,0,0,0,0,0,0,0,0,0,0,0,0,0,0,0,1,1,1,1,1,1,1,1,0,0,pre_early,0,0,0,1,0,0,0,0,0,0,0,0,0,0,0,0,0,none,k0p0,,,,,1,0,0,0,0,0,,,,,,,,,,,,,,,,,
P00975,K08,,2016,NCI,pre_policy,0,0,0,0,0,0,0,1,0,0,0,0,0,0,0,0,0,0,0,0,0,0,0,0,0,1,1,1,1,1,1,1,1,0,0,pre_early,0,0,0,1,0,0,0,0,0,0,0,0,0,0,0,0,0,none,k0p0,,,,,0,,,0,0,0,,,,,,,,,,,,,,,,,
P00976,K08,,2016,NHLBI,pre_policy,0,0,0,0,0,0,0,0,0,0,0,0,0,0,0,0,0,0,0,0,0,0,0,0,0,0,0,0,0,0,0,0,1,0,0,pre_early,0,0,0,1,0,0,0,0,0,0,0,0,0,0,0,0,0,none,k0p0,,,,,0,,,0,0,0,,,,,,,,,,,,,,,,,
P00977,K23,,2016,NHLBI,pre_policy,0,1,1,1,0,1,0,0,0,1,0,0,1,0,1,0,0,1,1,0,0,0,1,0,1,0,0,0,0,0,0,0,1,0,0,pre_early,1,0,0,1,1,0,1,0,0,1,1,1,1,1,1,1,0,new_trial,k1p1,,,,,0,,,0,0,1,1,0,1,0,0,1,0,0,0,0,1,1,1,0,0,0,0
P00978,K23,,2016,NIDA,pre_policy,0,1,0,1,0,0,1,0,0,1,0,0,0,0,0,0,0,1,0,0,0,0,1,0,1,0,0,0,0,0,0,0,1,0,1,pre_early,0,0,0,1,0,0,0,0,0,1,1,0,1,0,0,0,1,ktrial_only,k1p0,k1p0,k1p0,k1p0,k1p0,0,,,0,0,1,1,0,1,0,0,1,0,0,0,0,0,0,0,1,0,0,0
P00979,K08,,2016,NEI,pre_policy,0,0,0,0,0,0,0,0,0,0,0,0,0,0,0,0,0,0,0,0,0,0,0,0,0,0,0,0,0,0,0,0,1,0,0,pre_early,0,0,0,1,0,0,0,0,0,0,0,0,0,0,0,0,0,none,k0p0,,,,,0,,,0,0,0,,,,,,,,,,,,,,,,,
P00980,K08,,2016,NCI,pre_policy,0,0,0,0,0,0,0,0,0,0,0,0,0,0,0,0,0,0,0,0,0,0,0,0,0,0,1,0,0,1,0,0,1,0,0,pre_early,0,0,0,1,0,0,0,0,0,0,0,0,0,0,0,0,0,none,k0p0,,,,,0,,,0,0,0,,,,,,,,,,,,,,,,,
P00981,K08,,2016,NHLBI,pre_policy,0,0,0,0,0,0,0,1,0,0,0,0,0,0,0,0,0,0,0,0,0,0,0,0,0,1,1,1,1,1,1,1,1,0,0,pre_early,0,0,0,1,0,0,0,0,0,0,0,0,0,0,0,0,0,none,k0p0,,,,,0,,,0,0,0,,,,,,,,,,,,,,,,,
P00982,K08,,2016,NHLBI,pre_policy,0,0,0,0,0,0,0,0,0,0,0,0,0,0,0,0,0,0,0,0,0,0,0,0,0,0,0,0,0,1,0,0,1,0,0,pre_early,0,0,0,1,0,0,0,0,0,0,0,0,0,0,0,0,0,none,k0p0,,,,,0,,,0,0,0,,,,,,,,,,,,,,,,,
P00983,K23,,2016,NIDDK,pre_policy,0,1,1,1,0,1,1,0,0,0,0,0,1,1,1,0,0,0,1,1,0,0,1,0,0,0,0,0,0,0,0,0,1,0,1,pre_early,0,0,0,1,1,0,1,0,0,0,0,1,0,1,1,1,0,new_trial,k0p1,,,,,0,,,0,0,1,0,0,0,0,0,0,0,0,0,0,0,0,0,0,0,0,0
P00984,K23,,2016,NIDDK,pre_policy,0,0,1,1,0,1,0,0,0,0,0,0,1,0,1,1,0,0,1,0,0,0,0,0,0,0,0,0,0,0,0,0,1,0,0,pre_early,0,0,0,1,1,0,1,0,0,0,0,1,0,0,1,1,0,new_trial,k0p1,,,,,0,,,0,0,0,,,,,,,,,,,,,,,,,
P00985,K08,,2016,NHLBI,pre_policy,0,0,0,0,0,0,0,0,0,0,0,0,0,0,0,0,0,0,0,0,0,0,0,0,0,0,1,0,0,1,0,0,1,0,0,pre_early,0,0,0,1,0,0,0,0,0,0,0,0,0,0,0,0,0,none,k0p0,,,,,0,,,0,0,0,,,,,,,,,,,,,,,,,
P00986,K08,,2016,NHLBI,pre_policy,0,0,0,0,0,0,0,0,0,0,0,0,0,0,0,0,0,0,0,0,0,0,0,0,0,0,0,0,0,0,0,0,1,0,0,pre_early,0,0,0,1,0,0,0,0,0,0,0,0,0,0,0,0,0,none,k0p0,,,,,0,,,0,0,0,,,,,,,,,,,,,,,,,
P00987,K23,,2016,NHLBI,pre_policy,0,0,0,0,0,0,0,1,0,0,0,0,0,0,1,0,0,0,0,0,0,0,0,0,0,1,1,1,1,1,1,1,1,0,0,pre_early,0,0,0,1,0,0,0,0,0,0,0,0,0,0,0,0,0,none,k0p0,,,,,0,,,0,0,0,,,,,,,,,,,,,,,,,
P00988,K08,,2016,NIDDK,pre_policy,0,0,0,0,0,0,0,0,0,0,0,0,0,0,0,0,0,0,0,0,0,0,0,0,0,0,1,0,0,1,0,0,1,0,0,pre_early,0,0,0,1,0,0,0,0,0,0,0,0,0,0,0,0,0,none,k0p0,,,,,0,,,0,0,0,,,,,,,,,,,,,,,,,
P00989,K23,,2016,NIDDK,pre_policy,0,0,0,0,0,0,0,0,0,0,0,0,0,0,0,0,0,0,0,0,0,0,0,0,0,0,0,0,0,0,0,0,1,0,0,pre_early,0,0,0,1,0,0,0,0,0,0,0,0,0,0,0,0,0,none,k0p0,,,,,0,,,0,0,0,,,,,,,,,,,,,,,,,
P00990,K08,,2016,NHLBI,pre_policy,0,0,0,0,0,0,1,1,0,0,0,0,0,0,0,0,0,0,0,0,0,0,0,0,0,1,1,1,1,1,1,1,1,0,1,pre_early,0,0,0,1,0,0,0,0,0,0,0,0,0,0,0,0,0,none,k0p0,,,,,0,,,0,0,0,,,,,,,,,,,,,,,,,
P00991,K08,,2016,NHLBI,pre_policy,0,0,0,0,0,0,0,1,0,0,0,0,0,0,0,0,0,0,0,0,0,0,0,0,0,1,1,1,1,1,1,1,1,0,0,pre_early,0,0,0,1,0,0,0,0,0,0,0,0,0,0,0,0,0,none,k0p0,,,,,0,,,0,0,0,,,,,,,,,,,,,,,,,
P00992,K23,,2016,NIAAA,pre_policy,0,0,0,0,0,0,0,1,0,0,0,0,0,0,0,0,0,0,0,0,0,0,0,0,0,1,1,1,1,1,1,1,1,0,0,pre_early,0,0,0,1,0,0,0,0,0,0,0,0,0,0,0,0,0,none,k0p0,,,,,0,,,0,0,0,,,,,,,,,,,,,,,,,
P00993,K08,,2016,NHLBI,pre_policy,0,0,0,0,0,0,0,0,0,0,0,0,0,0,0,0,0,0,0,0,0,0,0,0,0,0,0,0,0,0,0,0,1,0,0,pre_early,0,0,0,1,0,0,0,0,0,0,0,0,0,0,0,0,0,none,k0p0,,,,,0,,,0,0,0,,,,,,,,,,,,,,,,,
P00994,K08,,2016,NIDCR,pre_policy,0,0,1,1,1,1,0,0,0,0,0,1,1,1,1,0,0,0,1,1,0,0,0,0,0,0,0,0,0,1,0,0,1,0,0,pre_early,0,0,0,1,1,0,1,0,0,0,0,1,0,1,1,1,0,new_trial,k0p1,,,,,0,,,0,0,0,,,,,,,,,,,,,,,,,
P00995,K23,,2016,NIGMS,pre_policy,0,0,0,0,0,0,0,0,0,0,0,0,0,0,0,0,0,0,0,0,0,0,0,0,0,1,1,1,1,1,1,1,1,0,0,pre_early,0,0,0,1,1,1,1,0,0,0,0,0,0,0,0,1,0,none,k0p0,,,,,0,,,0,0,0,,,,,,,,,,,,,,,,,
P00996,K08,,2016,NIDCR,pre_policy,0,0,1,1,1,1,0,0,0,0,0,0,1,1,1,0,0,0,1,0,0,0,0,0,0,0,0,0,0,0,0,0,1,0,0,pre_early,0,0,0,1,1,0,1,0,0,0,0,1,0,1,1,1,0,new_trial,k0p1,,,,,0,,,0,0,0,,,,,,,,,,,,,,,,,
P00997,K08,,2016,NIDDK,pre_policy,0,0,0,0,0,0,0,0,0,0,0,0,0,0,0,0,0,0,0,0,0,0,0,0,0,0,0,0,0,0,0,0,1,0,0,pre_early,0,0,0,1,0,0,0,0,0,0,0,0,0,0,0,0,0,none,k0p0,,,,,0,,,0,0,0,,,,,,,,,,,,,,,,,
P00998,K08,,2016,NIDDK,pre_policy,0,1,0,0,0,0,0,0,0,0,0,0,0,0,0,0,0,0,0,0,0,0,0,0,0,0,0,0,0,0,0,0,1,0,0,pre_early,0,0,0,1,0,0,0,0,0,0,0,0,0,0,0,0,0,none,k0p0,,,,,0,,,0,0,0,,,,,,,,,,,,,,,,,
P00999,K23,,2016,NIMH,pre_policy,0,1,0,1,0,0,0,0,1,1,0,0,0,0,0,0,0,1,0,0,0,0,1,1,0,0,1,0,0,1,0,0,1,0,0,pre_early,0,0,0,1,1,1,1,1,0,0,1,0,1,0,0,0,0,ktrial_only,k1p0,,,,,0,,,0,0,1,1,0,0,0,1,0,0,1,1,0,0,0,0,0,0,0,0
P01000,K08,,2016,NIMH,pre_policy,0,0,1,1,1,1,0,0,0,0,0,0,0,0,1,1,0,0,1,0,0,0,0,0,0,0,0,0,0,0,0,0,1,0,0,pre_early,0,0,0,1,1,0,1,0,0,0,0,1,0,1,1,1,0,new_trial,k0p1,,,,,0,,,0,0,0,,,,,,,,,,,,,,,,,
P01001,K08,,2016,NCI,pre_policy,0,0,0,0,0,0,0,0,0,0,0,0,0,0,0,0,0,0,0,0,0,0,0,0,0,0,0,0,0,0,0,0,1,0,0,pre_early,0,0,0,1,0,0,0,0,0,0,0,0,0,0,0,0,0,none,k0p0,,,,,0,,,0,0,0,,,,,,,,,,,,,,,,,
P01002,K08,,2016,NIDCR,pre_policy,0,0,0,0,0,0,0,0,0,0,0,0,0,0,0,0,0,0,0,0,0,0,0,0,0,0,0,0,0,0,0,0,1,0,0,pre_early,0,0,0,1,0,0,0,0,0,0,0,0,0,0,0,0,0,none,k0p0,,,,,0,,,0,0,0,,,,,,,,,,,,,,,,,
P01003,K23,,2016,NIDDK,pre_policy,0,0,1,1,0,0,0,0,0,0,0,0,0,0,1,1,0,0,1,0,0,0,0,0,0,0,0,0,0,0,0,0,1,0,0,pre_early,0,0,0,1,1,0,1,0,0,0,0,1,0,0,1,1,0,new_trial,k0p1,,,,,0,,,0,0,0,,,,,,,,,,,,,,,,,
P01004,K23,,2016,NIDDK,pre_policy,0,0,0,0,0,0,0,0,0,0,0,0,0,0,0,0,0,0,0,0,0,0,0,0,0,0,0,0,0,1,0,0,1,0,0,pre_early,0,0,0,1,0,0,0,0,0,0,0,0,0,0,0,0,0,none,k0p0,,,,,0,,,0,0,0,,,,,,,,,,,,,,,,,
P01005,K23,,2016,NICHD,pre_policy,0,1,1,1,0,1,0,0,0,1,0,0,1,0,1,1,0,1,1,0,0,0,1,1,0,0,0,0,0,0,0,0,1,0,0,pre_early,1,0,0,1,1,0,1,1,0,0,1,1,0,0,1,1,0,new_trial,k1p1,,,,,0,,,0,0,1,1,1,0,0,0,1,0,0,1,0,1,1,0,0,0,0,0
P01006,K23,,2016,NIDDK,pre_policy,0,1,1,1,0,1,0,1,0,0,0,0,1,0,1,0,0,0,1,0,0,0,0,0,0,1,1,1,1,1,1,1,1,0,0,pre_early,0,0,0,1,1,0,1,0,0,0,0,1,0,1,1,1,1,new_trial,k0p1,k0p1,k0p1,k0p1,k0p1,0,,,0,0,1,0,0,0,0,0,0,0,0,0,0,0,0,0,0,0,0,0
P01007,K08,,2016,NCI,pre_policy,0,0,1,1,0,1,0,0,0,0,0,0,0,0,1,0,0,0,1,0,1,0,0,0,0,1,1,1,1,1,1,1,1,0,0,pre_early,0,0,0,1,1,0,1,0,0,0,0,1,0,1,1,1,0,new_trial,k0p1,,,,,0,,,0,0,0,,,,,,,,,,,,,,,,,
P01008,K23,,2016,NCI,pre_policy,0,0,0,0,0,0,0,0,0,0,0,0,0,0,0,0,0,0,0,0,0,0,0,0,0,0,0,0,0,0,0,0,1,0,0,pre_early,0,0,0,1,0,0,0,0,0,0,0,0,0,0,0,0,0,none,k0p0,,,,,1,0,0,0,0,0,,,,,,,,,,,,,,,,,
P01009,K08,,2016,NIMH,pre_policy,0,0,0,0,0,0,0,0,0,0,0,0,0,0,0,0,0,0,0,0,0,0,0,0,0,0,0,0,0,0,0,0,1,0,0,pre_early,0,0,0,1,0,0,0,0,0,0,0,0,0,0,0,0,0,none,k0p0,,,,,0,,,0,0,0,,,,,,,,,,,,,,,,,
P01010,K08,,2016,NCI,pre_policy,0,0,0,0,0,0,0,0,0,0,0,0,0,0,0,0,0,0,0,0,0,0,0,0,0,1,1,1,1,1,1,1,1,0,0,pre_early,0,0,0,1,0,0,0,0,0,0,0,0,0,0,0,0,0,none,k0p0,,,,,0,,,0,0,0,,,,,,,,,,,,,,,,,
P01011,K08,,2016,NCI,pre_policy,0,0,0,0,0,0,0,1,0,0,0,0,0,0,0,0,0,0,0,0,0,0,0,0,0,1,1,1,1,1,1,1,1,0,0,pre_early,0,0,0,1,0,0,0,0,0,0,0,0,0,0,0,0,0,none,k0p0,,,,,0,,,0,0,0,,,,,,,,,,,,,,,,,
P01012,K08,,2016,NIA,pre_policy,0,0,0,0,0,0,0,0,0,0,0,0,0,0,0,0,0,0,0,0,0,0,0,0,0,0,1,0,0,1,0,0,1,0,0,pre_early,0,0,0,1,0,0,0,0,0,0,0,0,0,0,0,0,0,none,k0p0,,,,,0,,,0,0,0,,,,,,,,,,,,,,,,,
P01013,K08,,2016,NHLBI,pre_policy,0,0,0,0,0,0,0,0,0,0,0,0,0,0,0,0,0,0,0,0,0,0,0,0,0,0,0,0,0,0,0,0,1,0,0,pre_early,0,0,0,1,0,0,0,0,0,0,0,0,0,0,0,0,0,none,k0p0,,,,,0,,,0,0,0,,,,,,,,,,,,,,,,,
P01014,K08,,2016,NHLBI,pre_policy,0,0,0,0,0,0,0,1,0,0,0,0,0,0,0,0,0,0,0,0,0,0,0,0,0,1,1,1,1,1,1,1,1,0,0,pre_early,0,0,0,1,0,0,0,0,0,0,0,0,0,0,0,0,0,none,k0p0,,,,,0,,,0,0,0,,,,,,,,,,,,,,,,,
P01015,K23,,2016,NIAMS,pre_policy,0,0,1,1,0,0,0,1,0,0,0,0,1,0,1,1,0,0,1,0,0,0,0,0,0,1,1,1,1,1,1,1,1,0,0,pre_early,0,0,0,1,1,0,1,0,0,0,0,1,0,0,1,1,0,new_trial,k0p1,,,,,0,,,0,0,0,,,,,,,,,,,,,,,,,
P01016,K23,,2016,NIDDK,pre_policy,0,0,0,0,0,0,0,0,0,0,0,0,0,0,0,0,0,0,0,0,0,0,0,0,0,0,0,0,0,0,0,0,1,0,0,pre_early,0,0,0,1,0,0,0,0,0,0,0,0,0,0,0,0,0,none,k0p0,,,,,0,,,0,0,0,,,,,,,,,,,,,,,,,
P01017,K23,,2016,NIGMS,pre_policy,0,1,1,1,1,0,1,0,0,1,1,0,1,1,1,1,0,1,1,1,0,0,1,0,1,0,0,0,0,0,0,0,1,0,1,pre_early,1,1,1,1,1,0,1,0,0,1,1,1,1,0,1,1,1,new_trial,k1p1,k1p1,k1p1,k1p1,k1p1,1,1,1,0,0,1,1,0,1,0,0,1,0,0,0,0,1,1,1,0,1,1,1
P01018,K08,,2016,NCI,pre_policy,0,0,1,1,0,1,0,0,0,0,0,0,1,0,1,0,0,0,1,0,0,0,0,0,0,0,0,0,0,1,0,0,1,0,0,pre_early,0,0,0,1,1,0,1,0,0,0,0,1,0,1,1,1,0,new_trial,k0p1,,,,,0,,,0,0,0,,,,,,,,,,,,,,,,,
P01019,K08,,2016,NIDDK,pre_policy,0,0,0,0,0,0,0,0,0,0,0,0,0,0,0,0,0,0,0,0,0,0,0,0,0,0,0,0,0,0,0,0,1,0,0,pre_early,0,0,0,1,0,0,0,0,0,0,0,0,0,0,0,0,0,none,k0p0,,,,,0,,,0,0,0,,,,,,,,,,,,,,,,,
P01020,K23,,2016,NCI,pre_policy,0,1,1,1,1,0,0,0,0,0,0,1,0,0,1,1,0,0,1,0,1,0,0,0,0,0,0,0,0,0,0,0,1,0,0,pre_early,0,0,0,1,1,0,1,0,0,0,0,1,0,0,1,1,0,new_trial,k0p1,,,,,0,,,0,0,1,0,0,0,0,0,0,0,0,0,0,0,0,0,0,0,0,0
P01021,K08,,2016,NIGMS,pre_policy,0,0,0,0,0,0,0,0,0,0,0,0,0,0,0,0,0,0,0,0,0,0,0,0,0,0,0,0,0,0,0,0,1,0,0,pre_early,0,0,0,1,0,0,0,0,0,0,0,0,0,0,0,0,0,none,k0p0,,,,,0,,,0,0,0,,,,,,,,,,,,,,,,,
P01022,K23,,2016,NIA,pre_policy,0,0,0,0,0,0,0,0,0,0,0,0,0,0,0,0,0,0,0,0,0,0,0,0,0,0,0,0,0,0,0,0,1,0,0,pre_early,0,0,0,1,0,0,0,0,0,0,0,0,0,0,0,0,0,none,k0p0,,,,,0,,,0,0,0,,,,,,,,,,,,,,,,,
P01023,K23,,2016,NIDDK,pre_policy,0,1,1,1,1,1,0,1,0,1,0,0,1,1,1,1,0,1,1,1,1,1,1,1,0,1,1,1,1,1,1,1,1,0,0,pre_early,1,1,1,1,1,0,1,1,0,0,1,1,1,1,1,1,0,new_trial,k1p1,,,,,0,,,0,0,1,1,1,0,0,0,1,0,0,1,0,1,1,1,0,1,1,1
P01024,K23,,2016,NIDDK,pre_policy,0,0,1,1,0,0,0,0,0,0,0,0,1,1,1,1,0,0,1,1,1,1,0,0,0,0,1,0,0,1,0,0,1,0,0,pre_early,0,0,0,1,1,0,1,0,0,0,0,1,0,0,1,1,0,new_trial,k0p1,,,,,0,,,0,0,0,,,,,,,,,,,,,,,,,
P01025,K08,,2016,NIGMS,pre_policy,0,0,0,0,0,0,0,0,0,0,0,0,0,0,0,0,0,0,0,0,0,0,0,0,0,0,0,0,0,0,0,0,1,0,0,pre_early,0,0,0,1,0,0,0,0,0,0,0,0,0,0,0,0,0,none,k0p0,,,,,0,,,0,0,0,,,,,,,,,,,,,,,,,
P01026,K23,,2016,NIDDK,pre_policy,0,1,0,1,0,0,0,0,0,1,0,0,0,0,0,0,0,1,0,0,0,0,1,0,1,0,0,0,0,0,0,0,1,0,0,pre_early,1,0,0,1,0,0,0,0,0,1,1,0,1,0,0,0,1,ktrial_only,k1p0,k1p0,k1p0,k1p0,k1p0,1,1,,0,0,1,1,0,1,0,0,1,0,0,0,0,1,1,1,0,0,1,1
P01027,K23,,2016,NIDDK,pre_policy,0,0,0,0,0,0,0,1,0,0,0,0,0,0,0,0,0,0,0,0,0,0,0,0,0,1,1,1,1,1,1,1,1,0,0,pre_early,0,0,0,1,0,0,0,0,0,0,0,0,0,0,0,0,0,none,k0p0,,,,,1,0,0,0,0,0,,,,,,,,,,,,,,,,,
P01028,K08,,2016,NICHD,pre_policy,0,0,0,0,0,0,0,0,0,0,0,0,0,0,0,0,0,0,0,0,0,0,0,0,0,0,1,0,0,1,0,0,1,0,0,pre_early,0,0,0,1,0,0,0,0,0,0,0,0,0,0,0,0,0,none,k0p0,,,,,0,,,0,0,0,,,,,,,,,,,,,,,,,
P01029,K08,,2016,NIDDK,pre_policy,0,0,0,0,0,0,0,0,0,0,0,0,0,0,0,0,0,0,0,0,0,0,0,0,0,0,0,0,0,0,0,0,1,0,0,pre_early,0,0,0,1,0,0,0,0,0,0,0,0,0,0,0,0,0,none,k0p0,,,,,0,,,0,0,0,,,,,,,,,,,,,,,,,
P01030,K08,,2016,NICHD,pre_policy,0,0,0,0,0,0,0,0,0,0,0,0,0,0,0,0,0,0,0,0,0,0,0,0,0,0,0,0,0,0,0,0,1,0,0,pre_early,0,0,0,1,0,0,0,0,0,0,0,0,0,0,0,0,0,none,k0p0,,,,,0,,,0,0,0,,,,,,,,,,,,,,,,,
P01031,K23,,2016,NIAAA,pre_policy,0,1,0,1,0,0,1,1,0,1,1,0,0,0,0,0,0,1,0,0,0,0,1,1,0,1,1,1,1,1,1,1,1,0,1,pre_early,1,1,0,1,0,0,0,1,0,0,1,0,1,0,0,0,0,ktrial_only,k1p0,,,,,0,,,0,0,1,1,1,0,0,0,1,0,0,1,0,1,1,0,0,1,0,0
P01032,K23,,2016,NCI,pre_policy,0,0,1,1,1,1,1,1,0,0,0,0,0,0,1,0,0,0,1,0,0,0,0,0,0,1,1,1,1,1,1,1,1,0,1,pre_early,0,0,0,1,1,0,1,0,0,0,0,1,0,1,1,1,0,new_trial,k0p1,,,,,0,,,0,0,0,,,,,,,,,,,,,,,,,
P01033,K23,,2016,NICHD,pre_policy,0,1,1,1,0,0,1,0,0,1,0,0,1,0,1,1,0,1,1,0,0,0,1,1,0,0,1,0,0,1,0,0,1,0,1,pre_early,1,0,0,1,1,0,1,1,0,0,1,1,1,0,1,1,0,new_trial,k1p1,,,,,0,,,0,0,1,1,1,0,0,0,1,0,0,1,0,1,1,1,0,0,0,0
P01034,K23,,2016,NICHD,pre_policy,0,1,1,1,0,1,1,0,0,1,0,0,1,0,1,1,0,1,1,0,0,0,1,1,1,0,1,0,0,1,0,0,1,0,0,pre_early,1,0,0,1,1,0,1,1,0,1,1,1,1,0,1,1,0,new_trial,k1p1,,,,,1,1,1,0,0,1,1,1,1,0,0,1,0,0,1,0,1,1,1,0,0,0,0
P01035,K23,,2016,NIGMS,pre_policy,0,1,0,1,0,0,0,0,0,1,0,0,0,0,0,0,0,1,0,0,0,0,1,1,0,0,0,0,0,0,0,0,1,0,0,pre_early,1,0,0,1,0,0,0,1,0,0,1,0,1,0,0,0,0,ktrial_only,k1p0,,,,,0,,,0,0,1,1,1,0,0,0,1,0,0,1,0,1,1,1,0,0,1,1
P01036,K23,,2016,NIGMS,pre_policy,0,0,1,1,1,1,0,1,0,0,0,1,1,1,1,0,0,0,1,1,0,0,0,0,0,1,1,1,1,1,1,1,1,0,0,pre_early,0,0,0,1,1,0,1,0,0,0,0,1,0,1,1,1,0,new_trial,k0p1,,,,,0,,,0,0,0,,,,,,,,,,,,,,,,,
P01037,K23,,2016,NIMH,pre_policy,0,0,0,0,0,0,0,0,0,0,0,0,0,0,0,0,0,0,0,0,0,0,0,0,0,0,0,0,0,0,0,0,1,0,0,pre_early,0,0,0,1,0,0,0,0,0,0,0,0,0,0,0,0,0,none,k0p0,,,,,0,,,0,0,0,,,,,,,,,,,,,,,,,
P01038,K23,,2016,NICHD,pre_policy,0,1,1,1,1,0,0,1,0,1,1,1,0,0,1,1,0,1,1,0,1,1,1,0,1,1,1,1,1,1,1,1,1,0,0,pre_early,1,1,0,1,1,0,1,0,0,1,1,1,1,0,1,1,1,new_trial,k1p1,k1p1,k1p1,k1p1,k1p1,0,,,0,0,1,1,0,1,0,0,1,0,0,0,0,1,1,1,0,1,1,0
P01039,K23,,2016,NICHD,pre_policy,0,0,0,0,0,0,0,0,0,0,0,0,0,0,0,0,0,0,0,0,0,0,0,0,0,0,0,0,0,1,0,0,1,0,0,pre_early,0,0,0,1,0,0,0,0,0,0,0,0,0,0,0,0,0,none,k0p0,,,,,0,,,0,0,0,,,,,,,,,,,,,,,,,
P01040,K23,,2016,NHLBI,pre_policy,0,0,0,0,0,0,0,0,0,0,0,0,0,0,0,0,0,0,0,0,0,0,0,0,0,0,1,0,0,1,0,0,1,0,0,pre_early,0,0,0,1,0,0,0,0,0,0,0,0,0,0,0,0,0,none,k0p0,,,,,0,,,0,0,0,,,,,,,,,,,,,,,,,
P01041,K23,,2016,NINR,pre_policy,0,1,0,1,0,0,0,0,0,1,0,0,0,0,0,0,0,1,0,0,0,0,1,1,0,0,0,0,0,0,0,0,1,0,0,pre_early,1,1,1,1,0,0,0,1,0,0,1,0,1,0,0,0,0,ktrial_only,k1p0,,,,,0,,,0,0,1,1,0,0,0,1,0,1,0,1,0,1,1,1,0,1,1,1
P01042,K23,,2016,NINR,pre_policy,0,0,0,0,0,0,0,0,1,0,0,0,0,0,0,0,0,0,0,0,0,0,0,0,0,0,0,0,0,0,0,0,1,0,0,pre_early,0,0,0,1,1,1,1,0,0,0,0,0,0,0,0,1,0,none,k0p0,,,,,0,,,0,0,0,,,,,,,,,,,,,,,,,
P01043,K23,,2016,NINR,pre_policy,0,1,0,1,0,0,0,0,0,1,0,0,0,0,0,0,0,1,0,0,0,0,1,1,0,0,0,0,0,0,0,0,1,0,0,pre_early,1,0,0,1,0,0,0,1,0,0,1,0,1,0,0,0,0,ktrial_only,k1p0,,,,,0,,,0,0,1,1,0,1,0,0,1,0,0,0,1,1,1,1,0,0,1,1
P01044,K23,,2016,NINR,pre_policy,0,0,0,0,0,0,0,0,0,0,0,0,0,0,0,0,0,0,0,0,0,0,0,0,0,0,0,0,0,0,0,0,1,0,0,pre_early,0,0,0,1,0,0,0,0,0,0,0,0,0,0,0,0,0,none,k0p0,,,,,0,,,0,0,0,,,,,,,,,,,,,,,,,
P01045,K23,,2016,NIMH,pre_policy,0,0,0,0,0,0,0,1,0,0,0,0,0,0,0,0,0,0,0,0,0,0,0,0,0,1,1,1,1,1,1,1,1,0,0,pre_early,0,0,0,1,0,0,0,0,0,0,0,0,0,0,0,0,0,none,k0p0,,,,,0,,,0,0,0,,,,,,,,,,,,,,,,,
P01046,K08,,2016,NIDDK,pre_policy,0,0,0,0,0,0,0,1,0,0,0,0,0,0,0,0,0,0,0,0,0,0,0,0,0,1,1,1,1,1,1,1,1,0,0,pre_early,0,0,0,1,0,0,0,0,0,0,0,0,0,0,0,0,0,none,k0p0,,,,,0,,,0,0,0,,,,,,,,,,,,,,,,,
P01047,K23,,2016,NIDDK,pre_policy,0,0,0,0,0,0,0,0,0,0,0,0,0,0,0,0,0,0,0,0,0,0,0,0,0,0,0,0,0,0,0,0,1,0,0,pre_early,0,0,0,1,0,0,0,0,0,0,0,0,0,0,0,0,0,none,k0p0,,,,,0,,,0,0,0,,,,,,,,,,,,,,,,,
P01048,K08,,2016,NIMH,pre_policy,0,0,0,0,0,0,0,1,0,0,0,0,0,0,0,0,0,0,0,0,0,0,0,0,0,1,1,1,1,1,1,1,1,0,0,pre_early,0,0,0,1,0,0,0,0,0,0,0,0,0,0,0,0,0,none,k0p0,,,,,0,,,0,0,0,,,,,,,,,,,,,,,,,
P01049,K08,,2016,NEI,pre_policy,0,0,0,0,0,0,0,0,0,0,0,0,0,0,0,0,0,0,0,0,0,0,0,0,0,0,0,0,0,0,0,0,1,0,0,pre_early,0,0,0,1,0,0,0,0,0,0,0,0,0,0,0,0,0,none,k0p0,,,,,0,,,0,0,0,,,,,,,,,,,,,,,,,
P01050,K23,,2016,NIA,pre_policy,0,0,0,0,0,0,0,0,0,0,0,0,0,0,0,0,0,0,0,0,0,0,0,0,0,0,0,0,0,0,0,0,1,0,0,pre_early,0,0,0,1,0,0,0,0,0,0,0,0,0,0,0,0,0,none,k0p0,,,,,0,,,0,0,0,,,,,,,,,,,,,,,,,
P01051,K23,,2016,NINDS,pre_policy,0,0,1,1,1,0,0,0,0,0,0,0,0,0,1,1,0,0,0,0,1,1,0,0,0,0,1,0,0,1,0,0,1,0,0,pre_early,0,0,0,1,1,0,0,0,0,0,0,1,0,0,0,0,1,new_trial,k0p1,k0p0,k0p0,k0p0,k0p0,0,,,0,0,0,,,,,,,,,,,,,,,,,
P01052,K23,,2016,NEI,pre_policy,0,0,0,0,0,0,0,0,0,0,0,0,0,0,0,0,0,0,0,0,0,0,0,0,0,0,0,0,0,0,0,0,1,0,0,pre_early,0,0,0,1,0,0,0,0,0,0,0,0,0,0,0,0,0,none,k0p0,,,,,0,,,0,0,0,,,,,,,,,,,,,,,,,
P01053,K23,,2016,NIEHS,pre_policy,0,0,0,0,0,0,0,1,0,0,0,0,0,0,0,0,0,0,0,0,0,0,0,0,0,1,1,1,1,1,1,1,1,0,0,pre_early,0,0,0,1,0,0,0,0,0,0,0,0,0,0,0,0,0,none,k0p0,,,,,0,,,0,0,0,,,,,,,,,,,,,,,,,
P01054,K08,,2016,NINDS,pre_policy,0,0,0,0,0,0,0,1,0,0,0,0,0,0,0,0,0,0,0,0,0,0,0,0,0,1,1,1,1,1,1,1,1,0,0,pre_early,0,0,0,1,0,0,0,0,0,0,0,0,0,0,0,0,0,none,k0p0,,,,,0,,,0,0,0,,,,,,,,,,,,,,,,,
P01055,K23,,2016,NIA,pre_policy,0,0,1,1,1,0,1,0,0,0,0,0,0,0,1,1,0,0,1,0,0,0,0,0,0,0,0,0,0,0,0,0,1,0,1,pre_early,0,0,0,1,1,0,1,0,0,0,0,1,0,0,1,1,0,new_trial,k0p1,,,,,0,,,0,0,0,,,,,,,,,,,,,,,,,
P01056,K08,,2016,NINDS,pre_policy,0,0,0,0,0,0,0,1,0,0,0,0,0,0,0,0,0,0,0,0,0,0,0,0,0,1,1,1,1,1,1,1,1,0,0,pre_early,0,0,0,1,0,0,0,0,0,0,0,0,0,0,0,0,0,none,k0p0,,,,,0,,,0,0,0,,,,,,,,,,,,,,,,,
P01057,K08,,2016,NINDS,pre_policy,0,0,1,1,1,1,0,1,0,0,0,0,0,0,1,0,0,0,1,0,0,0,0,0,0,1,1,1,1,1,1,1,1,0,0,pre_early,0,0,0,1,1,0,1,0,0,0,0,1,0,1,1,1,0,new_trial,k0p1,,,,,0,,,0,0,0,,,,,,,,,,,,,,,,,
P01058,K08,,2016,NINDS,pre_policy,0,0,0,0,0,0,0,0,0,0,0,0,0,0,0,0,0,0,0,0,0,0,0,0,0,0,0,0,0,0,0,0,1,0,0,pre_early,0,0,0,1,0,0,0,0,0,0,0,0,0,0,0,0,0,none,k0p0,,,,,0,,,0,0,0,,,,,,,,,,,,,,,,,
P01059,K08,,2016,NINDS,pre_policy,0,0,0,0,0,0,0,1,0,0,0,0,0,0,0,0,0,0,0,0,0,0,0,0,0,1,1,1,1,1,1,1,1,0,0,pre_early,0,0,0,1,0,0,0,0,0,0,0,0,0,0,0,0,0,none,k0p0,,,,,0,,,0,0,0,,,,,,,,,,,,,,,,,
P01060,K08,,2016,NINDS,pre_policy,0,0,0,0,0,0,0,1,0,0,0,0,0,0,0,0,0,0,0,0,0,0,0,0,0,1,1,1,1,1,1,1,1,0,0,pre_early,0,0,0,1,0,0,0,0,0,0,0,0,0,0,0,0,0,none,k0p0,,,,,0,,,0,0,0,,,,,,,,,,,,,,,,,
P01061,K23,,2016,NIDCD,pre_policy,0,0,0,0,0,0,0,0,0,0,0,0,0,0,0,0,0,0,0,0,0,0,0,0,0,0,1,0,0,1,0,0,1,0,0,pre_early,0,0,0,1,0,0,0,0,0,0,0,0,0,0,0,0,0,none,k0p0,,,,,0,,,0,0,0,,,,,,,,,,,,,,,,,
P01062,K23,,2016,NIAID,pre_policy,0,0,0,0,0,0,0,0,0,0,0,0,0,0,0,0,0,0,0,0,0,0,0,0,0,0,0,0,0,0,0,0,1,0,0,pre_early,0,0,0,1,0,0,0,0,0,0,0,0,0,0,0,0,0,none,k0p0,,,,,0,,,0,0,0,,,,,,,,,,,,,,,,,
P01063,K23,,2016,NIAID,pre_policy,0,1,0,0,0,0,0,0,0,0,0,0,0,0,0,0,0,0,0,0,0,0,0,0,0,0,0,0,0,0,0,0,1,0,0,pre_early,0,0,0,1,0,0,0,0,0,0,0,0,0,0,0,0,0,none,k0p0,,,,,0,,,0,0,1,0,0,0,0,0,0,0,0,0,0,0,0,0,0,0,0,0
P01064,K08,,2016,NIAID,pre_policy,0,0,0,0,0,0,0,1,0,0,0,0,0,0,0,0,0,0,0,0,0,0,0,0,0,1,1,1,1,1,1,1,1,0,0,pre_early,0,0,0,1,0,0,0,0,0,0,0,0,0,0,0,0,0,none,k0p0,,,,,0,,,0,0,0,,,,,,,,,,,,,,,,,
P01065,K08,,2016,NINDS,pre_policy,0,0,1,1,0,1,1,0,0,0,0,0,0,0,1,1,0,0,1,0,0,0,0,0,0,0,0,0,0,0,0,0,1,0,1,pre_early,0,0,0,1,1,0,1,0,0,0,0,1,0,0,1,1,0,new_trial,k0p1,,,,,0,,,0,0,0,,,,,,,,,,,,,,,,,
P01066,K23,,2016,NINDS,pre_policy,0,0,0,0,0,0,0,0,0,0,0,0,0,0,0,0,0,0,0,0,0,0,0,0,0,0,0,0,0,0,0,0,1,0,0,pre_early,0,0,0,1,0,0,0,0,0,0,0,0,0,0,0,0,0,none,k0p0,,,,,0,,,0,0,0,,,,,,,,,,,,,,,,,
P01067,K23,,2016,NHLBI,pre_policy,0,1,0,0,0,0,0,0,0,0,0,0,0,0,0,0,0,0,0,0,0,0,0,0,0,0,1,0,0,1,0,0,1,0,0,pre_early,0,0,0,1,0,0,0,0,0,0,0,0,0,0,0,0,0,none,k0p0,,,,,0,,,0,0,1,0,0,0,0,0,0,0,0,0,0,0,0,0,0,0,0,0
P01068,K08,,2016,NIAID,pre_policy,0,0,0,0,0,0,0,1,0,0,0,0,0,0,0,0,0,0,0,0,0,0,0,0,0,1,1,1,1,1,1,1,1,0,0,pre_early,0,0,0,1,1,1,1,0,0,0,0,0,0,0,0,1,0,none,k0p0,,,,,0,,,0,0,0,,,,,,,,,,,,,,,,,
P01069,K23,,2016,NICHD,pre_policy,0,1,0,1,0,0,0,0,0,1,0,0,0,0,0,0,0,1,0,0,0,0,1,0,1,0,0,0,0,0,0,0,1,0,0,pre_early,1,0,0,1,0,0,0,0,0,1,1,0,1,0,0,0,1,ktrial_only,k1p0,k1p0,k1p0,k1p0,k1p0,0,,,0,0,1,1,0,1,0,0,1,0,0,0,0,1,1,0,0,0,1,1
P01070,K23,,2017,NIMH,pre_policy,0,1,0,1,0,0,0,0,0,1,0,0,0,0,0,0,0,1,0,0,0,0,1,0,1,0,0,0,0,0,0,0,1,0,0,pre_early,1,0,0,1,0,0,0,0,0,1,1,0,1,0,0,0,0,ktrial_only,k1p0,,,,,0,,,0,0,1,1,0,1,0,0,1,0,0,0,0,1,1,1,0,0,0,0
P01071,K08,,2017,NHLBI,pre_policy,0,0,0,0,0,0,0,0,0,0,0,0,0,0,0,0,0,0,0,0,0,0,0,0,0,0,0,0,0,0,0,0,1,0,0,pre_early,0,0,0,1,0,0,0,0,0,0,0,0,0,0,0,0,0,none,k0p0,,,,,0,,,0,0,0,,,,,,,,,,,,,,,,,
P01072,K08,,2017,NHLBI,pre_policy,0,0,1,1,1,1,0,0,0,0,0,0,0,0,1,0,0,0,1,0,1,0,0,0,0,0,1,0,0,1,0,0,1,0,0,pre_early,0,0,0,1,1,0,1,0,0,0,0,1,0,1,1,1,0,new_trial,k0p1,,,,,0,,,0,0,0,,,,,,,,,,,,,,,,,
P01073,K23,,2017,NHLBI,pre_policy,0,1,0,0,0,0,0,0,0,0,0,0,0,0,0,0,0,0,0,0,0,0,0,0,0,0,0,0,0,0,0,0,1,0,0,pre_early,0,0,0,1,0,0,0,0,0,0,0,0,0,0,0,0,0,none,k0p0,,,,,0,,,0,0,1,0,0,0,0,0,0,0,0,0,0,0,0,0,0,0,0,0
P01074,K08,,2017,NHLBI,pre_policy,0,0,0,0,0,0,0,0,0,0,0,0,0,0,0,0,0,0,0,0,0,0,0,0,0,0,1,0,0,1,0,0,1,0,0,pre_early,0,0,0,1,0,0,0,0,0,0,0,0,0,0,0,0,0,none,k0p0,,,,,0,,,0,0,0,,,,,,,,,,,,,,,,,
P01075,K08,,2017,NINDS,pre_policy,0,0,0,0,0,0,0,0,0,0,0,0,0,0,0,0,0,0,0,0,0,0,0,0,0,0,0,0,0,0,0,0,1,0,0,pre_early,0,0,0,1,0,0,0,0,0,0,0,0,0,0,0,0,0,none,k0p0,,,,,0,,,0,0,0,,,,,,,,,,,,,,,,,
P01076,K23,,2017,NINDS,pre_policy,0,0,0,0,0,0,0,1,0,0,0,0,0,0,1,0,0,0,0,0,0,0,0,0,0,1,1,1,1,1,1,1,1,0,0,pre_early,0,0,0,1,0,0,0,0,0,0,0,0,0,0,0,0,0,none,k0p0,,,,,0,,,0,0,0,,,,,,,,,,,,,,,,,
P01077,K08,,2017,NHLBI,pre_policy,0,0,0,0,0,0,0,1,0,0,0,0,0,0,0,0,0,0,0,0,0,0,0,0,0,1,1,1,1,1,1,1,1,0,0,pre_early,0,0,0,1,0,0,0,0,0,0,0,0,0,0,0,0,0,none,k0p0,,,,,0,,,0,0,0,,,,,,,,,,,,,,,,,
P01078,K08,,2017,NHLBI,pre_policy,0,0,0,0,0,0,0,0,0,0,0,0,0,0,0,0,0,0,0,0,0,0,0,0,0,0,0,0,0,0,0,0,1,0,0,pre_early,0,0,0,1,0,0,0,0,0,0,0,0,0,0,0,0,0,none,k0p0,,,,,0,,,0,0,0,,,,,,,,,,,,,,,,,
P01079,K23,,2017,NIAID,pre_policy,0,1,1,1,0,1,1,0,0,0,0,0,0,0,1,0,0,0,1,0,0,0,1,0,0,0,0,0,0,0,0,0,1,0,1,pre_early,0,0,0,1,1,0,1,0,0,0,0,1,0,1,1,1,1,new_trial,k0p1,k0p1,k0p1,k0p1,k0p1,0,,,0,0,1,0,0,0,0,0,0,0,0,0,0,0,0,0,0,0,0,0
P01080,K08,,2017,NHLBI,pre_policy,0,0,0,0,0,0,0,0,0,0,0,0,0,0,0,0,0,0,0,0,0,0,0,0,0,0,0,0,0,0,0,0,1,0,0,pre_early,0,0,0,1,0,0,0,0,0,0,0,0,0,0,0,0,0,none,k0p0,,,,,0,,,0,0,0,,,,,,,,,,,,,,,,,
P01081,K23,,2017,NHLBI,pre_policy,0,0,0,0,0,0,0,0,0,0,0,0,0,0,0,0,0,0,0,0,0,0,0,0,0,0,0,0,0,0,0,0,1,0,0,pre_early,0,0,0,1,1,1,1,0,0,0,0,0,0,0,0,1,0,none,k0p0,,,,,0,,,0,0,0,,,,,,,,,,,,,,,,,
P01082,K08,,2017,NHLBI,pre_policy,0,0,0,0,0,0,1,0,0,0,0,0,0,0,0,0,0,0,0,0,0,0,0,0,0,0,0,0,0,0,0,0,1,0,1,pre_early,0,0,0,1,0,0,0,0,0,0,0,0,0,0,0,0,0,none,k0p0,,,,,0,,,0,0,0,,,,,,,,,,,,,,,,,
P01083,K08,,2017,NHLBI,pre_policy,0,0,0,0,0,0,0,0,0,0,0,0,0,0,0,0,0,0,0,0,0,0,0,0,0,0,0,0,0,0,0,0,1,0,0,pre_early,0,0,0,1,0,0,0,0,0,0,0,0,0,0,0,0,0,none,k0p0,,,,,0,,,0,0,0,,,,,,,,,,,,,,,,,
P01084,K23,,2017,NIAID,pre_policy,0,0,0,0,0,0,0,0,0,0,0,0,0,0,0,0,0,0,0,0,0,0,0,0,0,0,0,0,0,0,0,0,1,0,0,pre_early,0,0,0,1,0,0,0,0,0,0,0,0,0,0,0,0,0,none,k0p0,,,,,0,,,0,0,0,,,,,,,,,,,,,,,,,
P01085,K23,,2017,NIAID,pre_policy,0,0,0,0,0,0,0,0,0,0,0,0,0,0,0,0,0,0,0,0,0,0,0,0,0,0,0,0,0,0,0,0,1,0,0,pre_early,0,0,0,1,1,1,1,0,0,0,0,0,0,0,0,1,0,none,k0p0,,,,,0,,,0,0,0,,,,,,,,,,,,,,,,,
P01086,K08,,2017,NHLBI,pre_policy,0,0,0,0,0,0,0,0,0,0,0,0,0,0,0,0,0,0,0,0,0,0,0,0,0,0,0,0,0,0,0,0,1,0,0,pre_early,0,0,0,1,0,0,0,0,0,0,0,0,0,0,0,0,0,none,k0p0,,,,,0,,,0,0,0,,,,,,,,,,,,,,,,,
P01087,K23,,2017,NIAID,pre_policy,0,0,0,0,0,0,0,0,0,0,0,0,0,0,0,0,0,0,0,0,0,0,0,0,0,0,1,0,0,1,0,0,1,0,0,pre_early,0,0,0,1,0,0,0,0,0,0,0,0,0,0,0,0,0,none,k0p0,,,,,0,,,0,0,0,,,,,,,,,,,,,,,,,
P01088,K23,,2017,NIAID,pre_policy,0,0,0,0,0,0,0,0,0,0,0,0,0,0,0,0,0,0,0,0,0,0,0,0,0,0,0,0,0,0,0,0,1,0,0,pre_early,0,0,0,1,0,0,0,0,0,0,0,0,0,0,0,0,0,none,k0p0,,,,,0,,,0,0,0,,,,,,,,,,,,,,,,,
P01089,K08,,2017,NIAID,pre_policy,0,0,0,0,0,0,0,0,0,0,0,0,0,0,0,0,0,0,0,0,0,0,0,0,0,0,0,0,0,0,0,0,1,0,0,pre_early,0,0,0,1,0,0,0,0,0,0,0,0,0,0,0,0,0,none,k0p0,,,,,0,,,0,0,0,,,,,,,,,,,,,,,,,
P01090,K23,,2017,NINDS,pre_policy,0,0,0,0,0,0,0,0,0,0,0,0,0,0,0,0,0,0,0,0,0,0,0,0,0,0,0,0,0,0,0,0,1,0,0,pre_early,0,0,0,1,0,0,0,0,0,0,0,0,0,0,0,0,0,none,k0p0,,,,,0,,,0,0,0,,,,,,,,,,,,,,,,,
P01091,K08,,2017,NHLBI,pre_policy,0,0,0,0,0,0,0,0,0,0,0,0,0,0,0,0,0,0,0,0,0,0,0,0,0,0,0,0,1,1,1,1,1,0,0,pre_early,0,0,0,1,0,0,0,0,0,0,0,0,0,0,0,0,0,none,k0p0,,,,,0,,,0,0,0,,,,,,,,,,,,,,,,,
P01092,K08,,2017,NHLBI,pre_policy,0,0,0,0,0,0,1,0,0,0,0,0,0,0,0,0,0,0,0,0,0,0,0,0,0,0,0,0,0,0,0,0,1,0,1,pre_early,0,0,0,1,0,0,0,0,0,0,0,0,0,0,0,0,0,none,k0p0,,,,,0,,,0,0,0,,,,,,,,,,,,,,,,,
P01093,K08,,2017,NIAID,pre_policy,0,0,1,1,0,1,0,1,0,0,0,0,0,0,1,0,0,0,1,0,0,0,0,0,0,1,1,1,1,1,1,1,1,0,0,pre_early,0,0,0,1,1,0,1,0,0,0,0,1,0,1,1,1,0,new_trial,k0p1,,,,,0,,,0,0,0,,,,,,,,,,,,,,,,,
P01094,K08,,2017,NIAID,pre_policy,0,0,1,1,0,1,0,0,0,0,0,0,1,0,1,0,0,0,1,0,0,0,0,0,0,0,0,0,0,0,0,0,1,0,0,pre_early,0,0,0,1,1,0,1,0,0,0,0,1,0,1,1,1,0,new_trial,k0p1,,,,,0,,,0,0,0,,,,,,,,,,,,,,,,,
P01095,K23,,2017,NHLBI,pre_policy,0,1,1,1,1,1,0,1,0,0,0,0,1,0,1,1,0,0,1,0,0,0,0,0,0,1,1,1,1,1,1,1,1,0,0,pre_early,0,0,0,1,1,0,1,0,0,0,0,1,0,0,1,1,0,new_trial,k0p1,,,,,0,,,0,0,1,0,0,0,0,0,0,0,0,0,0,0,0,0,0,0,0,0
P01096,K23,,2017,NIDA,pre_policy,0,1,1,1,1,1,0,1,0,1,0,0,1,1,1,1,0,1,1,0,1,1,1,1,0,1,1,1,1,1,1,1,1,0,0,pre_early,1,1,1,1,1,0,1,1,0,0,1,1,1,1,1,1,0,new_trial,k1p1,,,,,0,,,0,0,1,1,1,0,0,0,1,0,0,1,0,1,1,0,0,1,1,1
P01097,K23,,2017,NHLBI,pre_policy,0,1,0,1,0,0,0,0,0,1,0,0,0,0,0,0,0,1,0,0,0,0,1,1,1,0,0,0,0,0,0,0,1,0,0,pre_early,1,1,1,1,0,0,0,1,0,1,1,0,1,0,0,0,0,ktrial_only,k1p0,,,,,0,,,0,0,1,1,1,1,0,0,1,0,0,1,0,1,1,1,0,1,0,0
P01098,K23,,2017,NIDA,pre_policy,0,1,0,1,0,0,0,1,0,1,0,0,0,0,0,0,0,1,0,0,0,0,1,1,0,1,1,1,1,1,1,1,1,0,0,pre_early,1,1,0,1,0,0,0,1,0,0,1,0,1,0,0,0,0,ktrial_only,k1p0,,,,,0,,,0,0,1,1,1,0,0,0,1,0,0,1,0,1,1,1,0,1,0,0
P01099,K23,,2017,NHLBI,pre_policy,0,0,0,0,0,0,0,0,0,0,0,0,0,0,0,0,0,0,0,0,0,0,0,0,0,0,0,0,0,0,0,0,1,0,0,pre_early,0,0,0,1,0,0,0,0,0,0,0,0,0,0,0,0,0,none,k0p0,,,,,0,,,0,0,0,,,,,,,,,,,,,,,,,
P01100,K08,,2017,NHLBI,pre_policy,0,0,0,0,0,0,0,0,0,0,0,0,0,0,0,0,0,0,0,0,0,0,0,0,0,0,1,0,1,1,1,1,1,0,0,pre_early,0,0,0,1,0,0,0,0,0,0,0,0,0,0,0,0,0,none,k0p0,,,,,0,,,0,0,0,,,,,,,,,,,,,,,,,
P01101,K23,,2017,NHLBI,pre_policy,0,1,1,1,0,1,1,0,1,1,0,0,0,0,1,1,0,1,1,0,1,1,1,1,0,0,0,0,0,0,0,0,1,0,1,pre_early,1,0,0,1,1,0,1,1,0,0,1,1,1,0,1,1,1,new_trial,k1p1,k1p1,k1p1,k1p1,k1p1,0,,,0,0,1,1,0,1,0,0,1,0,0,0,1,1,1,1,0,0,0,0
P01102,K08,,2017,NCCIH,pre_policy,0,0,0,0,0,0,0,0,0,0,0,0,0,0,0,0,0,0,0,0,0,0,0,0,0,0,0,0,0,0,0,0,1,0,0,pre_early,0,0,0,1,0,0,0,0,0,0,0,0,0,0,0,0,0,none,k0p0,,,,,0,,,0,0,0,,,,,,,,,,,,,,,,,
P01103,K08,,2017,NHLBI,pre_policy,0,0,1,1,0,1,0,1,0,0,0,0,1,1,1,0,0,0,1,1,0,0,0,0,0,1,1,1,1,1,1,1,1,0,0,pre_early,0,0,0,1,1,0,1,0,0,0,0,1,0,1,1,1,0,new_trial,k0p1,,,,,0,,,0,0,0,,,,,,,,,,,,,,,,,
P01104,K23,,2017,NIAAA,pre_policy,0,0,0,0,0,0,0,0,0,0,0,0,0,0,0,0,0,0,0,0,0,0,0,0,0,0,1,0,0,1,0,0,1,0,0,pre_early,0,0,0,1,1,1,1,0,0,0,0,0,0,0,0,1,0,none,k0p0,,,,,0,,,0,0,0,,,,,,,,,,,,,,,,,
P01105,K08,,2017,NHGRI,pre_policy,0,0,0,0,0,0,0,0,0,0,0,0,0,0,0,0,0,0,0,0,0,0,0,0,0,0,0,0,1,1,1,1,1,0,0,pre_early,0,0,0,1,0,0,0,0,0,0,0,0,0,0,0,0,0,none,k0p0,,,,,0,,,0,0,0,,,,,,,,,,,,,,,,,
P01106,K23,,2017,NIDA,pre_policy,0,1,0,1,0,0,0,0,0,1,0,0,0,0,0,0,0,1,0,0,0,0,1,1,0,0,0,0,0,0,0,0,1,0,0,pre_early,0,0,0,1,1,1,1,1,0,0,1,0,1,0,0,1,1,ktrial_only,k1p0,k1p0,k1p0,k1p0,k1p0,0,,,0,0,1,1,1,0,0,0,1,0,0,1,0,1,0,0,0,0,0,0
P01107,K23,,2017,NHLBI,pre_policy,0,1,1,1,1,1,1,0,0,1,1,1,1,1,1,1,0,1,1,0,0,0,1,1,1,0,0,0,0,0,0,0,1,0,1,pre_early,1,1,1,1,1,0,1,1,0,1,1,1,1,1,1,1,1,new_trial,k1p1,k1p1,k1p1,k1p1,k1p1,0,,,0,0,1,1,1,1,0,0,1,0,0,1,0,1,1,0,1,1,1,1
P01108,K08,,2017,NHLBI,pre_policy,0,0,0,0,0,0,0,1,0,0,0,0,0,0,0,0,0,0,0,0,0,0,0,0,0,1,1,1,1,1,1,1,1,0,0,pre_early,0,0,0,1,0,0,0,0,0,0,0,0,0,0,0,0,0,none,k0p0,,,,,0,,,0,0,0,,,,,,,,,,,,,,,,,
P01109,K08,,2017,NHLBI,pre_policy,0,0,0,0,0,0,0,1,0,0,0,0,0,0,0,0,0,0,0,0,0,0,0,0,0,1,1,1,1,1,1,1,1,0,0,pre_early,0,0,0,1,0,0,0,0,0,0,0,0,0,0,0,0,0,none,k0p0,,,,,0,,,0,0,0,,,,,,,,,,,,,,,,,
P01110,K08,,2017,NINDS,pre_policy,0,0,0,0,0,0,0,0,0,0,0,0,0,0,0,0,0,0,0,0,0,0,0,0,0,0,0,0,0,0,0,0,1,0,0,pre_early,0,0,0,1,0,0,0,0,0,0,0,0,0,0,0,0,0,none,k0p0,,,,,0,,,0,0,0,,,,,,,,,,,,,,,,,
P01111,K23,,2017,NINDS,pre_policy,0,0,0,0,0,0,1,0,0,0,0,0,0,0,0,0,0,0,0,0,0,0,0,0,0,0,1,0,0,1,0,0,1,0,1,pre_early,0,0,0,1,0,0,0,0,0,0,0,0,0,0,0,0,0,none,k0p0,,,,,0,,,0,0,0,,,,,,,,,,,,,,,,,
P01112,K23,,2017,NIMH,pre_policy,0,0,0,0,0,0,0,0,1,0,0,0,0,0,0,0,0,0,0,0,0,0,0,0,0,0,1,0,0,1,0,0,1,0,0,pre_early,0,0,0,1,1,1,0,0,0,0,0,0,0,0,0,0,0,none,k0p0,,,,,0,,,0,0,0,,,,,,,,,,,,,,,,,
P01113,K08,,2017,NIAID,pre_policy,0,0,0,0,0,0,0,1,0,0,0,0,0,0,0,0,0,0,0,0,0,0,0,0,0,1,1,1,1,1,1,1,1,0,0,pre_early,0,0,0,1,0,0,0,0,0,0,0,0,0,0,0,0,0,none,k0p0,,,,,0,,,0,0,0,,,,,,,,,,,,,,,,,
P01114,K23,,2017,NIAID,pre_policy,0,0,0,0,0,0,0,0,0,0,0,0,0,0,0,0,0,0,0,0,0,0,0,0,0,0,0,0,0,0,0,0,1,0,0,pre_early,0,0,0,1,0,0,0,0,0,0,0,0,0,0,0,0,0,none,k0p0,,,,,0,,,0,0,0,,,,,,,,,,,,,,,,,
P01115,K23,,2017,NIAID,pre_policy,0,0,0,0,0,0,0,0,0,0,0,0,0,0,0,0,0,0,0,0,0,0,0,0,0,0,1,0,0,1,0,0,1,0,0,pre_early,0,0,0,1,0,0,0,0,0,0,0,0,0,0,0,0,0,none,k0p0,,,,,0,,,0,0,0,,,,,,,,,,,,,,,,,
P01116,K08,,2017,NIAID,pre_policy,0,0,0,0,0,0,0,1,0,0,0,0,0,0,0,0,0,0,0,0,0,0,0,0,0,1,1,1,1,1,1,1,1,0,0,pre_early,0,0,0,1,0,0,0,0,0,0,0,0,0,0,0,0,0,none,k0p0,,,,,0,,,0,0,0,,,,,,,,,,,,,,,,,
P01117,K08,,2017,NIAID,pre_policy,0,0,0,0,0,0,0,1,0,0,0,0,0,0,0,0,0,0,0,0,0,0,0,0,0,1,1,1,1,1,1,1,1,0,0,pre_early,0,0,0,1,0,0,0,0,0,0,0,0,0,0,0,0,0,none,k0p0,,,,,0,,,0,0,0,,,,,,,,,,,,,,,,,
P01118,K23,,2017,NHLBI,pre_policy,0,0,0,0,0,0,0,0,0,0,0,0,0,0,0,0,0,0,0,0,0,0,0,0,0,0,0,0,0,0,0,0,1,0,0,pre_early,0,0,0,1,0,0,0,0,0,0,0,0,0,0,0,0,0,none,k0p0,,,,,0,,,0,0,0,,,,,,,,,,,,,,,,,
P01119,K23,,2017,NIAID,pre_policy,0,0,0,0,0,0,0,0,0,0,0,0,0,0,0,0,0,0,0,0,0,0,0,0,0,0,0,0,0,0,0,0,1,0,0,pre_early,0,0,0,1,0,0,0,0,0,0,0,0,0,0,0,0,0,none,k0p0,,,,,0,,,0,0,0,,,,,,,,,,,,,,,,,
P01120,K23,,2017,NIDDK,pre_policy,0,0,1,1,1,1,1,0,0,0,0,0,1,1,1,0,0,0,1,1,0,0,0,0,0,0,0,0,0,0,0,0,1,0,1,pre_early,0,0,0,1,1,0,1,0,0,0,0,1,0,1,1,1,0,new_trial,k0p1,,,,,0,,,0,0,0,,,,,,,,,,,,,,,,,
P01121,K08,,2017,NIAID,pre_policy,0,0,0,0,0,0,0,1,0,0,0,0,0,0,0,0,0,0,0,0,0,0,0,0,0,1,1,1,1,1,1,1,1,0,0,pre_early,0,0,0,1,0,0,0,0,0,0,0,0,0,0,0,0,0,none,k0p0,,,,,0,,,0,0,0,,,,,,,,,,,,,,,,,
P01122,K23,,2017,NIDDK,pre_policy,0,0,1,1,1,1,0,0,0,1,0,0,1,1,1,0,0,1,1,0,0,0,1,1,0,0,0,0,0,0,0,0,1,0,0,pre_early,1,0,0,1,1,0,1,1,0,0,1,1,1,1,1,1,1,new_trial,k1p1,k1p1,k1p1,k1p1,k1p1,0,,,0,0,0,,,,,,,,,,,,,,,,,
P01123,K23,,2017,NCCIH,pre_policy,0,0,0,0,0,0,0,0,0,0,0,0,0,0,0,0,0,0,0,0,0,0,0,0,0,0,0,0,0,0,0,0,1,0,0,pre_early,0,0,0,1,0,0,0,0,0,0,0,0,0,0,0,0,0,none,k0p0,,,,,0,,,0,0,0,,,,,,,,,,,,,,,,,
P01124,K23,,2017,NHLBI,pre_policy,0,0,0,0,0,0,0,1,0,0,0,0,0,0,0,0,0,0,0,0,0,0,0,0,0,1,1,1,1,1,1,1,1,0,0,pre_early,0,0,0,1,0,0,0,0,0,0,0,0,0,0,0,0,0,none,k0p0,,,,,0,,,0,0,0,,,,,,,,,,,,,,,,,
P01125,K08,,2017,NIAMS,pre_policy,0,0,0,0,0,0,0,1,0,0,0,0,0,0,0,0,0,0,0,0,0,0,0,0,0,1,1,1,1,1,1,1,1,0,0,pre_early,0,0,0,1,0,0,0,0,0,0,0,0,0,0,0,0,0,none,k0p0,,,,,0,,,0,0,0,,,,,,,,,,,,,,,,,
P01126,K23,,2017,NIMH,pre_policy,0,0,0,0,0,0,0,0,0,0,0,0,0,0,0,0,0,0,0,0,0,0,0,0,0,0,0,0,0,0,0,0,1,0,0,pre_early,0,0,0,1,0,0,0,0,0,0,0,0,0,0,0,0,0,none,k0p0,,,,,0,,,0,0,0,,,,,,,,,,,,,,,,,
P01127,K08,,2017,NHLBI,pre_policy,0,0,0,0,0,0,0,0,0,0,0,0,0,0,0,0,0,0,0,0,0,0,0,0,0,0,0,0,0,0,0,0,1,0,0,pre_early,0,0,0,1,0,0,0,0,0,0,0,0,0,0,0,0,0,none,k0p0,,,,,0,,,0,0,0,,,,,,,,,,,,,,,,,
P01128,K08,,2017,NEI,pre_policy,0,0,0,0,0,0,0,0,0,0,0,0,0,0,0,0,0,0,0,0,0,0,0,0,0,0,1,0,0,1,0,0,1,0,0,pre_early,0,0,0,1,0,0,0,0,0,0,0,0,0,0,0,0,0,none,k0p0,,,,,0,,,0,0,0,,,,,,,,,,,,,,,,,
P01129,K08,,2017,NEI,pre_policy,0,0,0,0,0,0,0,0,0,0,0,0,0,0,0,0,0,0,0,0,0,0,0,0,0,0,1,0,0,1,0,0,1,0,0,pre_early,0,0,0,1,0,0,0,0,0,0,0,0,0,0,0,0,0,none,k0p0,,,,,0,,,0,0,0,,,,,,,,,,,,,,,,,
P01130,K08,,2017,NIDDK,pre_policy,0,0,0,0,0,0,0,0,0,0,0,0,0,0,0,0,0,0,0,0,0,0,0,0,0,0,1,0,0,1,0,0,1,0,0,pre_early,0,0,0,1,0,0,0,0,0,0,0,0,0,0,0,0,0,none,k0p0,,,,,0,,,0,0,0,,,,,,,,,,,,,,,,,
P01131,K08,,2017,NEI,pre_policy,0,0,0,0,0,0,0,1,0,0,0,0,0,0,0,0,0,0,0,0,0,0,0,0,0,1,1,1,1,1,1,1,1,0,0,pre_early,0,0,0,1,1,1,1,0,0,0,0,0,0,0,0,1,0,none,k0p0,,,,,0,,,0,0,0,,,,,,,,,,,,,,,,,
P01132,K08,,2017,NINDS,pre_policy,0,0,0,0,0,0,0,0,0,0,0,0,0,0,0,0,0,0,0,0,0,0,0,0,0,0,0,0,0,0,0,0,1,0,0,pre_early,0,0,0,1,0,0,0,0,0,0,0,0,0,0,0,0,0,none,k0p0,,,,,0,,,0,0,0,,,,,,,,,,,,,,,,,
P01133,K23,,2017,NIDA,pre_policy,0,1,0,0,0,0,0,1,0,0,0,0,0,0,0,0,0,0,0,0,0,0,0,0,0,1,1,1,1,1,1,1,1,0,0,pre_early,0,0,0,1,0,0,0,0,0,0,0,0,0,0,0,0,1,none,k0p0,k0p0,k0p0,k0p0,k0p0,0,,,0,0,1,0,0,0,0,0,0,0,0,0,0,0,0,0,0,0,0,0
P01134,K23,,2017,NIAMS,pre_policy,0,0,1,1,0,0,0,0,0,1,0,0,1,1,1,1,0,1,1,1,1,0,1,0,1,0,1,0,0,1,0,0,1,0,0,pre_early,1,1,1,1,1,0,1,0,0,1,1,1,1,0,1,1,1,new_trial,k1p1,k0p1,k0p1,k0p1,k0p1,0,,,0,0,0,,,,,,,,,,,,,,,,,
P01135,K23,,2017,NEI,pre_policy,0,0,0,0,0,0,1,0,0,0,0,0,0,0,0,0,0,0,0,0,0,0,0,0,0,0,0,0,0,0,0,0,1,0,1,pre_early,0,0,0,1,0,0,0,0,0,0,0,0,0,0,0,0,0,none,k0p0,,,,,0,,,0,0,0,,,,,,,,,,,,,,,,,
P01136,K08,,2017,NIAID,pre_policy,0,0,0,0,0,0,0,0,0,0,0,0,0,0,0,0,0,0,0,0,0,0,0,0,0,0,0,0,0,0,0,0,1,0,0,pre_early,0,0,0,1,0,0,0,0,0,0,0,0,0,0,0,0,0,none,k0p0,,,,,0,,,0,0,0,,,,,,,,,,,,,,,,,
P01137,K08,,2017,NIMH,pre_policy,0,0,0,0,0,0,0,1,0,0,0,0,0,0,0,0,0,0,0,0,0,0,0,0,0,1,1,1,1,1,1,1,1,0,0,pre_early,0,0,0,1,0,0,0,0,0,0,0,0,0,0,0,0,0,none,k0p0,,,,,0,,,0,0,0,,,,,,,,,,,,,,,,,
P01138,K08,,2017,NIAMS,pre_policy,0,0,0,0,0,0,0,0,0,0,0,0,0,0,0,0,0,0,0,0,0,0,0,0,0,0,0,0,0,0,0,0,1,0,0,pre_early,0,0,0,1,0,0,0,0,0,0,0,0,0,0,0,0,0,none,k0p0,,,,,0,,,0,0,0,,,,,,,,,,,,,,,,,
P01139,K23,,2017,NIMH,pre_policy,0,0,0,0,0,0,0,1,0,0,0,0,0,0,0,0,0,0,0,0,0,0,0,0,0,1,1,1,1,1,1,1,1,0,0,pre_early,0,0,0,1,0,0,0,0,0,0,0,0,0,0,0,0,0,none,k0p0,,,,,0,,,0,0,0,,,,,,,,,,,,,,,,,
P01140,K23,,2017,NIDA,pre_policy,0,0,1,1,1,1,0,0,0,0,0,0,1,1,1,0,0,0,1,1,0,0,0,0,0,0,1,0,0,1,0,0,1,0,0,pre_early,0,0,0,1,1,0,1,0,0,0,0,1,0,1,1,1,1,new_trial,k0p1,k0p0,k0p0,k0p0,k0p0,0,,,0,0,0,,,,,,,,,,,,,,,,,
P01141,K23,,2017,NIA,pre_policy,0,1,0,0,0,0,1,0,0,0,0,0,0,0,0,0,0,0,0,0,0,0,0,0,0,0,0,0,1,1,1,1,1,0,1,pre_early,0,0,0,1,1,1,1,0,0,0,0,0,0,0,0,1,0,none,k0p0,,,,,0,,,0,0,1,0,0,0,0,0,0,0,0,0,0,0,0,0,0,0,0,0
P01142,K23,,2017,NIMH,pre_policy,0,0,0,0,0,0,0,0,0,0,0,0,0,0,0,0,0,0,0,0,0,0,0,0,0,0,0,0,0,0,0,0,1,0,0,pre_early,0,0,0,1,0,0,0,0,0,0,0,0,0,0,0,0,0,none,k0p0,,,,,0,,,0,0,0,,,,,,,,,,,,,,,,,
P01143,K23,,2017,NHLBI,pre_policy,0,1,1,1,0,1,1,1,0,0,0,0,1,0,1,1,1,0,1,0,0,0,0,0,0,1,1,1,1,1,1,1,1,0,1,pre_early,0,0,0,1,1,0,1,0,0,0,0,1,0,1,1,1,0,new_trial,k0p1,,,,,0,,,0,0,1,0,0,0,0,0,0,0,0,0,0,0,0,0,0,0,0,0
P01144,K08,,2017,NIDCD,pre_policy,0,0,0,0,0,0,0,0,0,0,0,0,0,0,0,0,0,0,0,0,0,0,0,0,0,0,1,0,0,1,0,0,1,0,0,pre_early,0,0,0,1,0,0,0,0,0,0,0,0,0,0,0,0,0,none,k0p0,,,,,0,,,0,0,0,,,,,,,,,,,,,,,,,
P01145,K08,,2017,NINDS,pre_policy,0,0,0,0,0,0,0,1,0,0,0,0,0,0,0,0,0,0,0,0,0,0,0,0,0,1,1,1,1,1,1,1,1,0,0,pre_early,0,0,0,1,0,0,0,0,0,0,0,0,0,0,0,0,0,none,k0p0,,,,,0,,,0,0,0,,,,,,,,,,,,,,,,,
P01146,K08,,2017,NIDCR,pre_policy,0,0,0,0,0,0,0,0,0,0,0,0,0,0,0,0,0,0,0,0,0,0,0,0,0,0,0,0,0,0,0,0,1,0,0,pre_early,0,0,0,1,0,0,0,0,0,0,0,0,0,0,0,0,0,none,k0p0,,,,,0,,,0,0,0,,,,,,,,,,,,,,,,,
P01147,K08,,2017,NHLBI,pre_policy,0,0,0,0,0,0,0,0,0,0,0,0,0,0,0,0,0,0,0,0,0,0,0,0,0,0,0,0,0,0,0,0,1,0,0,pre_early,0,0,0,1,0,0,0,0,0,0,0,0,0,0,0,0,0,none,k0p0,,,,,0,,,0,0,0,,,,,,,,,,,,,,,,,
P01148,K08,,2017,NIGMS,pre_policy,0,0,0,0,0,0,0,0,0,0,0,0,0,0,0,0,0,0,0,0,0,0,0,0,0,0,0,0,0,0,0,0,1,0,0,pre_early,0,0,0,1,0,0,0,0,0,0,0,0,0,0,0,0,0,none,k0p0,,,,,0,,,0,0,0,,,,,,,,,,,,,,,,,
P01149,K08,,2017,NIMH,pre_policy,0,0,0,0,0,0,0,0,0,0,0,0,0,0,0,0,0,0,0,0,0,0,0,0,0,0,0,0,0,0,0,0,1,0,0,pre_early,0,0,0,1,0,0,0,0,0,0,0,0,0,0,0,0,0,none,k0p0,,,,,0,,,0,0,0,,,,,,,,,,,,,,,,,
P01150,K23,,2017,NINDS,pre_policy,0,0,0,0,0,0,0,1,0,0,0,0,0,0,0,0,0,0,0,0,0,0,0,0,0,1,1,1,1,1,1,1,1,0,0,pre_early,0,0,0,1,0,0,0,0,0,0,0,0,0,0,0,0,0,none,k0p0,,,,,0,,,0,0,0,,,,,,,,,,,,,,,,,
P01151,K08,,2017,NINDS,pre_policy,0,0,0,0,0,0,0,0,0,0,0,0,0,0,0,0,0,0,0,0,0,0,0,0,0,0,0,0,0,0,0,0,1,0,0,pre_early,0,0,0,1,0,0,0,0,0,0,0,0,0,0,0,0,0,none,k0p0,,,,,0,,,0,0,0,,,,,,,,,,,,,,,,,
P01152,K08,,2017,NHLBI,pre_policy,0,0,0,0,0,0,0,0,0,0,0,0,0,0,0,0,0,0,0,0,0,0,0,0,0,0,0,0,0,0,0,0,1,0,0,pre_early,0,0,0,1,0,0,0,0,0,0,0,0,0,0,0,0,0,none,k0p0,,,,,0,,,0,0,0,,,,,,,,,,,,,,,,,
P01153,K08,,2017,NINDS,pre_policy,0,0,0,0,0,0,0,0,0,0,0,0,0,0,0,0,0,0,0,0,0,0,0,0,0,0,0,0,0,0,0,0,1,0,0,pre_early,0,0,0,1,0,0,0,0,0,0,0,0,0,0,0,0,0,none,k0p0,,,,,0,,,0,0,0,,,,,,,,,,,,,,,,,
P01154,K08,,2017,NHLBI,pre_policy,0,0,0,0,0,0,0,1,0,0,0,0,0,0,0,0,0,0,0,0,0,0,0,0,0,1,1,1,1,1,1,1,1,0,0,pre_early,0,0,0,1,0,0,0,0,0,0,0,0,0,0,0,0,0,none,k0p0,,,,,0,,,0,0,0,,,,,,,,,,,,,,,,,
P01155,K08,,2017,NINDS,pre_policy,0,0,1,1,0,1,0,1,0,0,0,0,0,0,1,0,0,0,1,0,0,0,0,0,0,1,1,1,1,1,1,1,1,0,0,pre_early,0,0,0,1,1,0,1,0,0,0,0,1,0,0,1,1,0,new_trial,k0p1,,,,,0,,,0,0,0,,,,,,,,,,,,,,,,,
P01156,K08,,2017,NIMH,pre_policy,0,0,0,0,0,0,0,1,0,0,0,0,0,0,0,0,0,0,0,0,0,0,0,0,0,1,1,1,1,1,1,1,1,0,0,pre_early,0,0,0,1,0,0,0,0,0,0,0,0,0,0,0,0,0,none,k0p0,,,,,0,,,0,0,0,,,,,,,,,,,,,,,,,
P01157,K23,,2017,NINDS,pre_policy,0,0,0,0,0,0,1,1,0,0,0,0,0,0,0,0,0,0,0,0,0,0,0,0,0,1,1,1,1,1,1,1,1,0,1,pre_early,0,0,0,1,0,0,0,0,0,0,0,0,0,0,0,0,1,none,k0p0,k0p0,k0p0,k0p0,k0p0,0,,,0,0,0,,,,,,,,,,,,,,,,,
P01158,K23,,2017,NICHD,pre_policy,0,0,0,0,0,0,0,1,0,0,0,0,0,0,0,0,0,0,0,0,0,0,0,0,0,1,1,1,1,1,1,1,1,0,0,pre_early,0,0,0,1,0,0,0,0,0,0,0,0,0,0,0,0,0,none,k0p0,,,,,0,,,0,0,0,,,,,,,,,,,,,,,,,
P01159,K23,,2017,NIMH,pre_policy,0,1,0,0,0,0,0,0,1,0,0,0,0,0,0,0,0,0,0,0,0,0,0,0,0,0,1,0,0,1,0,0,1,0,0,pre_early,0,0,0,1,1,1,1,0,0,0,0,0,0,0,0,1,0,none,k0p0,,,,,0,,,0,0,1,0,0,0,0,0,0,0,0,0,0,0,0,0,0,0,0,0
P01160,K08,,2017,NIBIB,pre_policy,0,0,0,0,0,0,0,0,0,0,0,0,0,0,0,0,0,0,0,0,0,0,0,0,0,0,0,0,0,1,0,0,1,0,0,pre_early,0,0,0,1,0,0,0,0,0,0,0,0,0,0,0,0,0,none,k0p0,,,,,0,,,0,0,0,,,,,,,,,,,,,,,,,
P01161,K08,,2017,NCI,pre_policy,0,0,0,0,0,0,0,0,0,0,0,0,0,0,0,0,0,0,0,0,0,0,0,0,0,0,0,0,0,0,0,0,1,0,0,pre_early,0,0,0,1,0,0,0,0,0,0,0,0,0,0,0,0,0,none,k0p0,,,,,0,,,0,0,0,,,,,,,,,,,,,,,,,
P01162,K23,,2017,NIDCD,pre_policy,0,0,0,0,0,0,1,1,0,0,0,0,0,0,0,0,0,0,0,0,0,0,0,0,0,1,1,1,1,1,1,1,1,0,1,pre_early,0,0,0,1,1,1,1,0,0,0,0,0,0,0,0,1,0,none,k0p0,,,,,0,,,0,0,0,,,,,,,,,,,,,,,,,
P01163,K23,,2017,NIDDK,pre_policy,0,0,0,0,0,0,0,0,0,0,0,0,0,0,0,0,0,0,0,0,0,0,0,0,0,0,0,0,0,0,0,0,1,0,0,pre_early,0,0,0,1,0,0,0,0,0,0,0,0,0,0,0,0,0,none,k0p0,,,,,0,,,0,0,0,,,,,,,,,,,,,,,,,
P01164,K23,,2017,NIGMS,pre_policy,0,0,0,0,0,0,0,0,0,0,0,0,0,0,0,0,0,0,0,0,0,0,0,0,0,0,0,0,0,0,0,0,1,0,0,pre_early,0,0,0,1,0,0,0,0,0,0,0,0,0,0,0,0,0,none,k0p0,,,,,0,,,0,0,0,,,,,,,,,,,,,,,,,
P01165,K23,,2017,NIDDK,pre_policy,0,1,1,1,0,1,0,1,0,1,0,1,1,1,1,1,0,1,1,1,0,0,1,1,0,1,1,1,1,1,1,1,1,0,0,pre_early,1,0,0,1,1,0,1,1,0,0,1,1,1,1,1,1,1,new_trial,k1p1,k1p0,k1p0,k1p0,k1p0,0,,,0,0,1,1,1,0,0,0,1,0,0,1,0,1,1,0,0,0,1,1
P01166,K23,,2017,NIA,pre_policy,0,1,1,1,0,1,0,0,0,0,0,0,0,0,1,0,0,0,1,0,1,0,0,0,0,0,1,0,0,1,0,0,1,0,0,pre_early,0,0,0,1,1,0,1,0,0,0,0,1,0,1,1,1,1,new_trial,k0p1,k0p1,k0p1,k0p1,k0p1,0,,,0,0,1,0,0,0,0,0,0,0,0,0,0,0,0,0,0,0,0,0
P01167,K08,,2017,NIDCR,pre_policy,0,0,0,0,0,0,0,0,0,0,0,0,0,0,0,0,0,0,0,0,0,0,0,0,0,0,0,0,0,1,0,0,1,0,0,pre_early,0,0,0,1,0,0,0,0,0,0,0,0,0,0,0,0,0,none,k0p0,,,,,0,,,0,0,0,,,,,,,,,,,,,,,,,
P01168,K23,,2017,NIAAA,pre_policy,0,0,1,1,0,0,0,1,0,0,0,0,0,0,1,1,0,0,1,0,0,0,0,0,0,1,1,1,1,1,1,1,1,0,0,pre_early,0,0,0,1,1,0,1,0,0,0,0,1,0,0,1,1,0,new_trial,k0p1,,,,,0,,,0,0,0,,,,,,,,,,,,,,,,,
P01169,K08,,2017,NHLBI,pre_policy,0,1,0,0,0,0,0,1,0,0,0,0,0,0,0,0,0,0,0,0,0,0,0,0,0,1,1,1,1,1,1,1,1,0,0,pre_early,0,0,0,1,0,0,0,0,0,0,0,0,0,0,0,0,0,none,k0p0,,,,,0,,,0,0,0,,,,,,,,,,,,,,,,,
P01170,K23,,2017,NINDS,pre_policy,0,0,0,0,0,0,0,0,0,0,0,0,0,0,0,0,0,0,0,0,0,0,0,0,0,0,0,0,0,0,0,0,1,0,0,pre_early,0,0,0,1,0,0,0,0,0,0,0,0,0,0,0,0,0,none,k0p0,,,,,0,,,0,0,0,,,,,,,,,,,,,,,,,
P01171,K08,,2017,NCI,pre_policy,0,0,0,0,0,0,0,0,0,0,0,0,0,0,0,0,0,0,0,0,0,0,0,0,0,0,0,0,0,0,0,0,1,0,0,pre_early,0,0,0,1,0,0,0,0,0,0,0,0,0,0,0,0,0,none,k0p0,,,,,0,,,0,0,0,,,,,,,,,,,,,,,,,
P01172,K08,,2017,NINDS,pre_policy,0,0,0,0,0,0,0,0,0,0,0,0,0,0,0,0,0,0,0,0,0,0,0,0,0,0,0,0,0,0,0,0,1,0,0,pre_early,0,0,0,1,0,0,0,0,0,0,0,0,0,0,0,0,0,none,k0p0,,,,,0,,,0,0,0,,,,,,,,,,,,,,,,,
P01173,K08,,2017,NHLBI,pre_policy,0,0,0,0,0,0,0,0,0,0,0,0,0,0,0,0,0,0,0,0,0,0,0,0,0,0,1,0,0,1,0,0,1,0,0,pre_early,0,0,0,1,0,0,0,0,0,0,0,0,0,0,0,0,0,none,k0p0,,,,,0,,,0,0,0,,,,,,,,,,,,,,,,,
P01174,K08,,2017,NHLBI,pre_policy,0,0,0,0,0,0,0,1,0,0,0,0,0,0,0,0,0,0,0,0,0,0,0,0,0,1,1,1,1,1,1,1,1,0,0,pre_early,0,0,0,1,0,0,0,0,0,0,0,0,0,0,0,0,0,none,k0p0,,,,,0,,,0,0,0,,,,,,,,,,,,,,,,,
P01175,K08,,2017,NIDDK,pre_policy,0,0,0,0,0,0,0,1,0,0,0,0,0,0,0,0,0,0,0,0,0,0,0,0,0,1,1,1,1,1,1,1,1,0,0,pre_early,0,0,0,1,0,0,0,0,0,0,0,0,0,0,0,0,0,none,k0p0,,,,,0,,,0,0,0,,,,,,,,,,,,,,,,,
P01176,K08,,2017,NIMH,pre_policy,0,0,1,1,1,1,0,0,0,0,0,0,1,1,1,0,0,0,1,1,0,0,0,0,0,0,1,0,0,1,0,0,1,0,0,pre_early,0,0,0,1,1,0,1,0,0,0,0,1,0,1,1,1,0,new_trial,k0p1,,,,,0,,,0,0,0,,,,,,,,,,,,,,,,,
P01177,K08,,2017,NINDS,pre_policy,0,0,0,0,0,0,0,0,0,0,0,0,0,0,0,0,0,0,0,0,0,0,0,0,0,0,1,0,0,1,0,0,1,0,0,pre_early,0,0,0,1,0,0,0,0,0,0,0,0,0,0,0,0,0,none,k0p0,,,,,0,,,0,0,0,,,,,,,,,,,,,,,,,
P01178,K08,,2017,NINDS,pre_policy,0,0,0,0,0,0,0,0,0,0,0,0,0,0,0,0,0,0,0,0,0,0,0,0,0,1,1,1,1,1,1,1,1,0,0,pre_early,0,0,0,1,0,0,0,0,0,0,0,0,0,0,0,0,0,none,k0p0,,,,,0,,,0,0,0,,,,,,,,,,,,,,,,,
P01179,K23,,2017,NIDDK,pre_policy,0,1,0,0,0,0,0,0,0,0,0,0,0,0,0,0,0,0,0,0,0,0,0,0,0,0,0,0,0,0,0,0,1,0,0,pre_early,0,0,0,1,1,1,1,0,0,0,0,0,0,0,0,1,1,none,k0p0,k0p0,k0p0,k0p0,k0p0,0,,,0,0,1,0,0,0,0,0,0,0,0,0,0,0,0,0,0,0,0,0
P01180,K23,,2017,NINDS,pre_policy,0,0,0,0,0,0,0,0,0,0,0,0,0,0,0,0,0,0,0,0,0,0,0,0,0,0,0,0,0,0,0,0,1,0,0,pre_early,0,0,0,1,0,0,0,0,0,0,0,0,0,0,0,0,0,none,k0p0,,,,,0,,,0,0,0,,,,,,,,,,,,,,,,,
P01181,K08,,2017,NIDDK,pre_policy,0,0,0,0,0,0,0,0,0,0,0,0,0,0,0,0,0,0,0,0,0,0,0,0,0,0,0,0,0,0,0,0,1,0,0,pre_early,0,0,0,1,0,0,0,0,0,0,0,0,0,0,0,0,0,none,k0p0,,,,,0,,,0,0,0,,,,,,,,,,,,,,,,,
P01182,K23,,2017,NICHD,pre_policy,0,1,1,1,0,1,0,0,0,0,0,0,0,0,1,1,0,0,1,0,0,0,0,0,0,0,0,0,0,0,0,0,1,0,0,pre_early,0,0,0,1,1,0,1,0,0,0,0,1,0,0,1,1,0,new_trial,k0p1,,,,,0,,,0,0,1,0,0,0,0,0,0,0,0,0,0,0,0,0,0,0,0,0
P01183,K23,,2017,NICHD,pre_policy,0,1,0,0,0,0,0,0,0,0,0,0,0,0,0,0,0,0,0,0,0,0,0,0,0,0,1,0,0,1,0,0,1,0,0,pre_early,0,0,0,1,0,0,0,0,0,0,0,0,0,0,0,0,0,none,k0p0,,,,,0,,,0,0,1,0,0,0,0,0,0,0,0,0,0,0,0,0,0,0,0,0
P01184,K23,,2017,NHLBI,pre_policy,0,0,0,0,0,0,0,0,0,0,0,0,0,0,0,0,0,0,0,0,0,0,0,0,0,0,0,0,0,0,0,0,1,0,0,pre_early,0,0,0,1,0,0,0,0,0,0,0,0,0,0,0,0,0,none,k0p0,,,,,1,0,0,0,0,0,,,,,,,,,,,,,,,,,
P01185,K23,,2017,NIDA,pre_policy,0,0,0,0,0,0,0,0,0,0,0,0,0,0,0,0,0,0,0,0,0,0,0,0,0,0,0,0,0,0,0,0,1,0,0,pre_early,0,0,0,1,0,0,0,0,0,0,0,0,0,0,0,0,0,none,k0p0,,,,,0,,,0,0,0,,,,,,,,,,,,,,,,,
P01186,K23,,2017,NIDDK,pre_policy,0,1,0,1,0,0,0,0,0,1,0,0,0,0,0,0,0,1,0,0,0,0,1,1,0,0,0,0,0,0,0,0,1,0,0,pre_early,1,1,1,1,0,0,0,1,0,0,1,0,0,0,0,0,0,ktrial_only,k1p0,,,,,0,,,0,0,1,1,1,0,0,0,1,0,0,1,0,1,1,0,0,1,0,0
P01187,K08,,2017,NHLBI,pre_policy,0,0,0,0,0,0,0,0,0,0,0,0,0,0,0,0,0,0,0,0,0,0,0,0,0,0,0,0,0,0,0,0,1,0,0,pre_early,0,0,0,1,0,0,0,0,0,0,0,0,0,0,0,0,0,none,k0p0,,,,,0,,,0,0,0,,,,,,,,,,,,,,,,,
P01188,K08,,2017,NIGMS,pre_policy,0,0,0,0,0,0,0,0,0,0,0,0,0,0,0,0,0,0,0,0,0,0,0,0,0,1,1,1,1,1,1,1,1,0,0,pre_early,0,0,0,1,0,0,0,0,0,0,0,0,0,0,0,0,0,none,k0p0,,,,,0,,,0,0,0,,,,,,,,,,,,,,,,,
P01189,K23,,2017,NHLBI,pre_policy,0,0,0,0,0,0,0,0,0,0,0,0,0,0,0,0,0,0,0,0,0,0,0,0,0,0,0,0,0,0,0,0,1,0,0,pre_early,0,0,0,1,0,0,0,0,0,0,0,0,0,0,0,0,0,none,k0p0,,,,,0,,,0,0,0,,,,,,,,,,,,,,,,,
P01190,K08,,2017,NIDDK,pre_policy,0,0,0,0,0,0,0,1,0,0,0,0,0,0,0,0,0,0,0,0,0,0,0,0,0,1,1,1,1,1,1,1,1,0,0,pre_early,0,0,0,1,0,0,0,0,0,0,0,0,0,0,0,0,0,none,k0p0,,,,,0,,,0,0,0,,,,,,,,,,,,,,,,,
P01191,K23,,2017,NIMH,pre_policy,0,0,1,1,0,1,1,1,0,0,0,0,0,0,1,0,0,0,1,0,1,1,0,0,0,1,1,1,1,1,1,1,1,1,1,pre_early,0,0,0,1,1,0,1,0,0,0,0,1,0,1,1,1,0,new_trial,k0p1,,,,,0,,,0,0,0,,,,,,,,,,,,,,,,,
P01192,K23,,2017,NIGMS,pre_policy,0,0,1,1,0,1,0,0,0,0,0,0,1,0,1,0,0,0,1,0,0,0,0,0,0,0,0,0,0,0,0,0,1,0,0,pre_early,0,0,0,1,1,0,1,0,0,0,0,1,0,1,1,1,0,new_trial,k0p1,,,,,0,,,0,0,0,,,,,,,,,,,,,,,,,
P01193,K08,,2017,NHLBI,pre_policy,0,0,0,0,0,0,0,0,0,0,0,0,0,0,0,0,0,0,0,0,0,0,0,0,0,0,1,0,0,1,0,0,1,0,0,pre_early,0,0,0,1,0,0,0,0,0,0,0,0,0,0,0,0,0,none,k0p0,,,,,0,,,0,0,0,,,,,,,,,,,,,,,,,
P01194,K08,,2017,NIMH,pre_policy,0,0,0,0,0,0,0,1,0,0,0,0,0,0,0,0,0,0,0,0,0,0,0,0,0,1,1,1,1,1,1,1,1,0,0,pre_early,0,0,0,1,0,0,0,0,0,0,0,0,0,0,0,0,0,none,k0p0,,,,,0,,,0,0,0,,,,,,,,,,,,,,,,,
P01195,K23,,2017,NHLBI,pre_policy,0,0,0,0,0,0,0,0,0,0,0,0,0,0,0,0,0,0,0,0,0,0,0,0,0,0,0,0,0,0,0,0,1,0,0,pre_early,0,0,0,1,0,0,0,0,0,0,0,0,0,0,0,0,0,none,k0p0,,,,,0,,,0,0,0,,,,,,,,,,,,,,,,,
P01196,K23,,2017,NIA,pre_policy,0,0,0,0,0,0,0,0,0,0,0,0,0,0,0,0,0,0,0,0,0,0,0,0,0,0,1,0,0,1,0,0,1,0,0,pre_early,0,0,0,1,0,0,0,0,0,0,0,0,0,0,0,0,0,none,k0p0,,,,,0,,,0,0,0,,,,,,,,,,,,,,,,,
P01197,K23,,2017,NEI,pre_policy,0,0,0,0,0,0,0,0,0,0,0,0,0,0,0,0,0,0,0,0,0,0,0,0,0,0,0,0,0,0,0,0,1,0,0,pre_early,0,0,0,1,0,0,0,0,0,0,0,0,0,0,0,0,0,none,k0p0,,,,,0,,,0,0,0,,,,,,,,,,,,,,,,,
P01198,K08,,2017,NIDCR,pre_policy,0,0,0,0,0,0,0,0,0,0,0,0,0,0,0,0,0,0,0,0,0,0,0,0,0,0,0,0,0,0,0,0,1,0,0,pre_early,0,0,0,1,0,0,0,0,0,0,0,0,0,0,0,0,0,none,k0p0,,,,,0,,,0,0,0,,,,,,,,,,,,,,,,,
P01199,K08,,2017,NIDDK,pre_policy,0,0,0,0,0,0,0,0,0,0,0,0,0,0,0,0,0,0,0,0,0,0,0,0,0,0,0,0,0,0,0,0,1,0,0,pre_early,0,0,0,1,0,0,0,0,0,0,0,0,0,0,0,0,0,none,k0p0,,,,,0,,,0,0,0,,,,,,,,,,,,,,,,,
P01200,K08,,2017,NIAAA,pre_policy,0,0,0,0,0,0,0,0,0,0,0,0,0,0,0,0,0,0,0,0,0,0,0,0,0,0,0,0,0,0,0,0,1,0,0,pre_early,0,0,0,1,0,0,0,0,0,0,0,0,0,0,0,0,0,none,k0p0,,,,,0,,,0,0,0,,,,,,,,,,,,,,,,,
P01201,K08,,2017,NHLBI,pre_policy,0,0,0,0,0,0,0,0,0,0,0,0,0,0,0,0,0,0,0,0,0,0,0,0,0,0,0,0,0,0,0,0,1,0,0,pre_early,0,0,0,1,0,0,0,0,0,0,0,0,0,0,0,0,0,none,k0p0,,,,,0,,,0,0,0,,,,,,,,,,,,,,,,,
P01202,K08,,2017,NIMH,pre_policy,0,0,0,0,0,0,0,0,0,0,0,0,0,0,0,0,0,0,0,0,0,0,0,0,0,0,0,0,0,0,0,0,1,0,0,pre_early,0,0,0,1,0,0,0,0,0,0,0,0,0,0,0,0,0,none,k0p0,,,,,0,,,0,0,0,,,,,,,,,,,,,,,,,
P01203,K23,,2017,NIAMS,pre_policy,0,0,0,0,0,0,0,0,0,0,0,0,0,0,0,0,0,0,0,0,0,0,0,0,0,0,1,0,0,1,0,0,1,0,0,pre_early,0,0,0,1,0,0,0,0,0,0,0,0,0,0,0,0,0,none,k0p0,,,,,1,0,0,0,0,0,,,,,,,,,,,,,,,,,
P01204,K08,,2017,NIAAA,pre_policy,0,0,0,0,0,0,0,0,0,0,0,0,0,0,0,0,0,0,0,0,0,0,0,0,0,0,0,0,0,0,0,0,1,0,0,pre_early,0,0,0,1,0,0,0,0,0,0,0,0,0,0,0,0,0,none,k0p0,,,,,0,,,0,0,0,,,,,,,,,,,,,,,,,
P01205,K23,,2017,NIA,pre_policy,0,1,0,1,0,0,0,0,0,1,0,0,0,0,0,0,0,1,0,0,0,0,1,1,0,0,1,0,0,1,0,0,1,0,0,pre_early,1,0,0,1,1,1,1,1,0,0,1,0,1,0,0,1,0,ktrial_only,k1p0,,,,,0,,,0,0,1,1,1,0,0,0,1,0,0,1,0,1,1,0,0,0,1,1
P01206,K23,,2017,NHLBI,pre_policy,0,1,1,1,0,1,0,0,0,1,0,0,0,0,1,1,0,1,1,0,0,0,1,0,1,0,0,0,0,0,0,0,1,0,0,pre_early,1,0,0,1,1,0,1,0,0,1,1,1,1,0,1,1,0,new_trial,k1p1,,,,,0,,,0,0,1,1,0,1,0,0,1,0,0,0,0,1,1,1,0,0,0,0
P01207,K08,,2017,NHLBI,pre_policy,0,0,0,0,0,0,0,0,0,0,0,0,0,0,0,0,0,0,0,0,0,0,0,0,0,0,0,0,0,0,0,0,1,0,0,pre_early,0,0,0,1,0,0,0,0,0,0,0,0,0,0,0,0,0,none,k0p0,,,,,0,,,0,0,0,,,,,,,,,,,,,,,,,
P01208,K23,,2017,NHLBI,pre_policy,0,1,0,0,0,0,0,0,0,0,0,0,0,0,0,0,0,0,0,0,0,0,0,0,0,0,0,0,0,0,0,0,1,0,0,pre_early,0,0,0,1,0,0,0,0,0,0,0,0,0,0,0,0,0,none,k0p0,,,,,0,,,0,0,1,0,0,0,0,0,0,0,0,0,0,0,0,0,0,0,0,0
P01209,K23,,2017,NIMH,pre_policy,0,1,0,0,0,0,0,1,0,0,0,0,0,0,0,0,0,0,0,0,0,0,0,0,0,1,1,1,1,1,1,1,1,0,0,pre_early,0,0,0,1,1,1,1,0,0,0,0,0,0,0,0,1,0,none,k0p0,,,,,0,,,0,0,1,0,0,0,0,0,0,0,0,0,0,0,0,0,0,0,0,0
P01210,K08,,2017,NIAID,pre_policy,0,0,0,0,0,0,0,1,0,0,0,0,0,0,0,0,0,0,0,0,0,0,0,0,0,1,1,1,1,1,1,1,1,0,0,pre_early,0,0,0,1,0,0,0,0,0,0,0,0,0,0,0,0,0,none,k0p0,,,,,0,,,0,0,0,,,,,,,,,,,,,,,,,
P01211,K08,,2017,NIAMS,pre_policy,0,0,0,0,0,0,0,1,0,0,0,0,0,0,0,0,0,0,0,0,0,0,0,0,0,1,1,1,1,1,1,1,1,0,0,pre_early,0,0,0,1,0,0,0,0,0,0,0,0,0,0,0,0,0,none,k0p0,,,,,0,,,0,0,0,,,,,,,,,,,,,,,,,
P01212,K23,,2017,NIAMS,pre_policy,0,1,0,1,0,0,0,0,0,1,0,0,0,0,0,0,0,1,0,0,0,0,1,1,0,0,0,0,0,0,0,0,1,0,0,pre_early,1,1,1,1,0,0,0,1,0,0,1,0,0,0,0,0,0,ktrial_only,k1p0,,,,,0,,,0,0,1,1,1,0,0,0,1,0,0,1,0,1,1,0,0,1,1,1
P01213,K23,,2017,NHLBI,pre_policy,0,1,0,0,0,0,0,0,0,0,0,0,0,0,0,0,0,0,0,0,0,0,0,0,0,0,0,0,0,0,0,0,1,0,0,pre_early,0,0,0,1,0,0,0,0,0,0,0,0,0,0,0,0,0,none,k0p0,,,,,0,,,0,0,1,0,0,0,0,0,0,0,0,0,0,0,0,0,0,0,0,0
P01214,K08,,2017,NIAMS,pre_policy,0,0,0,0,0,0,0,0,0,0,0,0,0,0,0,0,0,0,0,0,0,0,0,0,0,0,1,0,0,1,0,0,1,0,0,pre_early,0,0,0,1,0,0,0,0,0,0,0,0,0,0,0,0,0,none,k0p0,,,,,0,,,0,0,0,,,,,,,,,,,,,,,,,
P01215,K23,,2017,NHLBI,pre_policy,0,0,0,0,0,0,0,1,0,0,0,0,0,0,0,0,0,0,0,0,0,0,0,0,0,1,1,1,1,1,1,1,1,0,0,pre_early,0,0,0,1,0,0,0,0,0,0,0,0,0,0,0,0,0,none,k0p0,,,,,0,,,0,0,0,,,,,,,,,,,,,,,,,
P01216,K23,,2017,NHLBI,pre_policy,0,0,0,0,0,0,0,0,0,0,0,0,0,0,0,0,0,0,0,0,0,0,0,0,0,0,1,0,0,1,0,0,1,0,0,pre_early,0,0,0,1,0,0,0,0,0,0,0,0,0,0,0,0,0,none,k0p0,,,,,0,,,0,0,0,,,,,,,,,,,,,,,,,
P01217,K23,,2017,NIEHS,pre_policy,0,0,0,0,0,0,1,1,0,0,0,0,0,0,0,0,0,0,0,0,0,0,0,0,0,1,1,1,1,1,1,1,1,0,1,pre_early,0,0,0,1,0,0,0,0,0,0,0,0,0,0,0,0,0,none,k0p0,,,,,0,,,0,0,0,,,,,,,,,,,,,,,,,
P01218,K23,,2017,NIAAA,pre_policy,0,0,1,1,0,1,0,0,0,0,0,0,1,1,1,0,0,0,1,0,1,0,0,0,0,0,0,0,0,0,0,0,1,0,0,pre_early,0,0,0,1,1,0,1,0,0,0,0,1,0,1,1,1,0,new_trial,k0p1,,,,,0,,,0,0,0,,,,,,,,,,,,,,,,,
P01219,K23,,2017,NIDDK,pre_policy,0,0,0,0,0,0,1,0,0,0,0,0,0,0,0,0,0,0,0,0,0,0,0,0,0,0,1,0,0,1,0,0,1,0,1,pre_early,0,0,0,1,0,0,0,0,0,0,0,0,0,0,0,0,0,none,k0p0,,,,,0,,,0,0,0,,,,,,,,,,,,,,,,,
P01220,K23,,2017,NIMH,pre_policy,0,0,0,0,0,0,0,0,0,0,0,0,0,0,0,0,0,0,0,0,0,0,0,0,0,0,0,0,0,0,0,0,1,0,0,pre_early,0,0,0,1,0,0,0,0,0,0,0,0,0,0,0,0,0,none,k0p0,,,,,0,,,0,0,0,,,,,,,,,,,,,,,,,
P01221,K23,,2017,NINDS,pre_policy,0,0,0,0,0,0,0,1,0,0,0,0,0,0,0,0,0,0,0,0,0,0,0,0,0,1,1,1,1,1,1,1,1,0,0,pre_early,0,0,0,1,0,0,0,0,0,0,0,0,0,0,0,0,0,none,k0p0,,,,,0,,,0,0,0,,,,,,,,,,,,,,,,,
P01222,K08,,2017,NHLBI,pre_policy,0,0,0,0,0,0,0,0,0,0,0,0,0,0,0,0,0,0,0,0,0,0,0,0,0,0,0,0,0,0,0,0,1,0,0,pre_early,0,0,0,1,0,0,0,0,0,0,0,0,0,0,0,0,0,none,k0p0,,,,,0,,,0,0,0,,,,,,,,,,,,,,,,,
P01223,K23,,2017,NIAMS,pre_policy,0,0,0,0,0,0,0,0,0,0,0,0,0,0,0,0,0,0,0,0,0,0,0,0,0,0,0,0,0,0,0,0,1,0,0,pre_early,0,0,0,1,0,0,0,0,0,0,0,0,0,0,0,0,0,none,k0p0,,,,,0,,,0,0,0,,,,,,,,,,,,,,,,,
P01224,K08,,2017,NIDDK,pre_policy,0,0,0,0,0,0,0,0,0,0,0,0,0,0,0,0,0,0,0,0,0,0,0,0,0,0,0,0,0,0,0,0,1,0,0,pre_early,0,0,0,1,0,0,0,0,0,0,0,0,0,0,0,0,0,none,k0p0,,,,,0,,,0,0,0,,,,,,,,,,,,,,,,,
P01225,K23,,2017,NINDS,pre_policy,0,0,0,0,0,0,0,1,0,0,0,0,0,0,0,0,0,0,0,0,0,0,0,0,0,1,1,1,1,1,1,1,1,0,0,pre_early,0,0,0,1,0,0,0,0,0,0,0,0,0,0,0,0,0,none,k0p0,,,,,0,,,0,0,0,,,,,,,,,,,,,,,,,
P01226,K08,,2017,NHLBI,pre_policy,0,0,1,1,1,1,0,0,0,0,0,0,0,0,1,1,0,0,1,0,0,0,0,0,0,0,1,0,0,1,0,0,1,0,0,pre_early,0,0,0,1,1,0,1,0,0,0,0,1,0,0,1,1,0,new_trial,k0p1,,,,,0,,,0,0,0,,,,,,,,,,,,,,,,,
P01227,K08,,2017,NIAID,pre_policy,0,0,0,0,0,0,0,0,0,0,0,0,0,0,0,0,0,0,0,0,0,0,0,0,0,0,0,0,0,0,0,0,1,0,0,pre_early,0,0,0,1,0,0,0,0,0,0,0,0,0,0,0,0,0,none,k0p0,,,,,0,,,0,0,0,,,,,,,,,,,,,,,,,
P01228,K23,,2017,NIMH,pre_policy,0,0,0,0,0,0,0,0,0,0,0,0,0,0,0,0,0,0,0,0,0,0,0,0,0,0,1,0,0,1,0,0,1,0,0,pre_early,0,0,0,1,1,1,1,0,0,0,0,0,0,0,0,1,0,none,k0p0,,,,,0,,,0,0,0,,,,,,,,,,,,,,,,,
P01229,K23,,2017,NIDA,pre_policy,0,1,1,1,0,0,1,0,1,1,0,0,1,0,1,1,0,1,0,0,1,1,1,1,0,0,1,0,0,1,0,0,1,0,1,pre_early,1,0,0,1,1,0,1,1,0,0,1,1,1,0,0,1,0,new_trial,k1p1,,,,,0,,,0,0,1,1,1,0,0,0,1,0,0,1,0,1,1,0,0,0,0,0
P01230,K23,,2017,NIMH,pre_policy,0,0,0,0,0,0,0,0,0,0,0,0,0,0,0,0,0,0,0,0,0,0,0,0,0,0,1,0,0,1,0,0,1,0,0,pre_early,0,0,0,1,0,0,0,0,0,0,0,0,0,0,0,0,0,none,k0p0,,,,,0,,,0,0,0,,,,,,,,,,,,,,,,,
P01231,K08,,2017,NIDDK,pre_policy,0,0,0,0,0,0,0,1,0,0,0,0,0,0,0,0,0,0,0,0,0,0,0,0,0,1,1,1,1,1,1,1,1,0,0,pre_early,0,0,0,1,0,0,0,0,0,0,0,0,0,0,0,0,0,none,k0p0,,,,,0,,,0,0,0,,,,,,,,,,,,,,,,,
P01232,K23,,2017,NHLBI,pre_policy,0,0,0,0,0,0,0,0,0,0,0,0,0,0,0,0,0,0,0,0,0,0,0,0,0,0,0,0,0,0,0,0,1,0,0,pre_early,0,0,0,1,0,0,0,0,0,0,0,0,0,0,0,0,0,none,k0p0,,,,,0,,,0,0,0,,,,,,,,,,,,,,,,,
P01233,K08,,2017,NCI,pre_policy,0,0,0,0,0,0,0,1,0,0,0,0,0,0,0,0,0,0,0,0,0,0,0,0,0,1,1,1,1,1,1,1,1,0,0,pre_early,0,0,0,1,0,0,0,0,0,0,0,0,0,0,0,0,0,none,k0p0,,,,,0,,,0,0,0,,,,,,,,,,,,,,,,,
P01234,K08,,2017,NIDDK,pre_policy,0,0,0,0,0,0,0,0,0,0,0,0,0,0,0,0,0,0,0,0,0,0,0,0,0,0,0,0,0,0,0,0,1,0,0,pre_early,0,0,0,1,0,0,0,0,0,0,0,0,0,0,0,0,0,none,k0p0,,,,,0,,,0,0,0,,,,,,,,,,,,,,,,,
P01235,K08,,2017,NIDDK,pre_policy,0,0,0,0,0,0,0,0,0,0,0,0,0,0,0,0,0,0,0,0,0,0,0,0,0,0,0,0,0,0,0,0,1,0,0,pre_early,0,0,0,1,0,0,0,0,0,0,0,0,0,0,0,0,0,none,k0p0,,,,,0,,,0,0,0,,,,,,,,,,,,,,,,,
P01236,K08,,2017,NCI,pre_policy,0,0,1,1,0,1,0,0,0,0,0,0,0,0,1,1,0,0,1,0,1,0,0,0,0,0,0,0,0,0,0,0,1,0,0,pre_early,0,0,0,1,1,0,1,0,0,0,0,1,0,1,1,1,0,new_trial,k0p1,,,,,0,,,0,0,0,,,,,,,,,,,,,,,,,
P01237,K23,,2017,NIAMS,pre_policy,0,0,0,0,0,0,0,0,0,0,0,0,0,0,0,0,0,0,0,0,0,0,0,0,0,0,0,0,0,0,0,0,1,0,0,pre_early,0,0,0,1,0,0,0,0,0,0,0,0,0,0,0,0,0,none,k0p0,,,,,0,,,0,0,0,,,,,,,,,,,,,,,,,
P01238,K23,,2017,NHLBI,pre_policy,0,0,0,0,0,0,0,1,0,0,0,0,0,0,0,0,0,0,0,0,0,0,0,0,0,1,1,1,1,1,1,1,1,0,0,pre_early,0,0,0,1,0,0,0,0,0,0,0,0,0,0,0,0,0,none,k0p0,,,,,0,,,0,0,0,,,,,,,,,,,,,,,,,
P01239,K23,,2017,NIA,pre_policy,0,0,0,0,0,0,0,0,0,0,0,0,0,0,0,0,0,0,0,0,0,0,0,0,0,0,0,0,0,0,0,0,1,0,0,pre_early,0,0,0,1,0,0,0,0,0,0,0,0,0,0,0,0,0,none,k0p0,,,,,0,,,0,0,0,,,,,,,,,,,,,,,,,
P01240,K08,,2017,NHLBI,pre_policy,0,0,0,0,0,0,0,0,0,0,0,0,0,0,0,0,0,0,0,0,0,0,0,0,0,0,1,0,0,1,0,0,1,0,0,pre_early,0,0,0,1,0,0,0,0,0,0,0,0,0,0,0,0,0,none,k0p0,,,,,0,,,0,0,0,,,,,,,,,,,,,,,,,
P01241,K23,,2017,NIDDK,pre_policy,0,0,0,0,0,0,0,1,0,0,0,0,0,0,1,0,0,0,0,0,0,0,0,0,0,1,1,1,1,1,1,1,1,0,0,pre_early,0,0,0,1,0,0,0,0,0,0,0,0,0,0,0,0,0,none,k0p0,,,,,0,,,0,0,0,,,,,,,,,,,,,,,,,
P01242,K23,,2017,NIDDK,pre_policy,0,0,0,0,0,0,0,1,0,0,0,0,0,0,0,0,0,0,0,0,0,0,0,0,0,1,1,1,1,1,1,1,1,0,0,pre_early,0,0,0,1,0,0,0,0,0,0,0,0,0,0,0,0,0,none,k0p0,,,,,1,0,0,0,0,0,,,,,,,,,,,,,,,,,
P01243,K08,,2017,NINDS,pre_policy,0,0,0,0,0,0,0,1,0,0,0,0,0,0,0,0,0,0,0,0,0,0,0,0,0,1,1,1,1,1,1,1,1,0,0,pre_early,0,0,0,1,0,0,0,0,0,0,0,0,0,0,0,0,0,none,k0p0,,,,,0,,,0,0,0,,,,,,,,,,,,,,,,,
P01244,K08,,2017,NEI,pre_policy,0,0,0,0,0,0,0,1,0,0,0,0,0,0,0,0,0,0,0,0,0,0,0,0,0,1,1,1,1,1,1,1,1,0,0,pre_early,0,0,0,1,0,0,0,0,0,0,0,0,0,0,0,0,0,none,k0p0,,,,,0,,,0,0,0,,,,,,,,,,,,,,,,,
P01245,K08,,2017,NHLBI,pre_policy,0,0,0,0,0,0,0,0,0,0,0,0,0,0,0,0,0,0,0,0,0,0,0,0,0,0,0,0,0,0,0,0,1,0,0,pre_early,0,0,0,1,0,0,0,0,0,0,0,0,0,0,0,0,0,none,k0p0,,,,,0,,,0,0,0,,,,,,,,,,,,,,,,,
P01246,K08,,2017,NINDS,pre_policy,0,0,0,0,0,0,0,0,0,0,0,0,0,0,0,0,0,0,0,0,0,0,0,0,0,0,0,0,0,1,0,0,1,0,0,pre_early,0,0,0,1,0,0,0,0,0,0,0,0,0,0,0,0,0,none,k0p0,,,,,0,,,0,0,0,,,,,,,,,,,,,,,,,
P01247,K08,,2017,NHLBI,pre_policy,0,0,0,0,0,0,0,0,0,0,0,0,0,0,0,0,0,0,0,0,0,0,0,0,0,0,0,0,0,0,0,0,1,0,0,pre_early,0,0,0,1,0,0,0,0,0,0,0,0,0,0,0,0,0,none,k0p0,,,,,0,,,0,0,0,,,,,,,,,,,,,,,,,
P01248,K23,,2017,NIDA,pre_policy,0,1,1,1,1,1,1,0,0,1,1,0,1,1,1,0,0,1,1,0,0,0,1,1,0,0,0,0,0,0,0,0,1,0,1,pre_early,1,1,1,1,1,0,1,1,0,0,1,1,1,1,1,1,1,new_trial,k1p1,k1p1,k1p1,k1p1,k1p1,0,,,0,0,1,1,0,0,0,1,0,0,1,0,1,1,1,0,0,1,0,0
P01249,K08,,2017,NIDDK,pre_policy,0,0,0,0,0,0,0,0,0,0,0,0,0,0,0,0,0,0,0,0,0,0,0,0,0,0,1,0,0,1,0,0,1,0,0,pre_early,0,0,0,1,0,0,0,0,0,0,0,0,0,0,0,0,0,none,k0p0,,,,,0,,,0,0,0,,,,,,,,,,,,,,,,,
P01250,K23,,2017,NIMH,pre_policy,0,0,0,0,0,0,0,0,0,0,0,0,0,0,0,0,0,0,0,0,0,0,0,0,0,0,1,0,0,1,0,0,1,0,0,pre_early,0,0,0,1,0,0,0,0,0,0,0,0,0,0,0,0,1,none,k0p0,k0p0,k0p0,k0p0,k0p0,0,,,0,0,0,,,,,,,,,,,,,,,,,
P01251,K23,,2017,NHLBI,pre_policy,0,0,0,0,0,0,1,0,0,0,0,0,0,0,0,0,0,0,0,0,0,0,0,0,0,0,1,0,0,1,0,0,1,0,1,pre_early,0,0,0,1,0,0,0,0,0,0,0,0,0,0,0,0,0,none,k0p0,,,,,0,,,0,0,0,,,,,,,,,,,,,,,,,
P01252,K08,,2017,NHLBI,pre_policy,0,0,0,0,0,0,0,1,0,0,0,0,0,0,0,0,0,0,0,0,0,0,0,0,0,1,1,1,1,1,1,1,1,0,0,pre_early,0,0,0,1,0,0,0,0,0,0,0,0,0,0,0,0,0,none,k0p0,,,,,0,,,0,0,0,,,,,,,,,,,,,,,,,
P01253,K23,,2017,NICHD,pre_policy,0,0,0,0,0,0,0,1,0,0,0,0,0,0,0,0,0,0,0,0,0,0,0,0,0,1,1,1,1,1,1,1,1,0,0,pre_early,0,0,0,1,1,1,1,0,0,0,0,0,0,0,0,1,0,none,k0p0,,,,,0,,,0,0,0,,,,,,,,,,,,,,,,,
P01254,K23,,2017,NCI,pre_policy,0,0,1,1,1,1,0,1,0,0,0,0,1,0,1,1,0,0,1,0,1,0,0,0,0,1,1,1,1,1,1,1,1,0,0,pre_early,0,0,0,1,1,0,1,0,0,0,0,1,0,1,1,1,0,new_trial,k0p1,,,,,0,,,0,0,0,,,,,,,,,,,,,,,,,
P01255,K08,,2017,NIDDK,pre_policy,0,0,0,0,0,0,0,0,0,0,0,0,0,0,0,0,0,0,0,0,0,0,0,0,0,0,0,0,0,0,0,0,1,0,0,pre_early,0,0,0,1,0,0,0,0,0,0,0,0,0,0,0,0,0,none,k0p0,,,,,0,,,0,0,0,,,,,,,,,,,,,,,,,
P01256,K23,,2017,NIDDK,pre_policy,0,1,1,1,1,1,1,0,0,0,0,0,0,0,1,0,0,0,1,0,0,0,0,0,0,0,0,0,0,0,0,0,1,0,1,pre_early,0,0,0,1,1,0,1,0,0,0,0,1,0,1,1,1,1,new_trial,k0p1,k0p0,k0p0,k0p0,k0p0,0,,,0,0,1,0,0,0,0,0,0,0,0,0,0,0,0,0,0,0,0,0
P01257,K23,,2017,NIMH,pre_policy,0,0,0,0,0,0,0,0,0,0,0,0,0,0,0,0,0,0,0,0,0,0,0,0,0,0,1,0,0,1,0,0,1,0,0,pre_early,0,0,0,1,0,0,0,0,0,0,0,0,0,0,0,0,1,none,k0p0,k0p0,k0p0,k0p0,k0p0,0,,,0,0,0,,,,,,,,,,,,,,,,,
P01258,K23,,2017,NIDDK,pre_policy,0,1,0,0,0,0,0,0,0,0,0,0,0,0,0,0,0,0,0,0,0,0,0,0,0,0,0,0,0,0,0,0,1,0,0,pre_early,0,0,0,1,0,0,0,0,0,0,0,0,0,0,0,0,0,none,k0p0,,,,,0,,,0,0,1,0,0,0,0,0,0,0,0,0,0,0,0,0,0,0,0,0
P01259,K08,,2017,NIDA,pre_policy,0,0,0,0,0,0,0,0,0,0,0,0,0,0,0,0,0,0,0,0,0,0,0,0,0,0,1,0,1,1,1,1,1,0,0,pre_early,0,0,0,1,0,0,0,0,0,0,0,0,0,0,0,0,0,none,k0p0,,,,,0,,,0,0,0,,,,,,,,,,,,,,,,,
P01260,K08,,2017,NIDDK,pre_policy,0,0,0,0,0,0,0,0,0,0,0,0,0,0,0,0,0,0,0,0,0,0,0,0,0,0,1,0,0,1,0,0,1,0,0,pre_early,0,0,0,1,0,0,0,0,0,0,0,0,0,0,0,0,0,none,k0p0,,,,,0,,,0,0,0,,,,,,,,,,,,,,,,,
P01261,K08,,2017,NINDS,pre_policy,0,0,0,0,0,0,0,0,0,0,0,0,0,0,0,0,0,0,0,0,0,0,0,0,0,0,0,0,0,0,0,0,1,0,0,pre_early,0,0,0,1,0,0,0,0,0,0,0,0,0,0,0,0,0,none,k0p0,,,,,0,,,0,0,0,,,,,,,,,,,,,,,,,
P01262,K08,,2017,NIAID,pre_policy,0,0,0,0,0,0,0,0,0,0,0,0,0,0,0,0,0,0,0,0,0,0,0,0,0,0,0,0,0,0,0,0,1,0,0,pre_early,0,0,0,1,0,0,0,0,0,0,0,0,0,0,0,0,0,none,k0p0,,,,,0,,,0,0,0,,,,,,,,,,,,,,,,,
P01263,K23,,2017,NIDDK,pre_policy,0,0,0,0,0,0,0,0,0,0,0,0,0,0,0,0,0,0,0,0,0,0,0,0,0,0,0,0,0,0,0,0,1,0,0,pre_early,0,0,0,1,0,0,0,0,0,0,0,0,0,0,0,0,0,none,k0p0,,,,,0,,,0,0,0,,,,,,,,,,,,,,,,,
P01264,K23,,2017,NIDCD,pre_policy,0,1,1,1,1,0,1,0,0,0,0,0,0,0,1,1,0,0,1,0,1,1,1,0,0,0,0,0,0,0,0,0,1,0,0,pre_early,0,0,0,1,1,0,1,0,0,0,0,1,0,0,1,1,1,new_trial,k0p1,k0p1,k0p1,k0p1,k0p1,0,,,0,0,1,0,0,0,0,0,0,0,0,0,0,0,0,0,0,0,0,0
P01265,K08,,2017,NIAID,pre_policy,0,0,1,1,1,0,1,0,0,0,0,0,0,0,1,1,0,0,1,0,0,0,0,0,0,0,0,0,0,0,0,0,1,0,1,pre_early,0,0,0,1,1,0,1,0,0,0,0,1,0,0,1,1,0,new_trial,k0p1,,,,,0,,,0,0,0,,,,,,,,,,,,,,,,,
P01266,K08,,2017,NIDCR,pre_policy,0,0,0,0,0,0,0,1,0,0,0,0,0,0,0,0,0,0,0,0,0,0,0,0,0,1,1,1,1,1,1,1,1,0,0,pre_early,0,0,0,1,0,0,0,0,0,0,0,0,0,0,0,0,0,none,k0p0,,,,,0,,,0,0,0,,,,,,,,,,,,,,,,,
P01267,K23,,2017,NHLBI,pre_policy,0,0,0,0,0,0,0,0,0,0,0,0,0,0,0,0,0,0,0,0,0,0,0,0,0,0,0,0,0,0,0,0,1,0,0,pre_early,0,0,0,1,0,0,0,0,0,0,0,0,0,0,0,0,0,none,k0p0,,,,,0,,,0,0,0,,,,,,,,,,,,,,,,,
P01268,K23,,2017,NIDDK,pre_policy,0,1,0,0,0,0,0,0,0,0,0,0,0,0,0,0,0,0,0,0,0,0,0,0,0,0,0,0,0,0,0,0,1,0,0,pre_early,0,0,0,1,0,0,0,0,0,0,0,0,0,0,0,0,0,none,k0p0,,,,,0,,,0,0,1,0,0,0,0,0,0,0,0,0,0,0,0,0,0,0,0,0
P01269,K08,,2017,NIDDK,pre_policy,0,0,0,0,0,0,0,0,0,0,0,0,0,0,0,0,0,0,0,0,0,0,0,0,0,0,0,0,0,0,0,0,1,0,0,pre_early,0,0,0,1,0,0,0,0,0,0,0,0,0,0,0,0,0,none,k0p0,,,,,0,,,0,0,0,,,,,,,,,,,,,,,,,
P01270,K23,,2017,NIAID,pre_policy,0,0,0,0,0,0,0,0,0,0,0,0,0,0,0,0,0,0,0,0,0,0,0,0,0,0,1,0,0,1,0,0,1,0,0,pre_early,0,0,0,1,0,0,0,0,0,0,0,0,0,0,0,0,0,none,k0p0,,,,,0,,,0,0,0,,,,,,,,,,,,,,,,,
P01271,K08,,2017,NIAID,pre_policy,0,0,0,0,0,0,0,0,0,0,0,0,0,0,0,0,0,0,0,0,0,0,0,0,0,0,0,0,0,0,0,0,1,0,0,pre_early,0,0,0,1,0,0,0,0,0,0,0,0,0,0,0,0,0,none,k0p0,,,,,0,,,0,0,0,,,,,,,,,,,,,,,,,
P01272,K08,,2017,NHLBI,pre_policy,0,0,0,0,0,0,0,0,0,0,0,0,0,0,0,0,0,0,0,0,0,0,0,0,0,0,1,0,0,1,0,0,1,0,0,pre_early,0,0,0,1,0,0,0,0,0,0,0,0,0,0,0,0,0,none,k0p0,,,,,0,,,0,0,0,,,,,,,,,,,,,,,,,
P01273,K23,,2017,NIDA,pre_policy,0,1,1,1,0,1,0,1,1,1,0,0,1,1,1,1,0,1,1,0,0,0,1,0,1,1,1,1,1,1,1,1,1,0,0,pre_early,1,1,0,1,1,0,1,0,0,1,1,1,0,1,1,1,1,new_trial,k1p1,k1p1,k1p1,k1p1,k1p1,0,,,0,0,1,1,0,1,0,0,1,0,0,0,0,1,1,0,0,1,1,1
P01274,K23,,2017,NINDS,pre_policy,0,0,1,1,0,0,0,0,0,0,0,0,0,0,1,1,0,0,1,0,0,0,0,0,0,0,0,0,0,0,0,0,1,0,0,pre_early,0,0,0,1,1,0,1,0,0,0,0,1,0,0,1,1,1,new_trial,k0p1,,,,,0,,,0,0,0,,,,,,,,,,,,,,,,,
P01275,K23,,2017,NIDA,pre_policy,0,1,0,1,0,0,0,0,0,1,0,0,0,0,0,0,0,1,0,0,0,0,1,0,1,0,1,0,0,1,0,0,1,0,0,pre_early,0,0,0,1,0,0,0,0,0,1,1,0,1,0,0,0,1,ktrial_only,k1p0,k1p0,k1p0,k1p0,k1p0,0,,,0,0,1,1,0,1,0,0,1,0,0,0,0,1,0,0,1,0,0,0
P01276,K08,,2017,NIAID,pre_policy,0,0,0,0,0,0,0,0,0,0,0,0,0,0,0,0,0,0,0,0,0,0,0,0,0,0,0,0,0,0,0,0,1,0,0,pre_early,0,0,0,1,0,0,0,0,0,0,0,0,0,0,0,0,0,none,k0p0,,,,,0,,,0,0,0,,,,,,,,,,,,,,,,,
P01277,K23,,2017,NIAMS,pre_policy,0,0,1,1,1,1,0,0,0,0,0,0,0,0,1,0,0,0,1,0,0,0,0,0,0,0,0,0,0,0,0,0,1,0,0,pre_early,0,0,0,1,1,0,1,0,0,0,0,1,0,1,1,1,0,new_trial,k0p1,,,,,0,,,0,0,0,,,,,,,,,,,,,,,,,
P01278,K23,,2017,NHLBI,pre_policy,0,0,0,0,0,0,0,1,0,0,0,0,0,0,0,0,0,0,0,0,0,0,0,0,0,1,1,1,1,1,1,1,1,0,0,pre_early,0,0,0,1,0,0,0,0,0,0,0,0,0,0,0,0,0,none,k0p0,,,,,1,0,0,0,0,0,,,,,,,,,,,,,,,,,
P01279,K23,,2017,NIMH,pre_policy,0,1,1,1,0,1,1,0,0,0,0,0,1,0,1,0,0,0,1,0,0,0,1,0,0,0,1,0,0,1,0,0,1,0,0,pre_early,0,0,0,1,1,0,1,0,0,0,0,1,0,1,1,1,0,new_trial,k0p1,,,,,0,,,0,0,1,0,0,0,0,0,0,0,0,0,0,0,0,0,0,0,0,0
P01280,K08,,2017,NHLBI,pre_policy,0,0,0,0,0,0,0,1,0,0,0,0,0,0,0,0,0,0,0,0,0,0,0,0,0,1,1,1,1,1,1,1,1,0,0,pre_early,0,0,0,1,0,0,0,0,0,0,0,0,0,0,0,0,0,none,k0p0,,,,,0,,,0,0,0,,,,,,,,,,,,,,,,,
P01281,K08,,2017,NCI,pre_policy,0,0,1,1,1,0,0,0,0,0,0,1,0,0,1,1,0,0,1,0,1,0,0,0,0,1,1,1,1,1,1,1,1,0,0,pre_early,0,0,0,1,1,0,1,0,0,0,0,1,0,0,1,1,0,new_trial,k0p1,,,,,0,,,0,0,0,,,,,,,,,,,,,,,,,
P01282,K23,,2017,NICHD,pre_policy,0,0,0,0,0,0,0,1,0,0,0,0,0,0,0,0,0,0,0,0,0,0,0,0,0,1,1,1,1,1,1,1,1,0,0,pre_early,0,0,0,1,0,0,0,0,0,0,0,0,0,0,0,0,0,none,k0p0,,,,,0,,,0,0,0,,,,,,,,,,,,,,,,,
P01283,K08,,2017,NIAMS,pre_policy,0,0,0,0,0,0,0,0,0,0,0,0,0,0,0,0,0,0,0,0,0,0,0,0,0,0,0,0,0,0,0,0,1,0,0,pre_early,0,0,0,1,0,0,0,0,0,0,0,0,0,0,0,0,0,none,k0p0,,,,,0,,,0,0,0,,,,,,,,,,,,,,,,,
P01284,K23,,2017,NIDDK,pre_policy,0,1,0,1,0,0,0,0,0,1,1,0,0,0,0,0,0,1,0,0,0,0,1,0,1,0,1,0,0,1,0,0,1,0,0,pre_early,1,1,1,1,1,1,1,0,0,1,1,0,1,0,0,1,0,ktrial_only,k1p0,,,,,0,,,0,0,1,1,0,1,0,0,1,0,0,0,0,1,1,0,0,1,0,0
P01285,K08,,2017,NHLBI,pre_policy,0,0,0,0,0,0,0,1,0,0,0,0,0,0,0,0,0,0,0,0,0,0,0,0,0,1,1,1,1,1,1,1,1,0,0,pre_early,0,0,0,1,0,0,0,0,0,0,0,0,0,0,0,0,0,none,k0p0,,,,,0,,,0,0,0,,,,,,,,,,,,,,,,,
P01286,K08,,2017,NHLBI,pre_policy,0,0,0,0,0,0,0,0,0,0,0,0,0,0,0,0,0,0,0,0,0,0,0,0,0,0,0,0,0,0,0,0,1,0,0,pre_early,0,0,0,1,0,0,0,0,0,0,0,0,0,0,0,0,0,none,k0p0,,,,,0,,,0,0,0,,,,,,,,,,,,,,,,,
P01287,K08,,2017,NHLBI,pre_policy,0,0,1,1,1,1,0,1,0,0,0,0,0,0,1,1,0,0,1,0,0,0,0,0,0,1,1,1,1,1,1,1,1,0,0,pre_early,0,0,0,1,1,0,1,0,0,0,0,1,0,0,1,1,0,new_trial,k0p1,,,,,0,,,0,0,0,,,,,,,,,,,,,,,,,
P01288,K08,,2017,NHLBI,pre_policy,0,0,0,0,0,0,0,0,0,0,0,0,0,0,0,0,0,0,0,0,0,0,0,0,0,0,0,0,0,0,0,0,1,0,0,pre_early,0,0,0,1,0,0,0,0,0,0,0,0,0,0,0,0,0,none,k0p0,,,,,0,,,0,0,0,,,,,,,,,,,,,,,,,
P01289,K08,,2017,NHLBI,pre_policy,0,0,0,0,0,0,0,0,0,0,0,0,0,0,0,0,0,0,0,0,0,0,0,0,0,0,1,0,0,1,0,0,1,0,0,pre_early,0,0,0,1,0,0,0,0,0,0,0,0,0,0,0,0,0,none,k0p0,,,,,0,,,0,0,0,,,,,,,,,,,,,,,,,
P01290,K08,,2017,NIAID,pre_policy,0,0,0,0,0,0,0,0,0,0,0,0,0,0,0,0,0,0,0,0,0,0,0,0,0,0,0,0,0,0,0,0,1,0,0,pre_early,0,0,0,1,0,0,0,0,0,0,0,0,0,0,0,0,0,none,k0p0,,,,,0,,,0,0,0,,,,,,,,,,,,,,,,,
P01291,K23,,2017,NIA,pre_policy,0,0,0,0,0,0,1,0,0,0,0,0,0,0,0,0,0,0,0,0,0,0,0,0,0,0,0,0,0,0,0,0,1,0,1,pre_early,0,0,0,1,0,0,0,0,0,0,0,0,0,0,0,0,0,none,k0p0,,,,,0,,,0,0,0,,,,,,,,,,,,,,,,,
P01292,K08,,2017,NINDS,pre_policy,0,0,0,0,0,0,0,0,0,0,0,0,0,0,0,0,0,0,0,0,0,0,0,0,0,0,0,0,0,0,0,0,1,0,0,pre_early,0,0,0,1,0,0,0,0,0,0,0,0,0,0,0,0,0,none,k0p0,,,,,0,,,0,0,0,,,,,,,,,,,,,,,,,
P01293,K23,,2017,NIDA,pre_policy,0,1,0,0,0,0,0,1,0,0,0,0,0,0,0,0,0,0,0,0,0,0,0,0,0,1,1,1,1,1,1,1,1,0,0,pre_early,0,0,0,1,0,0,0,0,0,0,0,0,0,0,0,0,0,none,k0p0,,,,,0,,,0,0,1,0,0,0,0,0,0,0,0,0,0,0,0,0,0,0,0,0
P01294,K23,,2017,NHLBI,pre_policy,0,0,0,0,0,0,0,0,0,0,0,0,0,0,0,0,0,0,0,0,0,0,0,0,0,0,0,0,0,0,0,0,1,0,0,pre_early,0,0,0,1,0,0,0,0,0,0,0,0,0,0,0,0,0,none,k0p0,,,,,0,,,0,0,0,,,,,,,,,,,,,,,,,
P01295,K23,,2017,NHLBI,pre_policy,0,0,0,0,0,0,0,1,0,0,0,0,0,0,0,0,0,0,0,0,0,0,0,0,0,1,1,1,1,1,1,1,1,0,0,pre_early,0,0,0,1,0,0,0,0,0,0,0,0,0,0,0,0,0,none,k0p0,,,,,0,,,0,0,0,,,,,,,,,,,,,,,,,
P01296,K08,,2017,NINDS,pre_policy,0,0,0,0,0,0,0,0,0,0,0,0,0,0,0,0,0,0,0,0,0,0,0,0,0,0,0,0,0,0,0,0,1,0,0,pre_early,0,0,0,1,0,0,0,0,0,0,0,0,0,0,0,0,0,none,k0p0,,,,,0,,,0,0,0,,,,,,,,,,,,,,,,,
P01297,K08,,2017,NINDS,pre_policy,0,0,0,0,0,0,0,0,0,0,0,0,0,0,0,0,0,0,0,0,0,0,0,0,0,0,0,0,0,0,0,0,1,0,0,pre_early,0,0,0,1,0,0,0,0,0,0,0,0,0,0,0,0,0,none,k0p0,,,,,0,,,0,0,0,,,,,,,,,,,,,,,,,
P01298,K08,,2017,NHLBI,pre_policy,0,0,0,0,0,0,0,0,0,0,0,0,0,0,0,0,0,0,0,0,0,0,0,0,0,0,0,0,0,0,0,0,1,0,0,pre_early,0,0,0,1,0,0,0,0,0,0,0,0,0,0,0,0,0,none,k0p0,,,,,0,,,0,0,0,,,,,,,,,,,,,,,,,
P01299,K23,,2017,NHLBI,pre_policy,0,0,1,1,0,1,1,1,0,0,0,0,1,0,1,0,0,0,1,0,0,0,0,0,0,1,1,1,1,1,1,1,1,0,1,pre_early,0,0,0,1,1,0,1,0,0,0,0,1,0,1,1,1,0,new_trial,k0p1,,,,,0,,,0,0,0,,,,,,,,,,,,,,,,,
P01300,K08,,2017,NHLBI,pre_policy,0,0,0,0,0,0,0,1,0,0,0,0,0,0,0,0,0,0,0,0,0,0,0,0,0,1,1,1,1,1,1,1,1,0,0,pre_early,0,0,0,1,0,0,0,0,0,0,0,0,0,0,0,0,0,none,k0p0,,,,,0,,,0,0,0,,,,,,,,,,,,,,,,,
P01301,K23,,2017,NIA,pre_policy,0,0,0,0,0,0,0,1,0,0,0,0,0,0,0,0,0,0,0,0,0,0,0,0,0,1,1,1,1,1,1,1,1,0,0,pre_early,0,0,0,1,0,0,0,0,0,0,0,0,0,0,0,0,0,none,k0p0,,,,,1,0,0,0,0,0,,,,,,,,,,,,,,,,,
P01302,K08,,2017,NCI,pre_policy,0,0,0,0,0,0,0,0,0,0,0,0,0,0,0,0,0,0,0,0,0,0,0,0,0,0,0,0,0,0,0,0,1,0,0,pre_early,0,0,0,1,0,0,0,0,0,0,0,0,0,0,0,0,0,none,k0p0,,,,,0,,,0,0,0,,,,,,,,,,,,,,,,,
P01303,K23,,2017,NHLBI,pre_policy,0,0,0,0,0,0,0,0,0,0,0,0,0,0,0,0,0,0,0,0,0,0,0,0,0,0,0,0,0,0,0,0,1,0,0,pre_early,0,0,0,1,0,0,0,0,0,0,0,0,0,0,0,0,0,none,k0p0,,,,,0,,,0,0,0,,,,,,,,,,,,,,,,,
P01304,K23,,2017,NIMH,pre_policy,0,0,0,0,0,0,0,0,0,0,0,0,0,0,0,0,0,0,0,0,0,0,0,0,0,0,0,0,0,0,0,0,1,0,0,pre_early,0,0,0,1,0,0,0,0,0,0,0,0,0,0,0,0,0,none,k0p0,,,,,0,,,0,0,0,,,,,,,,,,,,,,,,,
P01305,K08,,2017,NIAAA,pre_policy,0,0,0,0,0,0,0,0,0,0,0,0,0,0,0,0,0,0,0,0,0,0,0,0,0,0,1,0,0,1,0,0,1,0,0,pre_early,0,0,0,1,0,0,0,0,0,0,0,0,0,0,0,0,0,none,k0p0,,,,,0,,,0,0,0,,,,,,,,,,,,,,,,,
P01306,K23,,2017,NICHD,pre_policy,0,1,1,1,1,1,0,1,0,0,0,1,1,1,1,1,0,0,1,1,1,1,0,0,0,1,1,1,1,1,1,1,1,0,0,pre_early,0,0,0,1,1,0,1,0,0,0,0,1,0,0,1,1,0,new_trial,k0p1,,,,,0,,,0,0,1,0,0,0,0,0,0,0,0,0,0,0,0,0,0,0,0,0
P01307,K23,,2017,NICHD,pre_policy,0,1,0,1,0,0,0,0,0,1,0,0,0,0,0,0,0,1,0,0,0,0,1,1,0,0,0,0,0,0,0,0,1,0,0,pre_early,1,0,0,1,1,1,1,1,0,0,1,0,1,0,0,1,0,ktrial_only,k1p0,,,,,0,,,0,0,1,1,1,0,0,0,1,0,0,1,0,1,1,0,0,0,1,1
P01308,K08,,2017,NIAAA,pre_policy,0,0,0,0,0,0,0,0,0,0,0,0,0,0,0,0,0,0,0,0,0,0,0,0,0,0,0,0,0,0,0,0,1,0,0,pre_early,0,0,0,1,0,0,0,0,0,0,0,0,0,0,0,0,0,none,k0p0,,,,,0,,,0,0,0,,,,,,,,,,,,,,,,,
P01309,K23,,2017,NICHD,pre_policy,0,0,0,0,0,0,0,0,0,0,0,0,0,0,0,0,0,0,0,0,0,0,0,0,0,0,0,0,0,0,0,0,1,0,0,pre_early,0,0,0,1,0,0,0,0,0,0,0,0,0,0,0,0,0,none,k0p0,,,,,0,,,0,0,0,,,,,,,,,,,,,,,,,
P01310,K08,,2017,NCI,pre_policy,0,0,1,1,1,1,0,0,0,0,0,0,0,0,1,0,0,0,1,0,0,0,0,0,0,0,0,0,0,0,0,0,1,0,0,pre_early,0,0,0,1,1,0,1,0,0,0,0,1,0,1,1,1,0,new_trial,k0p1,,,,,0,,,0,0,0,,,,,,,,,,,,,,,,,
P01311,K08,,2017,NIMH,pre_policy,0,0,0,0,0,0,0,0,0,0,0,0,0,0,0,0,0,0,0,0,0,0,0,0,0,0,0,0,0,0,0,0,1,0,0,pre_early,0,0,0,1,1,1,1,0,0,0,0,0,0,0,0,1,0,none,k0p0,,,,,0,,,0,0,0,,,,,,,,,,,,,,,,,
P01312,K08,,2017,NIDDK,pre_policy,0,0,0,0,0,0,0,0,0,0,0,0,0,0,0,0,0,0,0,0,0,0,0,0,0,1,1,1,1,1,1,1,1,0,0,pre_early,0,0,0,1,0,0,0,0,0,0,0,0,0,0,0,0,0,none,k0p0,,,,,0,,,0,0,0,,,,,,,,,,,,,,,,,
P01313,K23,,2017,NICHD,pre_policy,0,0,0,0,0,0,0,0,0,0,0,0,0,0,0,0,0,0,0,0,0,0,0,0,0,0,1,0,0,1,0,0,1,0,0,pre_early,0,0,0,1,1,1,1,0,0,0,0,0,0,0,0,1,0,none,k0p0,,,,,0,,,0,0,0,,,,,,,,,,,,,,,,,
P01314,K23,,2017,NIA,pre_policy,0,0,0,0,0,0,1,0,0,0,0,0,0,0,0,0,0,0,0,0,0,0,0,0,0,0,0,1,0,0,0,1,1,0,1,pre_early,0,0,0,1,0,0,0,0,0,0,0,0,0,0,0,0,0,none,k0p0,,,,,0,,,0,0,0,,,,,,,,,,,,,,,,,
P01315,K08,,2017,NIMH,pre_policy,0,0,0,0,0,0,0,1,0,0,0,0,0,0,0,0,0,0,0,0,0,0,0,0,0,1,1,1,1,1,1,1,1,0,0,pre_early,0,0,0,1,0,0,0,0,0,0,0,0,0,0,0,0,0,none,k0p0,,,,,0,,,0,0,0,,,,,,,,,,,,,,,,,
P01316,K23,,2017,NIMH,pre_policy,0,1,1,1,0,1,0,0,1,1,0,0,1,1,1,0,0,1,1,0,1,0,1,1,0,0,0,0,0,0,0,0,1,0,0,pre_early,1,1,1,1,1,0,1,1,0,0,1,1,1,1,1,1,0,new_trial,k1p1,,,,,0,,,0,0,1,1,1,0,0,0,1,0,0,1,0,1,1,0,0,1,0,0
P01317,K23,,2017,NIMH,pre_policy,0,1,0,1,0,0,0,0,1,1,0,0,0,0,0,0,0,1,0,0,0,0,1,0,1,0,0,0,0,0,0,0,1,0,0,pre_early,0,0,0,1,0,0,0,0,0,1,1,0,1,0,0,0,0,ktrial_only,k1p0,,,,,0,,,0,0,1,1,0,1,0,0,1,0,0,0,0,0,0,0,0,0,0,0
P01318,K08,,2017,NIGMS,pre_policy,0,0,0,0,0,0,0,0,0,0,0,0,0,0,0,0,0,0,0,0,0,0,0,0,0,0,0,0,0,0,0,0,1,0,0,pre_early,0,0,0,1,0,0,0,0,0,0,0,0,0,0,0,0,0,none,k0p0,,,,,0,,,0,0,0,,,,,,,,,,,,,,,,,
P01319,K23,,2017,NIA,pre_policy,0,0,0,0,0,0,0,0,0,0,0,0,0,0,0,0,0,0,0,0,0,0,0,0,0,0,0,0,0,0,0,0,1,0,0,pre_early,0,0,0,1,0,0,0,0,0,0,0,0,0,0,0,0,0,none,k0p0,,,,,0,,,0,0,0,,,,,,,,,,,,,,,,,
P01320,K23,,2017,NICHD,pre_policy,0,0,0,0,0,0,0,0,0,0,0,0,0,0,0,0,0,0,0,0,0,0,0,0,0,0,1,0,0,1,0,0,1,0,0,pre_early,0,0,0,1,0,0,0,0,0,0,0,0,0,0,0,0,1,none,k0p0,k0p0,k0p0,k0p0,k0p0,0,,,0,0,0,,,,,,,,,,,,,,,,,
P01321,K08,,2017,NIDA,pre_policy,0,0,0,0,0,0,0,0,0,0,0,0,0,0,0,0,0,0,0,0,0,0,0,0,0,0,0,0,0,0,0,0,1,0,0,pre_early,0,0,0,1,0,0,0,0,0,0,0,0,0,0,0,0,0,none,k0p0,,,,,0,,,0,0,0,,,,,,,,,,,,,,,,,
P01322,K23,,2017,NINR,pre_policy,0,1,0,1,0,0,0,1,0,1,0,0,0,0,0,0,0,1,0,0,0,0,1,1,1,1,1,1,1,1,1,1,1,0,0,pre_early,1,1,0,1,0,0,0,1,0,1,1,0,1,0,0,0,0,ktrial_only,k1p0,,,,,0,,,0,0,1,1,1,0,1,0,1,1,1,1,0,1,1,1,0,1,1,1
P01323,K23,,2017,NHLBI,pre_policy,0,0,1,1,0,1,0,0,0,0,0,0,0,0,1,0,0,0,1,0,0,0,0,0,0,0,0,0,0,0,0,0,1,0,0,pre_early,0,0,0,1,1,0,1,0,0,0,0,1,0,0,1,1,0,new_trial,k0p1,,,,,0,,,0,0,0,,,,,,,,,,,,,,,,,
P01324,K23,,2017,NHLBI,pre_policy,0,1,1,1,0,0,0,0,0,1,0,0,1,1,1,1,0,1,1,0,0,0,1,0,1,0,1,0,0,1,0,0,1,0,0,pre_early,1,1,1,1,1,0,1,0,0,1,1,1,1,0,1,1,0,new_trial,k1p1,,,,,0,,,0,0,1,1,0,1,0,0,1,0,0,0,0,1,1,1,0,1,1,1
P01325,K08,,2017,NINDS,pre_policy,0,0,0,0,0,0,0,0,0,0,0,0,0,0,0,0,0,0,0,0,0,0,0,0,0,0,1,0,0,1,0,0,1,0,0,pre_early,0,0,0,1,0,0,0,0,0,0,0,0,0,0,0,0,0,none,k0p0,,,,,0,,,0,0,0,,,,,,,,,,,,,,,,,
P01326,K08,,2017,NIAMS,pre_policy,0,0,0,0,0,0,0,0,0,0,0,0,0,0,0,0,0,0,0,0,0,0,0,0,0,0,0,0,0,0,0,0,1,0,0,pre_early,0,0,0,1,0,0,0,0,0,0,0,0,0,0,0,0,0,none,k0p0,,,,,0,,,0,0,0,,,,,,,,,,,,,,,,,
P01327,K08,,2017,NCI,pre_policy,0,0,0,0,0,0,1,0,0,0,0,0,0,0,0,0,0,0,0,0,0,0,0,0,0,0,0,0,0,0,0,0,1,0,1,pre_early,0,0,0,1,0,0,0,0,0,0,0,0,0,0,0,0,0,none,k0p0,,,,,0,,,0,0,0,,,,,,,,,,,,,,,,,
P01328,K23,,2017,NIDDK,pre_policy,0,1,0,1,0,0,0,0,0,1,0,0,0,0,0,0,0,1,0,0,0,0,1,0,1,0,0,0,0,0,0,0,1,0,0,pre_early,0,0,0,1,0,0,0,0,0,1,1,0,0,0,0,0,0,ktrial_only,k1p0,,,,,0,,,0,0,1,1,0,1,0,0,1,0,0,0,0,1,0,0,1,1,1,1
P01329,K08,,2017,NHLBI,pre_policy,0,0,0,0,0,0,0,1,0,0,0,0,0,0,0,0,0,0,0,0,0,0,0,0,0,1,1,1,1,1,1,1,1,0,0,pre_early,0,0,0,1,0,0,0,0,0,0,0,0,0,0,0,0,0,none,k0p0,,,,,0,,,0,0,0,,,,,,,,,,,,,,,,,
P01330,K08,,2017,NCI,pre_policy,0,0,1,1,1,1,0,0,0,0,0,0,0,0,1,0,0,0,1,0,0,0,0,0,0,0,1,0,0,1,0,0,1,0,0,pre_early,0,0,0,1,1,0,1,0,0,0,0,1,0,1,1,1,0,new_trial,k0p1,,,,,0,,,0,0,0,,,,,,,,,,,,,,,,,
P01331,K08,,2017,NHLBI,pre_policy,0,0,0,0,0,0,0,0,0,0,0,0,0,0,0,0,0,0,0,0,0,0,0,0,0,0,0,0,0,0,0,0,1,0,0,pre_early,0,0,0,1,0,0,0,0,0,0,0,0,0,0,0,0,0,none,k0p0,,,,,0,,,0,0,0,,,,,,,,,,,,,,,,,
P01332,K23,,2017,NHLBI,pre_policy,0,0,1,1,1,1,0,0,0,0,0,0,0,0,1,0,0,0,1,0,0,0,0,0,0,0,0,0,0,1,0,0,1,0,0,pre_early,0,0,0,1,1,0,1,0,0,0,0,1,0,1,1,1,0,new_trial,k0p1,,,,,0,,,0,0,0,,,,,,,,,,,,,,,,,
P01333,K23,,2017,NCI,pre_policy,0,1,0,0,0,0,1,0,0,0,0,0,0,0,0,0,0,0,0,0,0,0,0,0,0,0,1,0,0,1,0,0,1,0,1,pre_early,0,0,0,1,1,1,1,0,0,0,0,0,0,0,0,1,0,none,k0p0,,,,,0,,,0,0,1,0,0,0,0,0,0,0,0,0,0,0,0,0,0,0,0,0
P01334,K23,,2017,NHLBI,pre_policy,0,0,0,0,0,0,0,0,0,0,0,0,0,0,0,0,0,0,0,0,0,0,0,0,0,0,0,0,0,0,0,0,1,0,0,pre_early,0,0,0,1,0,0,0,0,0,0,0,0,0,0,0,0,0,none,k0p0,,,,,0,,,0,0,0,,,,,,,,,,,,,,,,,
P01335,K23,,2017,NIMH,pre_policy,0,1,0,1,0,0,0,0,0,1,0,0,0,0,0,0,0,1,0,0,0,0,1,1,0,0,0,0,0,0,0,0,1,0,0,pre_early,1,0,0,1,0,0,0,1,0,0,1,0,1,0,0,0,0,ktrial_only,k1p0,,,,,0,,,0,0,1,1,1,0,0,0,1,0,0,1,0,1,1,1,0,0,1,1
P01336,K23,,2017,NHLBI,pre_policy,0,1,0,1,0,0,0,0,0,1,0,0,0,0,0,0,0,1,0,0,0,0,1,1,0,0,0,0,0,0,0,0,1,0,0,pre_early,1,1,0,1,1,1,1,1,0,0,1,0,0,0,0,1,0,ktrial_only,k1p0,,,,,0,,,0,0,1,1,1,0,0,0,1,0,0,1,0,1,1,0,0,1,0,0
P01337,K23,,2017,NINDS,pre_policy,0,1,0,0,0,0,0,1,0,0,0,0,0,0,0,0,0,0,0,0,0,0,0,0,0,1,1,1,1,1,1,1,1,0,0,pre_early,0,0,0,1,0,0,0,0,0,0,0,0,0,0,0,0,0,none,k0p0,,,,,0,,,0,0,1,0,0,0,0,0,0,0,0,0,0,0,0,0,0,0,0,0
P01338,K08,,2017,NIA,pre_policy,0,0,0,0,0,0,0,1,0,0,0,0,0,0,0,0,0,0,0,0,0,0,0,0,0,1,1,1,1,1,1,1,1,0,0,pre_early,0,0,0,1,0,0,0,0,0,0,0,0,0,0,0,0,0,none,k0p0,,,,,0,,,0,0,0,,,,,,,,,,,,,,,,,
P01339,K08,,2017,NIAID,pre_policy,0,0,0,0,0,0,0,0,0,0,0,0,0,0,0,0,0,0,0,0,0,0,0,0,0,0,1,0,0,1,0,0,1,0,0,pre_early,0,0,0,1,0,0,0,0,0,0,0,0,0,0,0,0,0,none,k0p0,,,,,0,,,0,0,0,,,,,,,,,,,,,,,,,
P01340,K23,,2017,NHLBI,pre_policy,0,0,0,0,0,0,0,0,0,0,0,0,0,0,0,0,0,0,0,0,0,0,0,0,0,0,0,0,0,0,0,0,1,0,0,pre_early,0,0,0,1,0,0,0,0,0,0,0,0,0,0,0,0,0,none,k0p0,,,,,0,,,0,0,0,,,,,,,,,,,,,,,,,
P01341,K08,,2017,NIAAA,pre_policy,0,0,0,0,0,0,0,0,0,0,0,0,0,0,0,0,0,0,0,0,0,0,0,0,0,0,0,0,0,0,0,0,1,0,0,pre_early,0,0,0,1,0,0,0,0,0,0,0,0,0,0,0,0,0,none,k0p0,,,,,0,,,0,0,0,,,,,,,,,,,,,,,,,
P01342,K08,,2017,NCI,pre_policy,0,0,0,0,0,0,0,0,0,0,0,0,0,0,0,0,0,0,0,0,0,0,0,0,0,0,0,0,0,0,0,0,1,0,0,pre_early,0,0,0,1,0,0,0,0,0,0,0,0,0,0,0,0,0,none,k0p0,,,,,0,,,0,0,0,,,,,,,,,,,,,,,,,
P01343,K23,,2017,NIA,pre_policy,0,1,1,1,0,1,0,1,0,0,0,0,1,1,1,1,0,0,1,1,1,0,0,0,0,1,1,1,1,1,1,1,1,0,0,pre_early,0,0,0,1,1,0,1,0,0,0,0,1,0,0,1,1,0,new_trial,k0p1,,,,,1,1,1,0,0,1,0,0,0,0,0,0,0,0,0,0,0,0,0,0,0,0,0
P01344,K08,,2017,NIA,pre_policy,0,0,0,0,0,0,0,0,0,0,0,0,0,0,0,0,0,0,0,0,0,0,0,0,0,0,0,0,0,0,0,0,1,0,0,pre_early,0,0,0,1,0,0,0,0,0,0,0,0,0,0,0,0,0,none,k0p0,,,,,0,,,0,0,0,,,,,,,,,,,,,,,,,
P01345,K23,,2017,NHLBI,pre_policy,0,0,0,0,0,0,0,0,0,0,0,0,0,0,0,0,0,0,0,0,0,0,0,0,0,0,1,0,0,1,0,0,1,0,0,pre_early,0,0,0,1,0,0,0,0,0,0,0,0,0,0,0,0,0,none,k0p0,,,,,0,,,0,0,0,,,,,,,,,,,,,,,,,
P01346,K23,,2017,NINDS,pre_policy,0,0,1,1,1,1,1,1,0,0,0,1,1,1,1,1,0,0,1,1,0,0,0,0,0,1,1,1,1,1,1,1,1,0,1,pre_early,0,0,0,1,1,0,1,0,0,0,0,1,0,0,1,1,0,new_trial,k0p1,,,,,0,,,0,0,0,,,,,,,,,,,,,,,,,
P01347,K23,,2017,NHLBI,pre_policy,0,0,0,0,0,0,0,1,0,0,0,0,0,0,1,0,0,0,0,0,0,0,0,0,0,1,1,1,1,1,1,1,1,0,0,pre_early,0,0,0,1,0,0,0,0,0,0,0,0,0,0,0,0,0,none,k0p0,,,,,1,0,0,0,0,0,,,,,,,,,,,,,,,,,
P01348,K08,,2017,NCI,pre_policy,0,0,0,0,0,0,0,0,0,0,0,0,0,0,0,0,0,0,0,0,0,0,0,0,0,0,1,0,0,1,0,0,1,0,0,pre_early,0,0,0,1,0,0,0,0,0,0,0,0,0,0,0,0,0,none,k0p0,,,,,0,,,0,0,0,,,,,,,,,,,,,,,,,
P01349,K23,,2017,NHLBI,pre_policy,0,0,1,1,1,0,0,0,0,0,0,1,1,1,1,1,0,0,1,1,0,0,0,0,0,0,1,0,0,1,0,0,1,0,0,pre_early,0,0,0,1,1,0,1,0,0,0,0,1,0,1,1,1,0,new_trial,k0p1,,,,,0,,,0,0,0,,,,,,,,,,,,,,,,,
P01350,K23,,2017,NIMH,pre_policy,0,1,0,1,0,0,0,0,0,1,0,0,0,0,0,0,0,1,0,0,0,0,1,1,0,0,0,0,0,0,0,0,1,0,0,pre_early,1,0,0,1,0,0,0,1,0,0,1,0,1,0,0,0,0,ktrial_only,k1p0,,,,,0,,,0,0,1,1,1,0,0,0,1,0,0,1,0,1,1,0,0,0,0,0
P01351,K23,,2017,NIMH,pre_policy,0,0,1,1,0,1,0,0,0,0,0,0,1,0,1,0,0,0,1,0,0,0,0,0,0,0,1,0,0,1,0,0,1,0,0,pre_early,0,0,0,1,1,0,1,0,0,0,0,1,0,0,1,1,0,new_trial,k0p1,,,,,0,,,0,0,0,,,,,,,,,,,,,,,,,
P01352,K23,,2017,NICHD,pre_policy,0,0,0,0,0,0,0,1,0,0,0,0,0,0,0,0,0,0,0,0,0,0,0,0,0,1,1,1,1,1,1,1,1,0,0,pre_early,0,0,0,1,0,0,0,0,0,0,0,0,0,0,0,0,0,none,k0p0,,,,,0,,,0,0,0,,,,,,,,,,,,,,,,,
P01353,K23,,2017,NIAID,pre_policy,0,0,0,0,0,0,0,1,0,0,0,0,0,0,0,0,0,0,0,0,0,0,0,0,0,1,1,1,1,1,1,1,1,0,0,pre_early,0,0,0,1,1,1,1,0,0,0,0,0,0,0,0,1,0,none,k0p0,,,,,0,,,0,0,0,,,,,,,,,,,,,,,,,
P01354,K23,,2017,NIMH,pre_policy,0,1,0,1,0,0,0,0,0,1,0,0,0,0,0,0,0,1,0,0,0,0,1,1,0,0,0,0,0,0,0,0,1,0,0,pre_early,1,1,0,1,0,0,0,1,0,0,1,0,0,0,0,0,0,ktrial_only,k1p0,,,,,0,,,0,0,1,1,1,0,0,0,1,0,0,1,0,1,1,1,0,1,1,1
P01355,K08,,2017,NIAMS,pre_policy,0,0,0,0,0,0,0,1,0,0,0,0,0,0,0,0,0,0,0,0,0,0,0,0,0,1,1,1,1,1,1,1,1,0,0,pre_early,0,0,0,1,0,0,0,0,0,0,0,0,0,0,0,0,0,none,k0p0,,,,,0,,,0,0,0,,,,,,,,,,,,,,,,,
P01356,K08,,2017,NHLBI,pre_policy,0,0,0,0,0,0,0,0,0,0,0,0,0,0,0,0,0,0,0,0,0,0,0,0,0,0,1,0,0,1,0,0,1,0,0,pre_early,0,0,0,1,0,0,0,0,0,0,0,0,0,0,0,0,0,none,k0p0,,,,,0,,,0,0,0,,,,,,,,,,,,,,,,,
P01357,K08,,2017,NHLBI,pre_policy,0,0,0,0,0,0,0,0,0,0,0,0,0,0,0,0,0,0,0,0,0,0,0,0,0,0,0,0,0,0,0,0,1,0,0,pre_early,0,0,0,1,0,0,0,0,0,0,0,0,0,0,0,0,0,none,k0p0,,,,,0,,,0,0,0,,,,,,,,,,,,,,,,,
P01358,K08,,2017,NHLBI,pre_policy,0,0,0,0,0,0,0,0,0,0,0,0,0,0,0,0,0,0,0,0,0,0,0,0,0,0,0,0,0,0,0,0,1,0,0,pre_early,0,0,0,1,0,0,0,0,0,0,0,0,0,0,0,0,0,none,k0p0,,,,,0,,,0,0,0,,,,,,,,,,,,,,,,,
P01359,K08,,2017,NHLBI,pre_policy,0,0,0,0,0,0,0,1,0,0,0,0,0,0,0,0,0,0,0,0,0,0,0,0,0,1,1,1,1,1,1,1,1,0,0,pre_early,0,0,0,1,0,0,0,0,0,0,0,0,0,0,0,0,0,none,k0p0,,,,,0,,,0,0,0,,,,,,,,,,,,,,,,,
P01360,K23,,2017,NHLBI,pre_policy,0,0,0,0,0,0,0,0,0,0,0,0,0,0,0,0,0,0,0,0,0,0,0,0,0,0,0,0,0,0,0,0,1,0,0,pre_early,0,0,0,1,0,0,0,0,0,0,0,0,0,0,0,0,0,none,k0p0,,,,,0,,,0,0,0,,,,,,,,,,,,,,,,,
P01361,K08,,2017,NIDA,pre_policy,0,1,0,0,0,0,1,0,0,0,0,0,0,0,0,0,0,0,0,0,0,0,1,0,0,0,0,0,0,0,0,0,1,0,1,pre_early,0,0,0,1,0,0,0,0,0,0,0,0,0,0,0,0,0,none,k0p0,,,,,0,,,0,0,0,,,,,,,,,,,,,,,,,
P01362,K23,,2017,NIDA,pre_policy,0,1,0,0,0,0,0,0,0,0,0,0,0,0,0,0,0,0,0,0,0,0,0,0,0,0,0,0,0,0,0,0,1,0,0,pre_early,0,0,0,1,0,0,0,0,0,0,0,0,0,0,0,0,0,none,k0p0,,,,,0,,,0,0,1,0,0,0,0,0,0,0,0,0,0,0,0,0,0,0,0,0
P01363,K23,,2017,NIA,pre_policy,0,1,0,1,0,0,0,0,0,1,0,0,0,0,0,0,0,1,0,0,0,0,1,1,0,0,0,0,0,0,0,0,1,0,0,pre_early,1,1,1,1,0,0,0,1,0,0,1,0,0,0,0,0,0,ktrial_only,k1p0,,,,,0,,,0,0,1,1,0,1,0,0,1,0,0,0,1,1,1,1,0,1,0,0
P01364,K23,,2017,NIDA,pre_policy,0,1,1,1,1,1,0,0,0,1,0,0,1,1,1,1,0,1,1,0,0,0,1,1,0,0,0,0,0,0,0,0,1,0,0,pre_early,1,1,0,1,1,0,1,1,0,0,1,1,1,0,1,1,0,new_trial,k1p1,,,,,0,,,0,0,1,1,1,1,0,0,1,0,0,1,1,1,1,1,1,1,0,0
P01365,K23,,2017,NIDA,pre_policy,0,1,1,1,0,1,1,1,1,0,0,0,0,0,1,0,0,0,1,0,0,0,0,0,0,1,1,1,1,1,1,1,1,0,1,pre_early,0,0,0,1,1,0,1,0,0,0,0,1,0,1,1,1,1,new_trial,k0p1,k0p1,k0p1,k0p1,k0p1,0,,,0,0,1,0,0,0,0,0,0,0,0,0,0,0,0,0,0,0,0,0
P01366,K23,,2017,NIDDK,pre_policy,0,0,1,1,0,1,0,0,0,0,0,0,1,0,1,1,0,0,1,0,1,1,0,0,0,0,1,0,0,1,0,0,1,0,0,pre_early,0,0,0,1,1,0,1,0,0,0,0,1,0,1,1,1,0,new_trial,k0p1,,,,,0,,,0,0,0,,,,,,,,,,,,,,,,,
P01367,K23,,2017,NHLBI,pre_policy,0,0,1,1,0,0,0,1,0,0,0,1,1,0,1,1,0,0,1,0,0,0,0,0,0,1,1,1,1,1,1,1,1,0,0,pre_early,0,0,0,1,1,0,1,0,0,0,0,1,0,1,1,1,0,new_trial,k0p1,,,,,0,,,0,0,0,,,,,,,,,,,,,,,,,
P01368,K23,,2017,NIDA,pre_policy,0,0,0,0,0,0,0,0,0,0,0,0,0,0,0,0,0,0,0,0,0,0,0,0,0,0,1,0,0,1,0,0,1,0,0,pre_early,0,0,0,1,0,0,0,0,0,0,0,0,0,0,0,0,0,none,k0p0,,,,,0,,,0,0,0,,,,,,,,,,,,,,,,,
P01369,K23,,2017,NHLBI,pre_policy,0,0,1,1,1,0,0,0,0,0,0,0,0,0,1,1,0,0,1,0,0,0,0,0,0,0,0,0,0,0,0,0,1,0,0,pre_early,0,0,0,1,1,0,1,0,0,0,0,1,0,1,1,1,0,new_trial,k0p1,,,,,0,,,0,0,0,,,,,,,,,,,,,,,,,
P01370,K23,,2017,NIDA,pre_policy,0,1,0,1,0,0,0,0,0,1,1,0,0,0,0,0,0,1,0,0,0,0,1,1,0,0,0,0,0,0,0,0,1,0,0,pre_early,1,1,1,1,0,0,0,1,0,0,1,0,1,0,0,0,1,ktrial_only,k1p0,k1p0,k1p0,k1p0,k1p0,0,,,0,0,1,1,1,0,0,0,1,0,0,1,0,1,1,1,1,1,0,0
P01371,K08,,2017,NIDDK,pre_policy,0,0,0,0,0,0,0,0,0,0,0,0,0,0,0,0,0,0,0,0,0,0,0,0,0,0,0,0,0,0,0,0,1,0,0,pre_early,0,0,0,1,0,0,0,0,0,0,0,0,0,0,0,0,0,none,k0p0,,,,,0,,,0,0,0,,,,,,,,,,,,,,,,,
P01372,K23,,2017,NHLBI,pre_policy,0,0,0,0,0,0,0,0,0,0,0,0,0,0,0,0,0,0,0,0,0,0,0,0,0,0,1,0,0,1,0,0,1,0,0,pre_early,0,0,0,1,0,0,0,0,0,0,0,0,0,0,0,0,0,none,k0p0,,,,,0,,,0,0,0,,,,,,,,,,,,,,,,,
P01373,K08,,2017,NIGMS,pre_policy,0,0,0,0,0,0,0,0,0,0,0,0,0,0,0,0,0,0,0,0,0,0,0,0,0,1,1,1,1,1,1,1,1,0,0,pre_early,0,0,0,1,1,1,1,0,0,0,0,0,0,0,0,1,0,none,k0p0,,,,,0,,,0,0,0,,,,,,,,,,,,,,,,,
P01374,K23,,2017,NHLBI,pre_policy,0,1,0,1,0,0,0,0,0,1,1,0,0,0,0,0,0,0,0,0,0,0,1,1,0,0,0,0,0,0,0,0,1,0,0,pre_early,0,0,0,1,0,0,0,1,0,0,1,0,1,0,0,0,0,ktrial_only,k1p0,,,,,0,,,0,0,1,1,1,0,0,0,1,0,0,1,0,1,0,0,0,0,1,1
P01375,K23,,2017,NHLBI,pre_policy,0,0,0,0,0,0,0,0,0,0,0,0,0,0,0,0,0,0,0,0,0,0,0,0,0,0,1,0,0,1,0,0,1,0,0,pre_early,0,0,0,1,0,0,0,0,0,0,0,0,0,0,0,0,0,none,k0p0,,,,,0,,,0,0,0,,,,,,,,,,,,,,,,,
P01376,K23,,2017,NHLBI,pre_policy,0,1,0,0,0,0,0,0,0,0,0,0,0,0,0,0,0,0,0,0,0,0,0,0,0,0,0,0,0,0,0,0,1,0,0,pre_early,0,0,0,1,0,0,0,0,0,0,0,0,0,0,0,0,0,none,k0p0,,,,,0,,,0,0,1,0,0,0,0,0,0,0,0,0,0,0,0,0,0,0,0,0
P01377,K23,,2017,NHLBI,pre_policy,0,1,0,0,0,0,0,0,0,0,0,0,0,0,0,0,0,0,0,0,0,0,0,0,0,0,0,0,0,0,0,0,1,0,0,pre_early,0,0,0,1,1,1,1,0,0,0,0,0,0,0,0,1,0,none,k0p0,,,,,0,,,0,0,1,0,0,0,0,0,0,0,0,0,0,0,0,0,0,0,0,0
P01378,K23,,2017,NICHD,pre_policy,0,0,1,1,1,1,0,1,0,0,0,0,0,0,1,0,0,0,1,0,0,0,0,0,0,1,1,1,1,1,1,1,1,0,0,pre_early,0,0,0,1,1,0,1,0,0,0,0,1,0,0,1,1,0,new_trial,k0p1,,,,,0,,,0,0,0,,,,,,,,,,,,,,,,,
P01379,K23,,2017,NIMH,pre_policy,0,1,0,1,0,0,1,0,0,1,0,0,0,0,0,0,0,1,0,0,0,0,1,1,0,0,0,0,0,0,0,0,1,0,1,pre_early,1,0,0,1,1,1,1,1,0,0,1,0,1,0,0,1,0,ktrial_only,k1p0,,,,,0,,,0,0,1,1,1,0,0,0,1,0,0,1,0,1,1,0,0,0,0,0
P01380,K23,,2017,NICHD,pre_policy,0,0,0,0,0,0,0,1,0,0,0,0,0,0,0,0,0,0,0,0,0,0,0,0,0,1,1,1,1,1,1,1,1,0,0,pre_early,0,0,0,1,0,0,0,0,0,0,0,0,0,0,0,0,0,none,k0p0,,,,,0,,,0,0,0,,,,,,,,,,,,,,,,,
P01381,K23,,2017,NIDA,pre_policy,0,1,1,1,1,1,1,0,1,0,0,0,1,0,1,0,0,0,1,0,1,1,1,0,0,0,0,0,0,0,0,0,1,0,0,pre_early,0,0,0,1,1,0,1,0,0,0,0,1,0,1,1,1,0,new_trial,k0p1,,,,,0,,,0,1,1,0,0,0,0,0,0,0,0,0,0,0,0,0,0,0,0,0
P01382,K08,,2017,NIDDK,pre_policy,0,0,0,0,0,0,0,1,0,0,0,0,0,0,0,0,0,0,0,0,0,0,0,0,0,1,1,1,1,1,1,1,1,0,0,pre_early,0,0,0,1,0,0,0,0,0,0,0,0,0,0,0,0,0,none,k0p0,,,,,0,,,0,1,0,,,,,,,,,,,,,,,,,
P01383,K23,,2017,NHLBI,pre_policy,0,0,1,1,1,1,0,0,0,0,0,1,0,0,1,1,0,0,1,0,1,0,0,0,0,0,0,0,0,0,0,0,1,0,0,pre_early,0,0,0,1,1,0,1,0,0,0,0,1,0,0,1,1,0,new_trial,k0p1,,,,,0,,,0,1,0,,,,,,,,,,,,,,,,,
P01384,K08,,2017,NHLBI,pre_policy,0,0,0,0,0,0,0,0,0,0,0,0,0,0,0,0,0,0,0,0,0,0,0,0,0,0,0,0,0,0,0,0,1,0,0,pre_early,0,0,0,1,0,0,0,0,0,0,0,0,0,0,0,0,0,none,k0p0,,,,,0,,,0,1,0,,,,,,,,,,,,,,,,,
P01385,K23,,2017,NEI,pre_policy,0,0,0,0,0,0,1,0,0,0,0,0,0,0,0,0,0,0,0,0,0,0,0,0,0,0,1,0,0,1,0,0,1,0,1,pre_early,0,0,0,1,0,0,0,0,0,0,0,0,0,0,0,0,0,none,k0p0,,,,,0,,,0,1,0,,,,,,,,,,,,,,,,,
P01386,K23,,2017,NHLBI,pre_policy,0,1,0,0,0,0,0,0,0,0,0,0,0,0,0,0,0,0,0,0,0,0,0,0,0,0,1,0,1,1,1,1,1,0,0,pre_early,0,0,0,1,0,0,0,0,0,0,0,0,0,0,0,0,0,none,k0p0,,,,,0,,,0,1,1,0,0,0,0,0,0,0,0,0,0,0,0,0,0,0,0,0
P01387,K23,,2017,NICHD,pre_policy,0,0,0,0,0,0,0,1,0,0,0,0,0,0,0,0,0,0,0,0,0,0,0,0,0,1,1,1,1,1,1,1,1,0,0,pre_early,0,0,0,1,1,1,1,0,0,0,0,0,0,0,0,1,0,none,k0p0,,,,,0,,,0,1,0,,,,,,,,,,,,,,,,,
P01388,K08,,2017,NCI,pre_policy,0,0,0,0,0,0,0,0,0,0,0,0,0,0,0,0,0,0,0,0,0,0,0,0,0,0,0,0,0,0,0,0,1,0,0,pre_early,0,0,0,1,0,0,0,0,0,0,0,0,0,0,0,0,0,none,k0p0,,,,,0,,,0,1,0,,,,,,,,,,,,,,,,,
P01389,K08,,2017,NIGMS,pre_policy,0,0,0,0,0,0,0,0,0,0,0,0,0,0,0,0,0,0,0,0,0,0,0,0,0,0,1,0,0,1,0,0,1,0,0,pre_early,0,0,0,1,0,0,0,0,0,0,0,0,0,0,0,0,0,none,k0p0,,,,,0,,,0,1,0,,,,,,,,,,,,,,,,,
P01390,K08,,2017,NCI,pre_policy,0,0,0,0,0,0,0,0,0,0,0,0,0,0,0,0,0,0,0,0,0,0,0,0,0,0,0,0,0,0,0,0,1,0,0,pre_early,0,0,0,1,0,0,0,0,0,0,0,0,0,0,0,0,0,none,k0p0,,,,,0,,,0,1,0,,,,,,,,,,,,,,,,,
P01391,K08,,2017,NIGMS,pre_policy,0,0,0,0,0,0,0,0,0,0,0,0,0,0,0,0,0,0,0,0,0,0,0,0,0,0,0,0,0,0,0,0,1,0,0,pre_early,0,0,0,1,0,0,0,0,0,0,0,0,0,0,0,0,0,none,k0p0,,,,,0,,,0,1,0,,,,,,,,,,,,,,,,,
P01392,K23,,2017,NIMH,pre_policy,0,1,1,1,0,0,0,1,1,1,0,0,1,1,1,1,0,1,1,0,1,1,1,1,0,1,1,1,1,1,1,1,1,0,0,pre_early,1,1,1,1,1,0,1,1,0,0,1,1,1,0,1,1,0,new_trial,k1p1,,,,,0,,,0,1,1,1,1,0,0,0,1,0,0,1,0,1,1,1,0,1,1,1
P01393,K23,,2017,NHLBI,pre_policy,0,1,0,1,0,0,0,0,0,1,0,0,0,0,0,0,0,1,0,0,0,0,1,1,0,0,0,0,0,0,0,0,1,0,0,pre_early,1,1,1,1,0,0,0,1,0,0,1,0,1,0,0,0,0,ktrial_only,k1p0,,,,,0,,,0,1,1,1,1,0,0,0,1,0,0,1,0,1,1,0,0,1,0,0
P01394,K23,,2017,NHLBI,pre_policy,0,0,0,0,0,0,0,0,0,0,0,0,0,0,0,0,0,0,0,0,0,0,0,0,0,0,1,0,1,1,1,1,1,0,0,pre_early,0,0,0,1,0,0,0,0,0,0,0,0,0,0,0,0,0,none,k0p0,,,,,0,,,0,1,0,,,,,,,,,,,,,,,,,
P01395,K08,,2017,NHLBI,pre_policy,0,0,1,1,0,1,0,0,0,0,0,0,1,0,1,1,0,0,1,0,0,0,0,0,0,0,0,0,0,0,0,0,1,0,0,pre_early,0,0,0,1,1,0,1,0,0,0,0,1,0,0,1,1,0,new_trial,k0p1,,,,,0,,,0,1,0,,,,,,,,,,,,,,,,,
P01396,K08,,2017,NEI,pre_policy,0,0,0,0,0,0,0,1,0,0,0,0,0,0,0,0,0,0,0,0,0,0,0,0,0,1,1,1,1,1,1,1,1,0,0,pre_early,0,0,0,1,0,0,0,0,0,0,0,0,0,0,0,0,0,none,k0p0,,,,,0,,,0,1,0,,,,,,,,,,,,,,,,,
P01397,K08,,2017,NHLBI,pre_policy,0,0,0,0,0,0,0,1,0,0,0,0,0,0,0,0,0,0,0,0,0,0,0,0,0,1,1,1,1,1,1,1,1,0,0,pre_early,0,0,0,1,0,0,0,0,0,0,0,0,0,0,0,0,0,none,k0p0,,,,,0,,,0,1,0,,,,,,,,,,,,,,,,,
P01398,K23,,2017,NIMH,pre_policy,0,1,0,1,0,0,0,0,0,1,1,0,0,0,0,0,0,1,0,0,0,0,1,0,1,0,0,0,0,0,0,0,1,0,0,pre_early,1,1,0,1,0,0,0,0,0,1,1,0,1,0,0,0,0,ktrial_only,k1p0,,,,,0,,,0,1,1,1,0,1,0,0,1,0,0,0,0,1,1,0,0,1,0,0
P01399,K08,,2017,NEI,pre_policy,0,0,0,0,0,0,0,0,0,0,0,0,0,0,0,0,0,0,0,0,0,0,0,0,0,0,0,0,0,0,0,0,1,0,0,pre_early,0,0,0,1,0,0,0,0,0,0,0,0,0,0,0,0,0,none,k0p0,,,,,0,,,0,1,0,,,,,,,,,,,,,,,,,
P01400,K23,,2017,NICHD,pre_policy,0,1,0,1,0,0,1,1,0,1,1,0,0,0,0,0,0,1,0,0,0,0,1,1,0,1,1,1,1,1,1,1,1,0,1,pre_early,1,0,0,1,1,1,1,1,0,0,1,0,1,0,0,1,0,ktrial_only,k1p0,,,,,1,1,1,0,1,1,1,0,1,0,0,1,0,0,0,1,1,1,1,0,0,0,0
P01401,K08,,2017,NIDDK,pre_policy,0,0,0,0,0,0,0,0,0,0,0,0,0,0,0,0,0,0,0,0,0,0,0,0,0,0,1,0,0,1,0,0,1,0,0,pre_early,0,0,0,1,0,0,0,0,0,0,0,0,0,0,0,0,0,none,k0p0,,,,,0,,,0,1,0,,,,,,,,,,,,,,,,,
P01402,K08,,2017,NEI,pre_policy,0,0,0,0,0,0,0,0,0,0,0,0,0,0,0,0,0,0,0,0,0,0,0,0,0,0,0,0,0,0,0,0,1,0,0,pre_early,0,0,0,1,0,0,0,0,0,0,0,0,0,0,0,0,0,none,k0p0,,,,,0,,,0,1,0,,,,,,,,,,,,,,,,,
P01403,K23,,2017,NIDA,pre_policy,0,1,1,1,1,1,0,0,0,1,0,0,1,0,1,1,0,1,1,0,0,0,1,1,0,0,1,0,0,1,0,0,1,0,0,pre_early,1,0,0,1,1,0,1,1,0,0,1,1,0,0,1,1,0,new_trial,k1p1,,,,,0,,,0,1,1,1,1,0,0,0,1,0,0,1,0,1,1,0,0,0,0,0
P01404,K08,,2017,NIDDK,pre_policy,0,0,1,1,1,1,0,1,0,0,0,0,0,0,1,0,0,0,1,0,0,0,0,0,0,1,1,1,1,1,1,1,1,0,0,pre_early,0,0,0,1,1,0,1,0,0,0,0,1,0,0,1,1,0,new_trial,k0p1,,,,,0,,,0,1,0,,,,,,,,,,,,,,,,,
P01405,K08,,2017,NIDDK,pre_policy,0,0,0,0,0,0,0,0,0,0,0,0,0,0,0,0,0,0,0,0,0,0,0,0,0,0,0,0,0,0,0,0,1,0,0,pre_early,0,0,0,1,0,0,0,0,0,0,0,0,0,0,0,0,0,none,k0p0,,,,,0,,,0,1,0,,,,,,,,,,,,,,,,,
P01406,K08,,2017,NHLBI,pre_policy,0,0,0,0,0,0,0,0,0,0,0,0,0,0,0,0,0,0,0,0,0,0,0,0,0,0,0,0,0,0,0,0,1,0,0,pre_early,0,0,0,1,0,0,0,0,0,0,0,0,0,0,0,0,0,none,k0p0,,,,,0,,,0,1,0,,,,,,,,,,,,,,,,,
P01407,K23,,2017,NIMH,pre_policy,0,0,0,0,0,0,0,0,0,0,0,0,0,0,0,0,0,0,0,0,0,0,0,0,0,0,0,0,0,0,0,0,1,0,0,pre_early,0,0,0,1,0,0,0,0,0,0,0,0,0,0,0,0,0,none,k0p0,,,,,0,,,0,1,0,,,,,,,,,,,,,,,,,
P01408,K08,,2017,NHLBI,pre_policy,0,0,0,0,0,0,0,1,0,0,0,0,0,0,0,0,0,0,0,0,0,0,0,0,0,1,1,1,1,1,1,1,1,0,0,pre_early,0,0,0,1,0,0,0,0,0,0,0,0,0,0,0,0,0,none,k0p0,,,,,0,,,0,1,0,,,,,,,,,,,,,,,,,
P01409,K23,,2017,NINDS,pre_policy,0,0,0,0,0,0,1,0,0,0,0,0,0,0,0,0,0,0,0,0,0,0,0,0,0,0,0,0,0,0,0,0,1,0,1,pre_early,0,0,0,1,1,1,1,0,0,0,0,0,0,0,0,1,0,none,k0p0,,,,,0,,,0,1,0,,,,,,,,,,,,,,,,,
P01410,K08,,2017,NHLBI,pre_policy,0,0,0,0,0,0,0,0,0,0,0,0,0,0,0,0,0,0,0,0,0,0,0,0,0,0,0,0,0,0,0,0,1,0,0,pre_early,0,0,0,1,0,0,0,0,0,0,0,0,0,0,0,0,0,none,k0p0,,,,,0,,,0,1,0,,,,,,,,,,,,,,,,,
P01411,K23,,2017,NICHD,pre_policy,0,0,0,0,0,0,0,0,0,0,0,0,0,0,0,0,0,0,0,0,0,0,0,0,0,0,0,0,0,0,0,0,1,0,0,pre_early,0,0,0,1,0,0,0,0,0,0,0,0,0,0,0,0,0,none,k0p0,,,,,0,,,0,1,0,,,,,,,,,,,,,,,,,
P01412,K08,,2017,NHLBI,pre_policy,0,0,0,0,0,0,0,0,0,0,0,0,0,0,0,0,0,0,0,0,0,0,0,0,0,0,0,0,0,0,0,0,1,0,0,pre_early,0,0,0,1,0,0,0,0,0,0,0,0,0,0,0,0,0,none,k0p0,,,,,0,,,0,1,0,,,,,,,,,,,,,,,,,
P01413,K08,,2017,NINDS,pre_policy,0,0,0,0,0,0,0,1,0,0,0,0,0,0,0,0,0,0,0,0,0,0,0,0,0,1,1,1,1,1,1,1,1,0,0,pre_early,0,0,0,1,0,0,0,0,0,0,0,0,0,0,0,0,0,none,k0p0,,,,,0,,,0,1,0,,,,,,,,,,,,,,,,,
P01414,K23,,2017,NIDDK,pre_policy,0,1,0,1,0,0,0,0,0,1,0,0,0,0,0,0,0,1,0,0,0,0,1,0,1,0,0,0,0,0,0,0,1,0,0,pre_early,1,0,0,1,0,0,0,0,0,1,1,0,1,0,0,0,0,ktrial_only,k1p0,,,,,0,,,0,1,1,1,0,1,0,0,1,0,0,0,0,1,1,1,0,0,1,1
P01415,K23,,2017,NICHD,pre_policy,0,1,1,1,0,1,0,0,0,0,0,1,1,0,1,1,0,0,1,0,0,0,0,0,0,0,0,0,0,0,0,0,1,0,0,pre_early,0,0,0,1,1,0,1,0,0,0,0,1,0,1,1,1,0,new_trial,k0p1,,,,,0,,,0,1,1,0,0,0,0,0,0,0,0,0,0,0,0,0,0,0,0,0
P01416,K08,,2017,NHLBI,pre_policy,0,0,1,1,1,1,0,0,0,0,0,0,1,1,1,0,0,0,1,0,0,0,0,0,0,0,0,0,0,0,0,0,1,0,0,pre_early,0,0,0,1,1,0,1,0,0,0,0,1,0,0,1,1,0,new_trial,k0p1,,,,,0,,,0,1,0,,,,,,,,,,,,,,,,,
P01417,K08,,2017,NEI,pre_policy,0,0,0,0,0,0,0,0,0,0,0,0,0,0,0,0,0,0,0,0,0,0,0,0,0,0,0,0,0,0,0,0,1,0,0,pre_early,0,0,0,1,0,0,0,0,0,0,0,0,0,0,0,0,0,none,k0p0,,,,,0,,,0,1,0,,,,,,,,,,,,,,,,,
P01418,K08,,2017,NINDS,pre_policy,0,0,0,0,0,0,0,1,0,0,0,0,0,0,0,0,0,0,0,0,0,0,0,0,0,1,1,1,1,1,1,1,1,0,0,pre_early,0,0,0,1,0,0,0,0,0,0,0,0,0,0,0,0,0,none,k0p0,,,,,0,,,0,1,0,,,,,,,,,,,,,,,,,
P01419,K23,,2017,NICHD,pre_policy,0,0,0,0,0,0,0,0,0,0,0,0,0,0,0,0,0,0,0,0,0,0,0,0,0,0,1,0,0,1,0,0,1,0,0,pre_early,0,0,0,1,0,0,0,0,0,0,0,0,0,0,0,0,0,none,k0p0,,,,,0,,,0,1,0,,,,,,,,,,,,,,,,,
P01420,K23,,2017,NIMH,pre_policy,0,0,1,1,0,1,0,0,0,0,0,0,1,0,1,1,0,0,1,0,0,0,0,0,0,0,0,0,0,0,0,0,1,0,0,pre_early,0,0,0,1,1,0,1,0,0,0,0,1,0,0,1,1,0,new_trial,k0p1,,,,,0,,,0,1,0,,,,,,,,,,,,,,,,,
P01421,K08,,2017,NIDDK,pre_policy,0,0,0,0,0,0,0,0,0,0,0,0,0,0,0,0,0,0,0,0,0,0,0,0,0,0,0,0,0,0,0,0,1,0,0,pre_early,0,0,0,1,0,0,0,0,0,0,0,0,0,0,0,0,0,none,k0p0,,,,,0,,,0,1,0,,,,,,,,,,,,,,,,,
P01422,K08,,2017,NIAAA,pre_policy,0,0,0,0,0,0,0,1,0,0,0,0,0,0,0,0,0,0,0,0,0,0,0,0,0,1,1,1,1,1,1,1,1,0,0,pre_early,0,0,0,1,0,0,0,0,0,0,0,0,0,0,0,0,0,none,k0p0,,,,,0,,,0,1,0,,,,,,,,,,,,,,,,,
P01423,K23,,2017,NIMH,pre_policy,0,0,0,0,0,0,0,1,0,0,0,0,0,0,0,0,0,0,0,0,0,0,0,0,0,1,1,1,1,1,1,1,1,0,0,pre_early,0,0,0,1,1,1,1,0,0,0,0,0,0,0,0,1,0,none,k0p0,,,,,0,,,0,1,0,,,,,,,,,,,,,,,,,
P01424,K23,,2017,NICHD,pre_policy,0,0,0,0,0,0,0,0,0,0,0,0,0,0,0,0,0,0,0,0,0,0,0,0,0,0,0,0,0,0,0,0,1,0,0,pre_early,0,0,0,1,0,0,0,0,0,0,0,0,0,0,0,0,0,none,k0p0,,,,,0,,,0,1,0,,,,,,,,,,,,,,,,,
P01425,K23,,2017,NIMH,pre_policy,0,1,1,1,0,1,1,0,0,1,1,0,1,0,1,1,0,1,1,0,0,0,1,1,0,0,1,0,0,1,0,0,1,0,0,pre_early,1,0,0,1,1,0,1,1,0,0,1,1,1,1,1,1,0,new_trial,k1p1,,,,,0,,,0,1,1,1,0,0,1,0,0,1,1,1,0,1,1,0,0,0,0,0
P01426,K23,,2017,NIDDK,pre_policy,0,0,0,0,0,0,0,0,0,0,0,0,0,0,0,0,0,0,0,0,0,0,0,0,0,0,1,0,0,1,0,0,1,0,0,pre_early,0,0,0,1,0,0,0,0,0,0,0,0,0,0,0,0,0,none,k0p0,,,,,0,,,0,1,0,,,,,,,,,,,,,,,,,
P01427,K23,,2017,NICHD,pre_policy,0,1,1,1,0,0,1,0,0,1,1,0,1,1,1,1,0,1,1,1,0,0,1,0,1,0,0,1,0,0,0,1,1,0,1,pre_early,0,0,0,1,1,0,1,0,0,1,1,1,1,0,1,1,1,new_trial,k1p1,k1p1,k1p1,k1p1,k1p1,0,,,0,1,1,1,0,1,0,0,1,0,0,0,0,1,0,0,1,0,0,0
P01428,K23,,2017,NIDCR,pre_policy,0,0,0,0,0,0,0,0,0,0,0,0,0,0,0,0,0,0,0,0,0,0,0,0,0,0,0,0,0,0,0,0,1,0,0,pre_early,0,0,0,1,0,0,0,0,0,0,0,0,0,0,0,0,0,none,k0p0,,,,,0,,,0,1,0,,,,,,,,,,,,,,,,,
P01429,K23,,2017,NIMH,pre_policy,0,0,0,0,0,0,0,0,0,0,0,0,0,0,0,0,0,0,0,0,0,0,0,0,0,0,1,0,0,1,0,0,1,0,0,pre_early,0,0,0,1,1,1,1,0,0,0,0,0,0,0,0,1,0,none,k0p0,,,,,0,,,0,1,0,,,,,,,,,,,,,,,,,
P01430,K08,,2017,NCI,pre_policy,0,0,1,1,1,0,1,1,0,0,0,0,0,0,1,1,0,0,1,0,0,0,0,0,0,1,1,1,1,1,1,1,1,0,1,pre_early,0,0,0,1,1,0,1,0,0,0,0,1,0,1,1,1,0,new_trial,k0p1,,,,,0,,,0,1,0,,,,,,,,,,,,,,,,,
P01431,K23,,2017,NIMH,pre_policy,0,0,0,0,0,0,0,1,0,0,0,0,0,0,0,0,0,0,0,0,0,0,0,0,0,1,1,1,1,1,1,1,1,0,0,pre_early,0,0,0,1,0,0,0,0,0,0,0,0,0,0,0,0,0,none,k0p0,,,,,0,,,0,1,0,,,,,,,,,,,,,,,,,
P01432,K23,,2017,NIMH,pre_policy,0,0,0,0,0,0,0,1,0,0,0,0,0,0,0,0,0,0,0,0,0,0,0,0,0,1,1,1,1,1,1,1,1,0,0,pre_early,0,0,0,1,0,0,0,0,0,0,0,0,0,0,0,0,0,none,k0p0,,,,,0,,,0,1,0,,,,,,,,,,,,,,,,,
P01433,K08,,2017,NIDDK,pre_policy,0,0,1,1,1,1,0,1,0,0,0,1,1,1,1,1,0,0,1,1,1,1,0,0,0,1,1,1,1,1,1,1,1,0,0,pre_early,0,0,0,1,1,0,1,0,0,0,0,1,0,1,1,1,0,new_trial,k0p1,,,,,0,,,0,1,0,,,,,,,,,,,,,,,,,
P01434,K23,,2017,NIDDK,pre_policy,0,0,1,1,0,1,0,0,0,0,0,0,1,0,1,1,0,0,1,0,0,0,0,0,0,0,0,0,0,0,0,0,1,0,0,pre_early,0,0,0,1,1,0,1,0,0,0,0,1,0,1,1,1,0,new_trial,k0p1,,,,,0,,,0,1,0,,,,,,,,,,,,,,,,,
P01435,K23,,2017,NHLBI,pre_policy,0,0,0,1,0,0,0,0,0,1,0,0,0,0,0,0,0,1,0,0,0,0,1,0,1,0,1,0,0,1,0,0,1,0,0,pre_early,1,1,1,1,1,1,1,0,0,1,1,0,0,0,0,1,1,ktrial_only,k1p0,k0p1,k0p1,k0p1,k0p1,0,,,0,1,0,,,,,,,,,,,,,,,,,
P01436,K08,,2017,NIA,pre_policy,0,0,0,0,0,0,0,1,0,0,0,0,0,0,0,0,0,0,0,0,0,0,0,0,0,1,1,1,1,1,1,1,1,0,0,pre_early,0,0,0,1,0,0,0,0,0,0,0,0,0,0,0,0,0,none,k0p0,,,,,0,,,0,1,0,,,,,,,,,,,,,,,,,
P01437,K23,,2017,NIA,pre_policy,0,0,0,0,0,0,0,0,0,0,0,0,0,0,0,0,0,0,0,0,0,0,0,0,0,0,1,0,0,1,0,0,1,0,0,pre_early,0,0,0,1,0,0,0,0,0,0,0,0,0,0,0,0,0,none,k0p0,,,,,0,,,0,1,0,,,,,,,,,,,,,,,,,
P01438,K08,,2017,NINDS,pre_policy,0,0,1,1,1,0,1,0,0,0,0,0,0,0,1,1,0,0,1,0,1,0,0,0,0,0,1,0,0,1,0,0,1,0,1,pre_early,0,0,0,1,1,0,1,0,0,0,0,1,0,1,1,1,0,new_trial,k0p1,,,,,0,,,0,1,0,,,,,,,,,,,,,,,,,
P01439,K08,,2017,NIGMS,pre_policy,0,0,0,0,0,0,0,0,0,0,0,0,0,0,0,0,0,0,0,0,0,0,0,0,0,0,0,0,0,0,0,0,1,0,0,pre_early,0,0,0,1,0,0,0,0,0,0,0,0,0,0,0,0,0,none,k0p0,,,,,0,,,0,1,0,,,,,,,,,,,,,,,,,
P01440,K23,,2017,NINDS,pre_policy,0,0,0,0,0,0,1,0,0,0,0,0,0,0,0,0,0,0,0,0,0,0,0,0,0,0,0,0,0,0,0,0,1,0,1,pre_early,0,0,0,1,0,0,0,0,0,0,0,0,0,0,0,0,0,none,k0p0,,,,,0,,,0,1,0,,,,,,,,,,,,,,,,,
P01441,K23,,2017,NIMH,pre_policy,0,1,1,1,1,0,1,0,0,0,0,0,0,0,1,1,0,0,1,0,0,0,1,0,0,0,0,0,0,0,0,0,1,0,0,pre_early,0,0,0,1,1,0,1,0,0,0,0,1,0,1,1,1,1,new_trial,k0p1,k0p1,k0p1,k0p1,k0p1,0,,,0,1,1,0,0,0,0,0,0,0,0,0,0,0,0,0,0,0,0,0
P01442,K23,,2017,NINDS,pre_policy,0,1,0,0,0,0,0,0,0,0,0,0,0,0,1,0,0,0,0,0,0,0,0,0,0,0,0,0,0,0,0,0,1,1,0,pre_early,0,0,0,1,0,0,0,0,0,0,0,0,0,0,0,0,0,none,k0p0,,,,,0,,,0,1,0,,,,,,,,,,,,,,,,,
P01443,K23,,2017,NINDS,pre_policy,0,0,0,0,0,0,0,0,0,0,0,0,0,0,0,0,0,0,0,0,0,0,0,0,0,0,0,0,0,0,0,0,1,0,0,pre_early,0,0,0,1,0,0,0,0,0,0,0,0,0,0,0,0,0,none,k0p0,,,,,0,,,0,1,0,,,,,,,,,,,,,,,,,
P01444,K08,,2017,NIGMS,pre_policy,0,0,0,0,0,0,1,0,0,0,0,0,0,0,0,0,0,0,0,0,0,0,0,0,0,0,0,0,0,0,0,0,1,0,1,pre_early,0,0,0,1,0,0,0,0,0,0,0,0,0,0,0,0,0,none,k0p0,,,,,0,,,0,1,0,,,,,,,,,,,,,,,,,
P01445,K08,,2017,NIMH,pre_policy,0,0,0,0,0,0,0,0,0,0,0,0,0,0,0,0,0,0,0,0,0,0,0,0,0,0,1,0,0,1,0,0,1,0,0,pre_early,0,0,0,1,0,0,0,0,0,0,0,0,0,0,0,0,0,none,k0p0,,,,,0,,,0,1,0,,,,,,,,,,,,,,,,,
P01446,K08,,2017,NCI,pre_policy,0,0,0,0,0,0,0,0,0,0,0,0,0,0,0,0,0,0,0,0,0,0,0,0,0,0,1,0,0,1,0,0,1,0,0,pre_early,0,0,0,1,0,0,0,0,0,0,0,0,0,0,0,0,0,none,k0p0,,,,,0,,,0,1,0,,,,,,,,,,,,,,,,,
P01447,K23,,2017,NIMH,pre_policy,0,0,0,0,0,0,0,0,0,0,0,0,0,0,0,0,0,0,0,0,0,0,0,0,0,0,0,0,0,0,0,0,1,0,0,pre_early,0,0,0,1,0,0,0,0,0,0,0,0,0,0,0,0,0,none,k0p0,,,,,0,,,0,1,0,,,,,,,,,,,,,,,,,
P01448,K08,,2017,NIDCR,pre_policy,0,0,0,0,0,0,0,0,0,0,0,0,0,0,0,0,0,0,0,0,0,0,0,0,0,0,0,0,0,0,0,0,1,0,0,pre_early,0,0,0,1,0,0,0,0,0,0,0,0,0,0,0,0,0,none,k0p0,,,,,0,,,0,1,0,,,,,,,,,,,,,,,,,
P01449,K08,,2017,NIGMS,pre_policy,0,0,0,0,0,0,0,0,0,0,0,0,0,0,0,0,0,0,0,0,0,0,0,0,0,1,1,1,1,1,1,1,1,0,0,pre_early,0,0,0,1,0,0,0,0,0,0,0,0,0,0,0,0,0,none,k0p0,,,,,0,,,0,1,0,,,,,,,,,,,,,,,,,
P01450,K08,,2017,NIMH,pre_policy,0,1,0,1,0,0,0,1,0,1,0,0,0,0,0,0,0,1,0,0,0,0,1,1,0,1,1,1,1,1,1,1,1,0,0,pre_early,1,1,1,1,0,0,0,1,0,0,1,0,1,0,0,0,0,ktrial_only,k1p0,,,,,0,,,0,1,0,,,,,,,,,,,,,,,,,
P01451,K08,,2017,NCI,pre_policy,0,0,1,1,1,1,0,0,0,0,0,0,0,0,1,1,0,0,1,0,1,0,0,0,0,0,0,0,0,0,0,0,1,0,0,pre_early,0,0,0,1,1,0,1,0,0,0,0,1,0,0,1,1,0,new_trial,k0p1,,,,,0,,,0,1,0,,,,,,,,,,,,,,,,,
P01452,K23,,2017,NINR,pre_policy,0,0,0,0,0,0,0,0,0,0,0,0,0,0,0,0,0,0,0,0,0,0,0,0,0,0,0,0,0,0,0,0,1,0,0,pre_early,0,0,0,1,0,0,0,0,0,0,0,0,0,0,0,0,0,none,k0p0,,,,,0,,,0,1,0,,,,,,,,,,,,,,,,,
P01453,K23,,2017,NINDS,pre_policy,0,1,1,1,0,1,0,0,0,1,0,0,1,1,1,1,0,1,1,0,1,0,1,0,1,0,1,0,0,1,0,0,1,0,0,pre_early,1,0,0,1,1,0,1,0,0,1,1,1,1,1,1,1,0,new_trial,k1p1,,,,,0,,,0,1,1,1,0,1,0,0,1,0,0,0,0,1,1,1,0,0,1,1
P01454,K23,,2017,NINDS,pre_policy,0,0,0,0,0,0,0,0,0,0,0,0,0,0,0,0,0,0,0,0,0,0,0,0,0,0,0,0,0,0,0,0,1,0,0,pre_early,0,0,0,1,0,0,0,0,0,0,0,0,0,0,0,0,0,none,k0p0,,,,,0,,,0,1,0,,,,,,,,,,,,,,,,,
P01455,K23,,2017,NINDS,pre_policy,0,0,0,0,0,0,0,0,0,0,0,0,0,0,0,0,0,0,0,0,0,0,0,0,0,0,0,0,0,0,0,0,1,0,0,pre_early,0,0,0,1,0,0,0,0,0,0,0,0,0,0,0,0,1,none,k0p0,k0p0,k0p0,k0p0,k0p0,0,,,0,1,0,,,,,,,,,,,,,,,,,
P01456,K23,,2017,NINDS,pre_policy,0,0,0,0,0,0,0,0,0,0,0,0,0,0,0,0,0,0,0,0,0,0,0,0,0,0,0,0,0,0,0,0,1,0,0,pre_early,0,0,0,1,1,1,1,0,0,0,0,0,0,0,0,1,0,none,k0p0,,,,,0,,,0,1,0,,,,,,,,,,,,,,,,,
P01457,K23,,2017,NINDS,pre_policy,0,0,0,0,0,0,0,0,0,0,0,0,0,0,0,0,0,0,0,0,0,0,0,0,0,0,0,0,0,0,0,0,1,0,0,pre_early,0,0,0,1,0,0,0,0,0,0,0,0,0,0,0,0,0,none,k0p0,,,,,0,,,0,1,0,,,,,,,,,,,,,,,,,
P01458,K23,,2017,NEI,pre_policy,0,0,0,0,0,0,0,1,0,0,0,0,0,0,0,0,0,0,0,0,0,0,0,0,0,1,1,1,1,1,1,1,1,0,0,pre_early,0,0,0,1,0,0,0,0,0,0,0,0,0,0,0,0,0,none,k0p0,,,,,0,,,0,1,0,,,,,,,,,,,,,,,,,
P01459,K23,,2017,NEI,pre_policy,0,0,0,0,0,0,0,0,0,0,0,0,0,0,0,0,0,0,0,0,0,0,0,0,0,0,0,0,0,0,0,0,1,0,0,pre_early,0,0,0,1,0,0,0,0,0,0,0,0,0,0,0,0,0,none,k0p0,,,,,0,,,0,1,0,,,,,,,,,,,,,,,,,
P01460,K23,,2017,NINDS,pre_policy,0,1,1,1,1,1,0,1,0,0,0,0,1,1,1,1,0,0,1,0,1,1,0,0,0,1,1,1,1,1,1,1,1,0,0,pre_early,0,0,0,1,1,0,1,0,0,0,0,1,0,0,1,1,0,new_trial,k0p1,,,,,0,,,0,1,1,0,0,0,0,0,0,0,0,0,0,0,0,0,0,0,0,0
P01461,K08,,2017,NICHD,pre_policy,0,0,0,0,0,0,0,1,0,0,0,0,0,0,0,0,0,0,0,0,0,0,0,0,0,1,1,1,1,1,1,1,1,0,0,pre_early,0,0,0,1,0,0,0,0,0,0,0,0,0,0,0,0,0,none,k0p0,,,,,0,,,0,1,0,,,,,,,,,,,,,,,,,
P01462,K23,,2017,NIA,pre_policy,0,0,0,0,0,0,0,1,0,0,0,0,0,0,0,0,0,0,0,0,0,0,0,0,0,1,1,1,1,1,1,1,1,0,0,pre_early,0,0,0,1,0,0,0,0,0,0,0,0,0,0,0,0,0,none,k0p0,,,,,0,,,0,1,0,,,,,,,,,,,,,,,,,
P01463,K08,,2017,NIA,pre_policy,0,0,0,0,0,0,0,0,0,0,0,0,0,0,0,0,0,0,0,0,0,0,0,0,0,0,1,0,0,1,0,0,1,0,0,pre_early,0,0,0,1,0,0,0,0,0,0,0,0,0,0,0,0,0,none,k0p0,,,,,0,,,0,1,0,,,,,,,,,,,,,,,,,
P01464,K08,,2017,NIAID,pre_policy,0,0,0,0,0,0,0,0,0,0,0,0,0,0,0,0,0,0,0,0,0,0,0,0,0,0,1,0,0,1,0,0,1,0,0,pre_early,0,0,0,1,0,0,0,0,0,0,0,0,0,0,0,0,0,none,k0p0,,,,,0,,,0,1,0,,,,,,,,,,,,,,,,,
P01465,K08,,2017,NHLBI,pre_policy,0,0,1,1,1,1,0,0,0,0,0,0,0,0,1,0,0,0,1,0,0,0,0,0,0,0,1,0,0,1,0,0,1,0,0,pre_early,0,0,0,1,1,0,1,0,0,0,0,1,0,1,1,1,0,new_trial,k0p1,,,,,0,,,0,1,0,,,,,,,,,,,,,,,,,
P01466,K08,,2017,NHLBI,pre_policy,0,0,1,1,0,1,0,1,0,0,0,0,1,1,1,1,0,0,1,0,0,0,0,0,0,1,1,1,1,1,1,1,1,0,0,pre_early,0,0,0,1,1,0,1,0,0,0,0,1,0,1,1,1,0,new_trial,k0p1,,,,,0,,,0,1,0,,,,,,,,,,,,,,,,,
P01467,K23,,2017,NIAID,pre_policy,0,0,1,1,1,1,0,0,0,0,0,0,0,0,1,1,0,0,1,0,0,0,0,0,0,0,0,0,0,0,0,0,1,0,0,pre_early,0,0,0,1,1,0,1,0,0,0,0,1,0,0,1,1,0,new_trial,k0p1,,,,,0,,,0,1,0,,,,,,,,,,,,,,,,,
P01468,K08,,2017,NHLBI,pre_policy,0,0,0,0,0,0,0,0,0,0,0,0,0,0,0,0,0,0,0,0,0,0,0,0,0,0,0,0,0,0,0,0,1,0,0,pre_early,0,0,0,1,0,0,0,0,0,0,0,0,0,0,0,0,0,none,k0p0,,,,,0,,,0,1,0,,,,,,,,,,,,,,,,,
P01469,K08,,2017,NHLBI,pre_policy,0,0,0,0,0,0,0,0,0,0,0,0,0,0,0,0,0,0,0,0,0,0,0,0,0,0,0,0,0,0,0,0,1,0,0,pre_early,0,0,0,1,0,0,0,0,0,0,0,0,0,0,0,0,0,none,k0p0,,,,,0,,,0,1,0,,,,,,,,,,,,,,,,,
P01470,K08,,2017,NHLBI,pre_policy,0,0,0,0,0,0,0,0,0,0,0,0,0,0,0,0,0,0,0,0,0,0,0,0,0,0,0,0,0,0,0,0,1,0,0,pre_early,0,0,0,1,0,0,0,0,0,0,0,0,0,0,0,0,0,none,k0p0,,,,,0,,,0,1,0,,,,,,,,,,,,,,,,,
P01471,K08,,2017,NIAID,pre_policy,0,0,0,0,0,0,0,1,0,0,0,0,0,0,0,0,0,0,0,0,0,0,0,0,0,1,1,1,1,1,1,1,1,0,0,pre_early,0,0,0,1,0,0,0,0,0,0,0,0,0,0,0,0,0,none,k0p0,,,,,0,,,0,1,0,,,,,,,,,,,,,,,,,
P01472,K08,,2017,NHLBI,pre_policy,0,0,0,0,0,0,0,0,0,0,0,0,0,0,0,0,0,0,0,0,0,0,0,0,0,0,1,0,0,1,0,0,1,0,0,pre_early,0,0,0,1,0,0,0,0,0,0,0,0,0,0,0,0,0,none,k0p0,,,,,0,,,0,1,0,,,,,,,,,,,,,,,,,
P01473,K08,,2017,NIDDK,pre_policy,0,0,0,0,0,0,0,0,0,0,0,0,0,0,0,0,0,0,0,0,0,0,0,0,0,0,1,0,0,1,0,0,1,0,0,pre_early,0,0,0,1,0,0,0,0,0,0,0,0,0,0,0,0,0,none,k0p0,,,,,0,,,0,1,0,,,,,,,,,,,,,,,,,
P01474,K23,,2017,NHLBI,pre_policy,0,0,0,0,0,0,0,1,0,0,0,0,0,0,0,0,0,0,0,0,0,0,0,0,0,1,1,1,1,1,1,1,1,0,0,pre_early,0,0,0,1,0,0,0,0,0,0,0,0,0,0,0,0,0,none,k0p0,,,,,0,,,0,1,0,,,,,,,,,,,,,,,,,
P01475,K08,,2017,NHLBI,pre_policy,0,0,1,1,0,0,0,1,0,0,0,0,0,0,1,1,0,0,1,0,0,0,0,0,0,1,1,1,1,1,1,1,1,0,0,pre_early,0,0,0,1,1,0,1,0,0,0,0,1,0,1,1,1,0,new_trial,k0p1,,,,,0,,,0,1,0,,,,,,,,,,,,,,,,,
P01476,K23,,2017,NHLBI,pre_policy,0,1,0,1,0,0,0,0,0,1,0,0,0,0,0,0,0,1,0,0,0,0,1,1,1,1,1,1,1,1,1,1,1,0,0,pre_early,1,1,0,1,1,1,1,1,0,1,1,0,1,0,0,1,0,ktrial_only,k1p0,,,,,0,,,0,1,1,1,1,1,0,0,1,0,0,1,0,1,1,1,0,1,1,1
P01477,K08,,2017,NHLBI,pre_policy,0,0,0,0,0,0,0,0,0,0,0,0,0,0,0,0,0,0,0,0,0,0,0,0,0,0,0,0,0,0,0,0,1,0,0,pre_early,0,0,0,1,0,0,0,0,0,0,0,0,0,0,0,0,0,none,k0p0,,,,,0,,,0,1,0,,,,,,,,,,,,,,,,,
P01478,K23,,2017,NHLBI,pre_policy,0,1,1,1,1,0,1,1,0,0,0,0,0,0,1,1,0,0,1,0,1,1,1,0,0,1,1,1,1,1,1,1,1,0,1,pre_early,0,0,0,1,1,0,1,0,0,0,0,1,0,1,1,1,0,new_trial,k0p1,,,,,0,,,0,1,1,0,0,0,0,0,0,0,0,0,0,0,0,0,0,0,0,0
P01479,K08,,2017,NIAID,pre_policy,0,0,0,0,0,0,0,0,0,0,0,0,0,0,0,0,0,0,0,0,0,0,0,0,0,0,0,0,0,1,0,0,1,0,0,pre_early,0,0,0,1,0,0,0,0,0,0,0,0,0,0,0,0,0,none,k0p0,,,,,0,,,0,1,0,,,,,,,,,,,,,,,,,
P01480,K08,,2017,NHLBI,pre_policy,0,0,0,0,0,0,0,1,0,0,0,0,0,0,0,0,0,0,0,0,0,0,0,0,0,1,1,1,1,1,1,1,1,0,0,pre_early,0,0,0,1,0,0,0,0,0,0,0,0,0,0,0,0,0,none,k0p0,,,,,0,,,0,1,0,,,,,,,,,,,,,,,,,
P01481,K23,,2018,NIA,pre_policy,0,0,1,1,0,1,0,1,0,0,0,0,1,1,1,1,0,0,1,1,1,0,0,0,0,1,1,1,1,1,1,1,1,0,0,pre_legacy,0,0,0,1,1,0,1,0,0,0,0,1,0,0,1,1,0,new_trial,k0p1,,,,,0,,,1,1,0,,,,,,,,,,,,,,,,,
P01482,K23,,2018,NIDCR,pre_policy,0,0,0,0,0,0,0,0,0,0,0,0,0,0,0,0,0,0,0,0,0,0,0,0,0,0,0,0,0,0,0,0,1,0,0,pre_legacy,0,0,0,1,0,0,0,0,0,0,0,0,0,0,0,0,0,none,k0p0,,,,,0,,,1,1,0,,,,,,,,,,,,,,,,,
P01483,K23,,2018,NHLBI,pre_policy,0,0,0,0,0,0,0,0,0,0,0,0,0,0,0,0,0,0,0,0,0,0,0,0,0,0,0,0,0,0,0,0,1,0,0,pre_legacy,0,0,0,1,0,0,0,0,0,0,0,0,0,0,0,0,0,none,k0p0,,,,,1,0,0,1,1,0,,,,,,,,,,,,,,,,,
P01484,K23,,2018,NHLBI,pre_policy,0,0,0,0,0,0,0,0,0,0,0,0,0,0,0,0,0,0,0,0,0,0,0,0,0,0,0,0,0,0,0,0,1,0,0,pre_legacy,0,0,0,1,0,0,0,0,0,0,0,0,0,0,0,0,0,none,k0p0,,,,,1,0,0,1,1,0,,,,,,,,,,,,,,,,,
P01485,K08,,2018,NHLBI,pre_policy,0,0,0,0,0,0,0,0,0,0,0,0,0,0,0,0,0,0,0,0,0,0,0,0,0,0,0,0,0,0,0,0,1,0,0,pre_legacy,0,0,0,1,0,0,0,0,0,0,0,0,0,0,0,0,0,none,k0p0,,,,,0,,,1,1,0,,,,,,,,,,,,,,,,,
P01486,K23,,2018,NCCIH,pre_policy,0,1,1,1,0,1,1,0,0,1,0,0,1,0,1,0,0,1,1,0,0,0,1,1,0,0,0,0,0,0,0,0,1,0,1,pre_legacy,1,0,0,1,1,0,1,1,0,0,1,1,1,0,1,1,1,new_trial,k1p1,k1p1,k1p1,k1p1,k1p1,0,,,1,1,1,1,0,0,0,1,0,0,1,1,0,1,1,0,0,0,1,1
P01487,K23,,2018,NHLBI,pre_policy,0,1,0,1,0,0,0,0,0,1,0,0,0,0,0,0,0,1,0,0,0,0,1,0,1,0,0,0,0,0,0,0,1,0,0,pre_legacy,0,0,0,1,0,0,0,0,0,1,1,0,1,0,0,0,0,ktrial_only,k1p0,,,,,0,,,1,1,1,1,0,1,0,0,1,0,0,0,0,0,0,0,1,0,0,0
P01488,K08,,2018,NHLBI,pre_policy,0,0,0,0,0,0,0,0,0,0,0,0,0,0,0,0,0,0,0,0,0,0,0,0,0,0,1,0,1,1,1,1,1,0,0,pre_legacy,0,0,0,1,0,0,0,0,0,0,0,0,0,0,0,0,0,none,k0p0,,,,,0,,,1,1,0,,,,,,,,,,,,,,,,,
P01489,K08,,2018,NHLBI,pre_policy,0,0,0,0,0,0,0,0,0,0,0,0,0,0,0,0,0,0,0,0,0,0,0,0,0,0,0,0,0,0,0,0,1,0,0,pre_legacy,0,0,0,1,0,0,0,0,0,0,0,0,0,0,0,0,0,none,k0p0,,,,,0,,,1,1,0,,,,,,,,,,,,,,,,,
P01490,K08,,2018,NHLBI,pre_policy,0,0,0,0,0,0,0,0,0,0,0,0,0,0,0,0,0,0,0,0,0,0,0,0,0,0,0,0,0,0,0,0,1,0,0,pre_legacy,0,0,0,1,0,0,0,0,0,0,0,0,0,0,0,0,0,none,k0p0,,,,,0,,,1,1,0,,,,,,,,,,,,,,,,,
P01491,K08,,2018,NIAID,pre_policy,0,0,0,0,0,0,0,0,0,0,0,0,0,0,0,0,0,0,0,0,0,0,0,0,0,0,1,0,0,1,0,0,1,0,0,pre_legacy,0,0,0,1,0,0,0,0,0,0,0,0,0,0,0,0,0,none,k0p0,,,,,0,,,1,1,0,,,,,,,,,,,,,,,,,
P01492,K08,,2018,NHLBI,pre_policy,0,0,0,0,0,0,0,0,0,0,0,0,0,0,0,0,0,0,0,0,0,0,0,0,0,0,1,0,0,1,0,0,1,0,0,pre_legacy,0,0,0,1,0,0,0,0,0,0,0,0,0,0,0,0,0,none,k0p0,,,,,0,,,1,1,0,,,,,,,,,,,,,,,,,
P01493,K08,,2018,NHLBI,pre_policy,0,0,0,0,0,0,0,0,0,0,0,0,0,0,0,0,0,0,0,0,0,0,0,0,0,0,0,0,0,0,0,0,1,0,0,pre_legacy,0,0,0,1,0,0,0,0,0,0,0,0,0,0,0,0,0,none,k0p0,,,,,0,,,1,1,0,,,,,,,,,,,,,,,,,
P01494,K23,,2018,NCCIH,pre_policy,0,1,1,1,0,1,1,1,0,1,0,0,1,1,1,1,0,1,1,1,0,0,1,1,0,1,1,1,1,1,1,1,1,0,1,pre_legacy,1,1,0,1,1,0,1,1,0,0,1,1,1,1,1,1,0,new_trial,k1p1,,,,,0,,,1,1,1,1,0,1,0,0,1,0,0,0,1,1,1,1,0,1,1,1
P01495,K23,,2018,NIDDK,pre_policy,0,0,0,0,0,0,0,0,0,0,0,0,0,0,0,0,0,0,0,0,0,0,0,0,0,0,0,0,0,0,0,0,1,0,0,pre_legacy,0,0,0,1,0,0,0,0,0,0,0,0,0,0,0,0,0,none,k0p0,,,,,0,,,1,1,0,,,,,,,,,,,,,,,,,
P01496,K08,,2018,NHLBI,pre_policy,0,0,0,0,0,0,0,0,0,0,0,0,0,0,0,0,0,0,0,0,0,0,0,0,0,0,1,0,0,1,0,0,1,0,0,pre_legacy,0,0,0,1,0,0,0,0,0,0,0,0,0,0,0,0,0,none,k0p0,,,,,0,,,1,1,0,,,,,,,,,,,,,,,,,
P01497,K23,,2018,NHLBI,pre_policy,0,0,0,1,0,0,0,0,0,1,0,0,0,0,0,0,0,1,0,0,0,0,1,0,1,0,1,0,1,1,1,1,1,0,0,pre_legacy,0,0,0,1,0,0,0,0,0,1,1,0,0,0,0,0,1,ktrial_only,k1p0,k0p0,k0p0,,k0p0,0,,,1,1,0,,,,,,,,,,,,,,,,,
P01498,K23,,2018,NHLBI,pre_policy,0,0,0,0,0,0,0,0,0,0,0,0,0,0,0,0,0,0,0,0,0,0,0,0,0,0,0,0,0,0,0,0,1,0,0,pre_legacy,0,0,0,1,0,0,0,0,0,0,0,0,0,0,0,0,0,none,k0p0,,,,,0,,,1,1,0,,,,,,,,,,,,,,,,,
P01499,K23,,2018,NHLBI,pre_policy,0,1,0,1,0,0,0,1,0,1,0,0,0,0,0,0,0,1,0,0,0,0,1,1,0,1,1,1,1,1,1,1,1,0,0,pre_legacy,1,1,1,1,0,0,0,1,0,0,1,0,0,0,0,0,0,ktrial_only,k1p0,,,,,1,1,1,1,1,1,1,1,0,0,0,1,0,0,1,0,1,1,0,0,1,0,0
P01500,K08,,2018,NIAID,pre_policy,0,0,0,0,0,0,1,0,0,0,0,0,0,0,0,0,0,0,0,0,0,0,0,0,0,0,0,0,0,0,0,0,1,0,1,pre_legacy,0,0,0,1,0,0,0,0,0,0,0,0,0,0,0,0,0,none,k0p0,,,,,0,,,1,1,0,,,,,,,,,,,,,,,,,
P01501,K08,,2018,NHLBI,pre_policy,0,0,0,0,0,0,0,0,0,0,0,0,0,0,0,0,0,0,0,0,0,0,0,0,0,0,0,0,0,0,0,0,1,0,0,pre_legacy,0,0,0,1,0,0,0,0,0,0,0,0,0,0,0,0,0,none,k0p0,,,,,0,,,1,1,0,,,,,,,,,,,,,,,,,
P01502,K23,,2018,NHLBI,pre_policy,0,0,0,0,0,0,0,0,0,0,0,0,0,0,0,0,0,0,0,0,0,0,0,0,0,0,0,0,0,0,0,0,1,0,0,pre_legacy,0,0,0,1,0,0,0,0,0,0,0,0,0,0,0,0,0,none,k0p0,,,,,0,,,1,1,0,,,,,,,,,,,,,,,,,
P01503,K08,,2018,NHLBI,pre_policy,0,0,0,0,0,0,0,0,0,0,0,0,0,0,0,0,0,0,0,0,0,0,0,0,0,0,0,0,0,1,0,0,1,0,0,pre_legacy,0,0,0,1,0,0,0,0,0,0,0,0,0,0,0,0,0,none,k0p0,,,,,0,,,1,1,0,,,,,,,,,,,,,,,,,
P01504,K23,,2018,NHLBI,pre_policy,0,0,0,0,0,0,0,0,0,0,0,0,0,0,0,0,0,0,0,0,0,0,0,0,0,0,0,0,0,0,0,0,1,0,0,pre_legacy,0,0,0,1,0,0,0,0,0,0,0,0,0,0,0,0,0,none,k0p0,,,,,0,,,1,1,0,,,,,,,,,,,,,,,,,
P01505,K23,,2018,NIAID,pre_policy,0,0,0,0,0,0,0,0,0,0,0,0,0,0,0,0,0,0,0,0,0,0,0,0,0,0,0,0,0,0,0,0,1,0,0,pre_legacy,0,0,0,1,0,0,0,0,0,0,0,0,0,0,0,0,1,none,k0p0,k0p0,k0p0,k0p0,k0p0,0,,,1,1,0,,,,,,,,,,,,,,,,,
P01506,K23,,2018,NHLBI,pre_policy,0,0,0,0,0,0,0,0,0,0,0,0,0,0,0,0,0,0,0,0,0,0,0,0,0,0,0,0,0,0,0,0,1,0,0,pre_legacy,0,0,0,1,0,0,0,0,0,0,0,0,0,0,0,0,0,none,k0p0,,,,,0,,,1,1,0,,,,,,,,,,,,,,,,,
P01507,K23,,2018,NIAID,pre_policy,0,0,0,0,0,0,0,0,0,0,0,0,0,0,0,0,0,0,0,0,0,0,0,0,0,0,1,0,0,1,0,0,1,0,0,pre_legacy,0,0,0,1,0,0,0,0,0,0,0,0,0,0,0,0,0,none,k0p0,,,,,0,,,1,1,0,,,,,,,,,,,,,,,,,
P01508,K23,,2018,NCI,pre_policy,0,1,1,1,1,1,0,0,0,0,0,0,1,1,1,0,0,0,1,1,0,0,0,0,0,0,0,0,0,0,0,0,1,0,0,pre_legacy,0,0,0,1,1,0,1,0,0,0,0,1,0,1,1,1,0,new_trial,k0p1,,,,,0,,,1,1,1,0,0,0,0,0,0,0,0,0,0,0,0,0,0,0,0,0
P01509,K23,,2018,NICHD,pre_policy,0,0,0,0,0,0,0,1,0,0,0,0,0,0,0,0,0,0,0,0,0,0,0,0,0,1,1,1,1,1,1,1,1,0,0,pre_legacy,0,0,0,1,0,0,0,0,0,0,0,0,0,0,0,0,0,none,k0p0,,,,,0,,,1,1,0,,,,,,,,,,,,,,,,,
P01510,K23,,2018,NIDCD,pre_policy,0,0,0,0,0,0,0,1,0,0,0,0,0,0,0,0,0,0,0,0,0,0,0,0,0,1,1,1,1,1,1,1,1,0,0,pre_legacy,0,0,0,1,0,0,0,0,0,0,0,0,0,0,0,0,0,none,k0p0,,,,,1,0,0,1,1,0,,,,,,,,,,,,,,,,,
P01511,K08,,2018,NEI,pre_policy,0,0,0,0,0,0,0,0,0,0,0,0,0,0,0,0,0,0,0,0,0,0,0,0,0,0,0,0,0,0,0,0,1,0,0,pre_legacy,0,0,0,1,0,0,0,0,0,0,0,0,0,0,0,0,0,none,k0p0,,,,,0,,,1,1,0,,,,,,,,,,,,,,,,,
P01512,K08,,2018,NCI,pre_policy,0,0,0,0,0,0,0,0,0,0,0,0,0,0,0,0,0,0,0,0,0,0,0,0,0,1,1,1,1,1,1,1,1,0,0,pre_legacy,0,0,0,1,0,0,0,0,0,0,0,0,0,0,0,0,0,none,k0p0,,,,,0,,,1,1,0,,,,,,,,,,,,,,,,,
P01513,K08,,2018,NHLBI,pre_policy,0,0,0,0,0,0,0,0,0,0,0,0,0,0,0,0,0,0,0,0,0,0,0,0,0,0,0,0,0,0,0,0,1,0,0,pre_legacy,0,0,0,1,0,0,0,0,0,0,0,0,0,0,0,0,0,none,k0p0,,,,,0,,,1,1,0,,,,,,,,,,,,,,,,,
P01514,K23,,2018,NHLBI,pre_policy,0,0,1,1,1,1,0,0,1,0,0,0,1,1,1,1,0,0,1,1,0,0,0,0,0,0,1,0,0,1,0,0,1,0,0,pre_legacy,0,0,0,1,1,0,1,0,0,0,0,1,0,1,1,1,0,new_trial,k0p1,,,,,0,,,1,1,0,,,,,,,,,,,,,,,,,
P01515,K23,,2018,NHLBI,pre_policy,0,0,0,0,0,0,0,0,0,0,0,0,0,0,0,0,0,0,0,0,0,0,0,0,0,0,0,0,0,0,0,0,1,0,0,pre_legacy,0,0,0,1,0,0,0,0,0,0,0,0,0,0,0,0,0,none,k0p0,,,,,0,,,1,1,0,,,,,,,,,,,,,,,,,
P01516,K23,,2018,NHLBI,pre_policy,0,1,0,0,0,0,0,0,0,0,0,0,0,0,0,0,0,0,0,0,0,0,0,0,0,0,0,0,0,0,0,0,1,0,0,pre_legacy,0,0,0,1,0,0,0,0,0,0,0,0,0,0,0,0,0,none,k0p0,,,,,1,1,1,1,1,1,0,0,0,0,0,0,0,0,0,0,0,0,0,0,0,0,0
P01517,K23,,2018,NHLBI,pre_policy,0,0,0,0,0,0,0,0,0,0,0,0,0,0,0,0,0,0,0,0,0,0,0,0,0,0,0,0,0,0,0,0,1,0,0,pre_legacy,0,0,0,1,0,0,0,0,0,0,0,0,0,0,0,0,0,none,k0p0,,,,,0,,,1,1,0,,,,,,,,,,,,,,,,,
P01518,K08,,2018,NHLBI,pre_policy,0,0,0,0,0,0,0,0,0,0,0,0,0,0,0,0,0,0,0,0,0,0,0,0,0,0,0,0,0,0,0,0,1,0,0,pre_legacy,0,0,0,1,0,0,0,0,0,0,0,0,0,0,0,0,0,none,k0p0,,,,,0,,,1,1,0,,,,,,,,,,,,,,,,,
P01519,K08,,2018,NHLBI,pre_policy,0,0,0,0,0,0,0,0,0,0,0,0,0,0,0,0,0,0,0,0,0,0,0,0,0,0,1,0,0,1,0,0,1,0,0,pre_legacy,0,0,0,1,0,0,0,0,0,0,0,0,0,0,0,0,0,none,k0p0,,,,,0,,,1,1,0,,,,,,,,,,,,,,,,,
P01520,K08,,2018,NIAID,pre_policy,0,0,0,0,0,0,0,0,0,0,0,0,0,0,0,0,0,0,0,0,0,0,0,0,0,0,0,0,0,0,0,0,1,0,0,pre_legacy,0,0,0,1,0,0,0,0,0,0,0,0,0,0,0,0,0,none,k0p0,,,,,0,,,1,1,0,,,,,,,,,,,,,,,,,
P01521,K08,,2018,NIAID,pre_policy,0,0,0,0,0,0,0,0,0,0,0,0,0,0,0,0,0,0,0,0,0,0,0,0,0,0,1,0,0,1,0,0,1,0,0,pre_legacy,0,0,0,1,0,0,0,0,0,0,0,0,0,0,0,0,0,none,k0p0,,,,,0,,,1,1,0,,,,,,,,,,,,,,,,,
P01522,K08,,2018,NIAID,pre_policy,0,0,0,0,0,0,0,0,0,0,0,0,0,0,0,0,0,0,0,0,0,0,0,0,0,0,0,0,0,0,0,0,1,0,0,pre_legacy,0,0,0,1,0,0,0,0,0,0,0,0,0,0,0,0,0,none,k0p0,,,,,0,,,1,1,0,,,,,,,,,,,,,,,,,
P01523,K08,,2018,NIAID,pre_policy,0,0,0,0,0,0,0,0,0,0,0,0,0,0,0,0,0,0,0,0,0,0,0,0,0,0,1,0,0,1,0,0,1,0,0,pre_legacy,0,0,0,1,0,0,0,0,0,0,0,0,0,0,0,0,0,none,k0p0,,,,,0,,,1,1,0,,,,,,,,,,,,,,,,,
P01524,K23,,2018,NIAID,pre_policy,0,1,1,1,1,1,0,1,0,0,0,1,1,1,1,0,0,0,1,1,0,0,0,0,0,1,1,1,1,1,1,1,1,0,0,pre_legacy,0,0,0,1,1,0,1,0,0,0,0,1,0,0,1,1,0,new_trial,k0p1,,,,,1,1,1,1,1,1,0,0,0,0,0,0,0,0,0,0,0,0,0,0,0,0,0
P01525,K23,,2018,NIAID,pre_policy,0,0,0,0,0,0,0,1,0,0,0,0,0,0,0,0,0,0,0,0,0,0,0,0,0,1,1,1,1,1,1,1,1,0,0,pre_legacy,0,0,0,1,0,0,0,0,0,0,0,0,0,0,0,0,0,none,k0p0,,,,,0,,,1,1,0,,,,,,,,,,,,,,,,,
P01526,K23,,2018,NIDDK,pre_policy,0,0,1,1,0,1,0,1,0,0,0,0,1,0,1,0,0,0,1,0,0,0,0,0,0,1,1,1,1,1,1,1,1,0,0,pre_legacy,0,0,0,1,1,0,1,0,0,0,0,1,0,0,1,1,0,new_trial,k0p1,,,,,0,,,1,1,0,,,,,,,,,,,,,,,,,
P01527,K23,,2018,NIAID,pre_policy,0,0,0,0,0,0,0,0,0,0,0,0,0,0,0,0,0,0,0,0,0,0,0,0,0,0,0,0,0,0,0,0,1,0,0,pre_legacy,0,0,0,1,0,0,0,0,0,0,0,0,0,0,0,0,0,none,k0p0,,,,,0,,,1,1,0,,,,,,,,,,,,,,,,,
P01528,K23,,2018,NIDDK,pre_policy,0,0,1,1,0,1,1,0,0,0,0,0,0,0,1,0,0,0,1,0,0,0,1,0,0,0,1,0,0,1,0,0,1,0,0,pre_legacy,0,0,0,1,1,0,1,0,0,0,0,1,0,0,1,1,0,new_trial,k0p1,,,,,0,,,1,1,0,,,,,,,,,,,,,,,,,
P01529,K08,,2018,NCI,pre_policy,0,0,0,0,0,0,1,0,0,0,0,0,0,0,0,0,0,0,0,0,0,0,0,0,0,0,0,0,0,0,0,0,1,0,1,pre_legacy,0,0,0,1,0,0,0,0,0,0,0,0,0,0,0,0,0,none,k0p0,,,,,0,,,1,1,0,,,,,,,,,,,,,,,,,
P01530,K08,,2018,NIAID,pre_policy,0,0,0,0,0,0,0,0,0,0,0,0,0,0,0,0,0,0,0,0,0,0,0,0,0,0,1,0,0,1,0,0,1,0,0,pre_legacy,0,0,0,1,0,0,0,0,0,0,0,0,0,0,0,0,0,none,k0p0,,,,,0,,,1,1,0,,,,,,,,,,,,,,,,,
P01531,K23,,2018,NHLBI,pre_policy,0,1,0,0,0,0,0,0,0,0,0,0,0,0,0,0,0,0,0,0,0,0,0,0,0,0,1,0,0,1,0,0,1,0,0,pre_legacy,0,0,0,1,0,0,0,0,0,0,0,0,0,0,0,0,0,none,k0p0,,,,,0,,,1,1,1,0,0,0,0,0,0,0,0,0,0,0,0,0,0,0,0,0
P01532,K08,,2018,NCI,pre_policy,0,0,0,0,0,0,0,0,0,0,0,0,0,0,0,0,0,0,0,0,0,0,0,0,0,0,1,0,0,1,0,0,1,0,0,pre_legacy,0,0,0,1,0,0,0,0,0,0,0,0,0,0,0,0,0,none,k0p0,,,,,0,,,1,1,0,,,,,,,,,,,,,,,,,
P01533,K08,,2018,NIAMS,pre_policy,0,0,0,0,0,0,0,1,0,0,0,0,0,0,0,0,0,0,0,0,0,0,0,0,0,1,1,1,1,1,1,1,1,0,0,pre_legacy,0,0,0,1,0,0,0,0,0,0,0,0,0,0,0,0,0,none,k0p0,,,,,0,,,1,1,0,,,,,,,,,,,,,,,,,
P01534,K23,,2018,NHLBI,pre_policy,0,1,0,0,0,0,0,0,0,0,0,0,0,0,0,0,0,0,0,0,0,0,0,0,0,0,1,0,0,1,0,0,1,0,0,pre_legacy,0,0,0,1,1,1,1,0,0,0,0,0,0,0,0,1,1,none,k0p0,k0p0,k0p0,k0p0,k0p0,0,,,1,1,1,0,0,0,0,0,0,0,0,0,0,0,0,0,0,0,0,0
P01535,K08,,2018,NCI,pre_policy,0,0,0,0,0,0,0,0,0,0,0,0,0,0,0,0,0,0,0,0,0,0,0,0,0,0,0,0,0,0,0,0,1,0,0,pre_legacy,0,0,0,1,0,0,0,0,0,0,0,0,0,0,0,0,0,none,k0p0,,,,,0,,,1,1,0,,,,,,,,,,,,,,,,,
P01536,K08,,2018,NIDA,pre_policy,0,1,0,1,0,0,0,0,0,1,0,0,0,0,0,0,0,1,0,0,0,0,1,0,1,0,1,0,0,1,0,0,1,0,0,pre_legacy,1,1,0,1,0,0,0,0,0,1,1,0,0,0,0,0,0,ktrial_only,k1p0,,,,,0,,,1,1,0,,,,,,,,,,,,,,,,,
P01537,K23,,2018,NIMH,pre_policy,0,0,0,0,0,0,0,1,0,0,0,0,0,0,0,0,0,0,0,0,0,0,0,0,0,1,1,1,1,1,1,1,1,0,0,pre_legacy,0,0,0,1,1,1,1,0,0,0,0,0,0,0,0,1,0,none,k0p0,,,,,0,,,1,1,0,,,,,,,,,,,,,,,,,
P01538,K08,,2018,NIDA,pre_policy,0,0,0,0,0,0,0,0,0,0,0,0,0,0,0,0,0,0,0,0,0,0,0,0,0,0,0,0,0,0,0,0,1,0,0,pre_legacy,0,0,0,1,0,0,0,0,0,0,0,0,0,0,0,0,0,none,k0p0,,,,,0,,,1,1,0,,,,,,,,,,,,,,,,,
P01539,K08,,2018,NIMH,pre_policy,0,0,0,0,0,0,0,0,0,0,0,0,0,0,0,0,0,0,0,0,0,0,0,0,0,0,1,0,0,1,0,0,1,0,0,pre_legacy,0,0,0,1,0,0,0,0,0,0,0,0,0,0,0,0,0,none,k0p0,,,,,0,,,1,1,0,,,,,,,,,,,,,,,,,
P01540,K23,,2018,NINDS,pre_policy,0,0,0,0,0,0,0,0,0,0,0,0,0,0,0,0,0,0,0,0,0,0,0,0,0,0,0,0,0,0,0,0,1,0,0,pre_legacy,0,0,0,1,0,0,0,0,0,0,0,0,0,0,0,0,0,none,k0p0,,,,,0,,,1,1,0,,,,,,,,,,,,,,,,,
P01541,K08,,2018,NCI,pre_policy,0,0,0,0,0,0,1,1,0,0,0,0,0,0,0,0,0,0,0,0,0,0,0,0,0,1,1,1,1,1,1,1,1,0,1,pre_legacy,0,0,0,1,1,1,1,0,0,0,0,0,0,0,0,1,0,none,k0p0,,,,,0,,,1,1,0,,,,,,,,,,,,,,,,,
P01542,K23,,2018,NIAID,pre_policy,0,0,0,0,0,0,0,0,0,0,0,0,0,0,0,0,0,0,0,0,0,0,0,0,0,1,1,1,1,1,1,1,1,0,0,pre_legacy,0,0,0,1,0,0,0,0,0,0,0,0,0,0,0,0,0,none,k0p0,,,,,0,,,1,1,0,,,,,,,,,,,,,,,,,
P01543,K08,,2018,NINDS,pre_policy,0,0,0,0,0,0,0,0,0,0,0,0,0,0,0,0,0,0,0,0,0,0,0,0,0,0,0,0,1,1,1,1,1,0,0,pre_legacy,0,0,0,1,0,0,0,0,0,0,0,0,0,0,0,0,0,none,k0p0,,,,,0,,,1,1,0,,,,,,,,,,,,,,,,,
P01544,K08,,2018,NIDCR,pre_policy,0,0,0,0,0,0,0,0,0,0,0,0,0,0,0,0,0,0,0,0,0,0,0,0,0,0,0,0,0,0,0,0,1,0,0,pre_legacy,0,0,0,1,0,0,0,0,0,0,0,0,0,0,0,0,0,none,k0p0,,,,,0,,,1,1,0,,,,,,,,,,,,,,,,,
P01545,K08,,2018,NINDS,pre_policy,0,0,0,0,0,0,0,0,0,0,0,0,0,0,0,0,0,0,0,0,0,0,0,0,0,0,0,0,0,0,0,0,1,0,0,pre_legacy,0,0,0,1,0,0,0,0,0,0,0,0,0,0,0,0,0,none,k0p0,,,,,0,,,1,1,0,,,,,,,,,,,,,,,,,
P01546,K23,,2018,NIMH,pre_policy,0,1,1,1,0,1,0,0,0,1,0,1,1,1,1,1,0,1,1,0,1,1,1,1,0,0,1,0,1,1,1,1,1,0,0,pre_legacy,1,1,0,1,1,0,1,1,0,0,1,1,0,1,1,1,0,new_trial,k1p1,,,,,0,,,1,1,1,1,0,1,0,0,1,0,0,0,1,1,1,1,0,1,0,0
P01547,K08,,2018,NCI,pre_policy,0,0,1,1,1,1,1,0,0,0,0,0,0,0,1,1,0,0,1,0,1,0,0,0,0,0,0,0,0,0,0,0,1,0,1,pre_legacy,0,0,0,1,1,0,1,0,0,0,0,1,0,0,1,1,0,new_trial,k0p1,,,,,0,,,1,1,0,,,,,,,,,,,,,,,,,
P01548,K08,,2018,NIAID,pre_policy,0,0,0,0,0,0,0,0,0,0,0,0,0,0,0,0,0,0,0,0,0,0,0,0,0,0,1,0,0,1,0,0,1,0,0,pre_legacy,0,0,0,1,0,0,0,0,0,0,0,0,0,0,0,0,0,none,k0p0,,,,,0,,,1,1,0,,,,,,,,,,,,,,,,,
P01549,K08,,2018,NIDDK,pre_policy,0,0,0,0,0,0,0,1,0,0,0,0,0,0,0,0,0,0,0,0,0,0,0,0,0,1,1,1,1,1,1,1,1,0,0,pre_legacy,0,0,0,1,0,0,0,0,0,0,0,0,0,0,0,0,0,none,k0p0,,,,,0,,,1,1,0,,,,,,,,,,,,,,,,,
P01550,K08,,2018,NCI,pre_policy,0,0,0,0,0,0,0,0,0,0,0,0,0,0,0,0,0,0,0,0,0,0,0,0,0,0,0,0,0,0,0,0,1,0,0,pre_legacy,0,0,0,1,0,0,0,0,0,0,0,0,0,0,0,0,0,none,k0p0,,,,,0,,,1,1,0,,,,,,,,,,,,,,,,,
P01551,K08,,2018,NIAMS,pre_policy,0,0,0,0,0,0,0,0,0,0,0,0,0,0,0,0,0,0,0,0,0,0,0,0,0,0,0,0,0,0,0,0,1,0,0,pre_legacy,0,0,0,1,0,0,0,0,0,0,0,0,0,0,0,0,0,none,k0p0,,,,,0,,,1,1,0,,,,,,,,,,,,,,,,,
P01552,K23,,2018,NIDDK,pre_policy,0,0,1,1,0,1,0,0,0,0,0,1,0,0,1,0,0,0,1,0,1,0,0,0,0,0,0,0,0,0,0,0,1,0,0,pre_legacy,0,0,0,1,1,0,1,0,0,0,0,1,0,0,1,1,0,new_trial,k0p1,,,,,0,,,1,1,0,,,,,,,,,,,,,,,,,
P01553,K23,,2018,NIDA,pre_policy,0,0,0,0,0,0,0,0,0,0,0,0,0,0,0,0,0,0,0,0,0,0,0,0,0,0,0,0,0,0,0,0,1,0,0,pre_legacy,0,0,0,1,0,0,0,0,0,0,0,0,0,0,0,0,0,none,k0p0,,,,,0,,,1,1,0,,,,,,,,,,,,,,,,,
P01554,K23,,2018,NIMH,pre_policy,0,0,0,0,0,0,0,0,0,0,0,0,0,0,0,0,0,0,0,0,0,0,0,0,0,0,0,0,0,0,0,0,1,0,0,pre_legacy,0,0,0,1,0,0,0,0,0,0,0,0,0,0,0,0,0,none,k0p0,,,,,0,,,1,1,0,,,,,,,,,,,,,,,,,
P01555,K23,,2018,NIDDK,pre_policy,0,1,1,1,0,0,1,1,0,0,0,1,0,0,1,1,0,0,1,0,0,0,0,0,0,1,1,1,1,1,1,1,1,0,1,pre_legacy,0,0,0,1,1,0,1,0,0,0,0,1,0,1,1,1,1,new_trial,k0p1,k0p1,k0p1,k0p1,k0p1,0,,,1,1,1,0,0,0,0,0,0,0,0,0,0,0,0,0,0,0,0,0
P01556,K23,,2018,NHLBI,pre_policy,0,0,1,1,1,0,1,1,0,0,0,1,0,0,1,1,0,0,1,0,1,1,0,0,0,1,1,1,1,1,1,1,1,0,1,pre_legacy,0,0,0,1,1,0,1,0,0,0,0,1,0,1,1,1,0,new_trial,k0p1,,,,,0,,,1,1,0,,,,,,,,,,,,,,,,,
P01557,K23,,2018,NICHD,pre_policy,0,0,0,0,0,0,0,0,0,0,0,0,0,0,0,0,0,0,0,0,0,0,0,0,0,0,0,0,0,0,0,0,1,0,0,pre_legacy,0,0,0,1,0,0,0,0,0,0,0,0,0,0,0,0,0,none,k0p0,,,,,1,0,0,1,1,0,,,,,,,,,,,,,,,,,
P01558,K08,,2018,NIMH,pre_policy,0,0,0,0,0,0,0,0,0,0,0,0,0,0,0,0,0,0,0,0,0,0,0,0,0,0,1,0,0,1,0,0,1,0,0,pre_legacy,0,0,0,1,0,0,0,0,0,0,0,0,0,0,0,0,0,none,k0p0,,,,,0,,,1,1,0,,,,,,,,,,,,,,,,,
P01559,K08,,2018,NHLBI,pre_policy,0,0,0,0,0,0,0,1,0,0,0,0,0,0,0,0,0,0,0,0,0,0,0,0,0,1,1,1,1,1,1,1,1,0,0,pre_legacy,0,0,0,1,0,0,0,0,0,0,0,0,0,0,0,0,0,none,k0p0,,,,,0,,,1,1,0,,,,,,,,,,,,,,,,,
P01560,K08,,2018,NCI,pre_policy,0,0,0,0,0,0,0,0,0,0,0,0,0,0,0,0,0,0,0,0,0,0,0,0,0,1,1,1,1,1,1,1,1,0,0,pre_legacy,0,0,0,1,0,0,0,0,0,0,0,0,0,0,0,0,0,none,k0p0,,,,,0,,,1,1,0,,,,,,,,,,,,,,,,,
P01561,K08,,2018,NIMH,pre_policy,0,1,0,1,0,0,0,0,0,1,0,0,0,0,0,0,0,1,0,0,0,0,1,1,0,0,0,0,0,0,0,0,1,0,0,pre_legacy,1,1,1,1,1,1,1,1,0,0,1,0,0,0,0,1,0,ktrial_only,k1p0,,,,,0,,,1,1,0,,,,,,,,,,,,,,,,,
P01562,K23,,2018,NIA,pre_policy,0,1,0,0,0,0,0,1,0,0,0,0,0,0,0,0,0,0,0,0,0,0,0,0,0,1,1,1,1,1,1,1,1,0,0,pre_legacy,0,0,0,1,0,0,0,0,0,0,0,0,0,0,0,0,0,none,k0p0,,,,,0,,,1,1,1,0,0,0,0,0,0,0,0,0,0,0,0,0,0,0,0,0
P01563,K23,,2018,NIDA,pre_policy,0,1,1,1,0,1,0,1,0,1,0,1,1,1,1,1,0,1,1,1,1,1,1,1,0,1,1,1,1,1,1,1,1,0,0,pre_legacy,1,1,1,1,1,0,1,1,0,0,1,1,0,1,1,1,0,new_trial,k1p1,,,,,0,,,1,1,1,1,1,0,0,0,1,0,0,1,0,1,1,1,0,1,1,1
P01564,K23,,2018,NINDS,pre_policy,0,0,0,0,0,0,1,1,0,0,0,0,0,0,0,0,0,0,0,0,0,0,0,0,0,1,1,1,1,1,1,1,1,0,1,pre_legacy,0,0,0,1,0,0,0,0,0,0,0,0,0,0,0,0,0,none,k0p0,,,,,0,,,1,1,0,,,,,,,,,,,,,,,,,
P01565,K08,,2018,NIAMS,pre_policy,0,0,0,0,0,0,0,0,0,0,0,0,0,0,0,0,0,0,0,0,0,0,0,0,0,0,1,0,0,1,0,0,1,0,0,pre_legacy,0,0,0,1,0,0,0,0,0,0,0,0,0,0,0,0,0,none,k0p0,,,,,0,,,1,1,0,,,,,,,,,,,,,,,,,
P01566,K23,,2018,NIA,pre_policy,0,0,0,0,0,0,0,1,0,0,0,0,0,0,0,0,0,0,0,0,0,0,0,0,0,1,1,1,1,1,1,1,1,0,0,pre_legacy,0,0,0,1,0,0,0,0,0,0,0,0,0,0,0,0,0,none,k0p0,,,,,0,,,1,1,0,,,,,,,,,,,,,,,,,
P01567,K23,,2018,NIA,pre_policy,0,0,0,0,0,0,0,1,0,0,0,0,0,0,0,0,0,0,0,0,0,0,0,0,0,1,1,1,1,1,1,1,1,0,0,pre_legacy,0,0,0,1,0,0,0,0,0,0,0,0,0,0,0,0,0,none,k0p0,,,,,0,,,1,1,0,,,,,,,,,,,,,,,,,
P01568,K23,,2018,NIMH,pre_policy,0,0,0,0,0,0,0,0,0,0,0,0,0,0,0,0,0,0,0,0,0,0,0,0,0,0,1,0,0,1,0,0,1,0,0,pre_legacy,0,0,0,1,0,0,0,0,0,0,0,0,0,0,0,0,0,none,k0p0,,,,,0,,,1,1,0,,,,,,,,,,,,,,,,,
P01569,K08,,2018,NIDDK,pre_policy,0,0,0,0,0,0,0,0,0,0,0,0,0,0,0,0,0,0,0,0,0,0,0,0,0,0,0,0,0,0,0,0,1,0,0,pre_legacy,0,0,0,1,0,0,0,0,0,0,0,0,0,0,0,0,0,none,k0p0,,,,,0,,,1,1,0,,,,,,,,,,,,,,,,,
P01570,K08,,2018,NHLBI,pre_policy,0,0,0,0,0,0,0,0,0,0,0,0,0,0,0,0,0,0,0,0,0,0,0,0,0,0,0,0,0,0,0,0,1,0,0,pre_legacy,0,0,0,1,0,0,0,0,0,0,0,0,0,0,0,0,0,none,k0p0,,,,,0,,,1,1,0,,,,,,,,,,,,,,,,,
P01571,K23,,2018,NHLBI,pre_policy,0,0,1,1,1,0,0,0,0,0,0,0,0,0,1,1,0,0,1,0,0,0,0,0,0,0,0,0,0,0,0,0,1,0,0,pre_legacy,0,0,0,1,1,0,1,0,0,0,0,1,0,1,1,1,1,new_trial,k0p1,k0p1,k0p1,k0p1,k0p1,0,,,1,1,0,,,,,,,,,,,,,,,,,
P01572,K23,,2018,NIAMS,pre_policy,0,0,0,0,0,0,0,1,0,0,0,0,0,0,0,0,0,0,0,0,0,0,0,0,0,1,1,1,1,1,1,1,1,0,0,pre_legacy,0,0,0,1,0,0,0,0,0,0,0,0,0,0,0,0,0,none,k0p0,,,,,0,,,1,1,0,,,,,,,,,,,,,,,,,
P01573,K08,,2018,NEI,pre_policy,0,0,0,0,0,0,0,0,0,0,0,0,0,0,0,0,0,0,0,0,0,0,0,0,0,0,0,0,0,1,0,0,1,0,0,pre_legacy,0,0,0,1,0,0,0,0,0,0,0,0,0,0,0,0,0,none,k0p0,,,,,0,,,1,1,0,,,,,,,,,,,,,,,,,
P01574,K08,,2018,NINDS,pre_policy,0,0,0,0,0,0,0,0,0,0,0,0,0,0,0,0,0,0,0,0,0,0,0,0,0,0,0,0,0,0,0,0,1,0,0,pre_legacy,0,0,0,1,0,0,0,0,0,0,0,0,0,0,0,0,0,none,k0p0,,,,,0,,,1,1,0,,,,,,,,,,,,,,,,,
P01575,K23,,2018,NHLBI,pre_policy,0,0,0,0,0,0,0,0,0,0,0,0,0,0,0,0,0,0,0,0,0,0,0,0,0,0,1,0,0,1,0,0,1,0,0,pre_legacy,0,0,0,1,0,0,0,0,0,0,0,0,0,0,0,0,0,none,k0p0,,,,,0,,,1,1,0,,,,,,,,,,,,,,,,,
P01576,K08,,2018,NHLBI,pre_policy,0,0,0,0,0,0,0,0,0,0,0,0,0,0,0,0,0,0,0,0,0,0,0,0,0,0,1,0,0,1,0,0,1,0,0,pre_legacy,0,0,0,1,0,0,0,0,0,0,0,0,0,0,0,0,0,none,k0p0,,,,,0,,,1,1,0,,,,,,,,,,,,,,,,,
P01577,K23,,2018,NIMH,pre_policy,0,0,0,0,0,0,0,1,0,0,0,0,0,0,0,0,0,0,0,0,0,0,0,0,0,1,1,1,1,1,1,1,1,0,0,pre_legacy,0,0,0,1,0,0,0,0,0,0,0,0,0,0,0,0,0,none,k0p0,,,,,0,,,1,1,0,,,,,,,,,,,,,,,,,
P01578,K23,,2018,NIMH,pre_policy,0,0,1,1,0,1,1,0,0,0,0,0,1,0,1,0,0,0,1,0,0,0,1,0,0,0,0,0,0,0,0,0,1,0,1,pre_legacy,0,0,0,1,1,0,1,0,0,0,0,1,0,0,1,1,1,new_trial,k0p1,k0p1,k0p1,k0p1,k0p1,0,,,1,1,0,,,,,,,,,,,,,,,,,
P01579,K23,,2018,NHLBI,pre_policy,0,0,0,0,0,0,0,1,0,0,0,0,0,0,0,0,0,0,0,0,0,0,0,0,0,1,1,1,1,1,1,1,1,0,0,pre_legacy,0,0,0,1,0,0,0,0,0,0,0,0,0,0,0,0,0,none,k0p0,,,,,0,,,1,1,0,,,,,,,,,,,,,,,,,
P01580,K08,,2018,NHLBI,pre_policy,0,0,0,0,0,0,0,1,0,0,0,0,0,0,0,0,0,0,0,0,0,0,0,0,0,1,1,1,1,1,1,1,1,0,0,pre_legacy,0,0,0,1,0,0,0,0,0,0,0,0,0,0,0,0,0,none,k0p0,,,,,0,,,1,1,0,,,,,,,,,,,,,,,,,
P01581,K23,,2018,NIAMS,pre_policy,0,0,0,0,0,0,0,0,0,0,0,0,0,0,0,0,0,0,0,0,0,0,0,0,0,0,0,0,1,1,1,1,1,0,0,pre_legacy,0,0,0,1,1,1,1,0,0,0,0,0,0,0,0,1,0,none,k0p0,,,,,0,,,1,1,0,,,,,,,,,,,,,,,,,
P01582,K23,,2018,NIDDK,pre_policy,0,1,0,0,0,0,0,0,0,0,0,0,0,0,1,0,0,0,0,0,0,0,0,0,0,0,0,0,0,0,0,0,1,0,0,pre_legacy,0,0,0,1,0,0,0,0,0,0,0,0,0,0,0,0,0,none,k0p0,,,,,0,,,1,1,1,0,0,0,0,0,0,0,0,0,0,0,0,0,0,0,0,0
P01583,K23,,2018,NEI,pre_policy,0,0,1,1,1,1,0,0,0,0,0,0,0,0,1,1,0,0,1,0,0,0,0,0,0,0,0,0,0,0,0,0,1,0,0,pre_legacy,0,0,0,1,1,0,1,0,0,0,0,1,0,0,1,1,0,new_trial,k0p1,,,,,0,,,1,1,0,,,,,,,,,,,,,,,,,
P01584,K23,,2018,NIAID,pre_policy,0,0,0,0,0,0,0,1,0,0,0,0,0,0,0,0,0,0,0,0,0,0,0,0,0,1,1,1,1,1,1,1,1,0,0,pre_legacy,0,0,0,1,0,0,0,0,0,0,0,0,0,0,0,0,0,none,k0p0,,,,,0,,,1,1,0,,,,,,,,,,,,,,,,,
P01585,K23,,2018,NIAID,pre_policy,0,0,0,0,0,0,0,0,0,0,0,0,0,0,0,0,1,0,0,0,0,0,0,0,0,0,0,0,0,1,0,0,1,0,0,pre_legacy,0,0,0,1,0,0,0,0,0,0,0,0,0,0,0,0,0,none,k0p0,,,,,0,,,1,1,0,,,,,,,,,,,,,,,,,
P01586,K23,,2018,NINR,pre_policy,0,1,1,1,0,1,0,0,0,1,0,0,1,1,1,1,0,1,1,0,0,0,1,1,0,0,1,0,1,1,1,1,1,0,0,pre_legacy,1,1,0,1,1,0,1,1,0,0,1,1,1,1,1,1,0,new_trial,k1p1,,,,,1,1,1,1,1,1,1,0,1,0,0,1,0,0,0,1,1,1,1,0,1,1,1
P01587,K08,,2018,NHLBI,pre_policy,0,0,0,0,0,0,0,0,0,0,0,0,0,0,0,0,0,0,0,0,0,0,0,0,0,0,1,0,0,1,0,0,1,0,0,pre_legacy,0,0,0,1,0,0,0,0,0,0,0,0,0,0,0,0,0,none,k0p0,,,,,0,,,1,1,0,,,,,,,,,,,,,,,,,
P01588,K23,,2018,NHLBI,pre_policy,0,0,0,0,0,0,0,0,0,0,0,0,0,0,0,0,0,0,0,0,0,0,0,0,0,0,1,0,0,1,0,0,1,0,0,pre_legacy,0,0,0,1,0,0,0,0,0,0,0,0,0,0,0,0,0,none,k0p0,,,,,0,,,1,1,0,,,,,,,,,,,,,,,,,
P01589,K08,,2018,NHLBI,pre_policy,0,0,0,0,0,0,1,0,0,0,0,0,0,0,0,0,0,0,0,0,0,0,0,0,0,0,0,0,1,1,1,1,1,0,1,pre_legacy,0,0,0,1,0,0,0,0,0,0,0,0,0,0,0,0,0,none,k0p0,,,,,0,,,1,1,0,,,,,,,,,,,,,,,,,
P01590,K23,,2018,NHLBI,pre_policy,0,1,1,1,0,1,1,0,0,1,1,0,1,0,1,0,0,1,1,0,0,0,1,1,1,0,1,0,0,1,0,0,1,0,1,pre_legacy,1,1,0,1,1,0,1,1,0,1,1,1,1,0,1,1,0,new_trial,k1p1,,,,,0,,,1,1,1,1,0,1,0,0,1,0,0,0,1,1,1,1,0,1,0,0
P01591,K23,,2018,NIAMS,pre_policy,0,0,0,0,0,0,0,0,0,0,0,0,0,0,0,0,0,0,0,0,0,0,0,0,0,0,1,0,0,1,0,0,1,0,0,pre_legacy,0,0,0,1,1,1,1,0,0,0,0,0,0,0,0,1,0,none,k0p0,,,,,0,,,1,1,0,,,,,,,,,,,,,,,,,
P01592,K08,,2018,NICHD,pre_policy,0,0,0,0,0,0,0,0,0,0,0,0,0,0,0,0,0,0,0,0,0,0,0,0,0,0,1,0,0,1,0,0,1,0,0,pre_legacy,0,0,0,1,0,0,0,0,0,0,0,0,0,0,0,0,0,none,k0p0,,,,,0,,,1,1,0,,,,,,,,,,,,,,,,,
P01593,K23,,2018,NIMH,pre_policy,0,1,0,1,0,0,1,0,0,1,0,0,0,0,0,0,0,1,0,0,0,0,1,1,0,0,0,0,0,0,0,0,1,1,1,pre_legacy,0,0,0,1,0,0,0,1,0,0,1,0,1,0,0,0,0,ktrial_only,k1p0,,,,,0,,,1,1,0,,,,,,,,,,,,,,,,,
P01594,K23,,2018,NIA,pre_policy,0,0,0,0,0,0,0,1,0,0,0,0,0,0,0,0,0,0,0,0,0,0,0,0,0,1,1,1,1,1,1,1,1,0,0,pre_legacy,0,0,0,1,1,1,1,0,0,0,0,0,0,0,0,1,1,none,k0p0,k0p0,k0p0,k0p0,k0p0,0,,,1,1,0,,,,,,,,,,,,,,,,,
P01595,K23,,2018,NHLBI,pre_policy,0,0,0,0,0,0,0,0,0,0,0,0,0,0,0,0,0,0,0,0,0,0,0,0,0,0,0,0,0,0,0,0,1,0,0,pre_legacy,0,0,0,1,0,0,0,0,0,0,0,0,0,0,0,0,1,none,k0p0,k0p0,k0p0,k0p0,k0p0,0,,,1,1,0,,,,,,,,,,,,,,,,,
P01596,K23,,2018,NIA,pre_policy,0,0,0,0,0,0,0,0,0,0,0,0,0,0,0,0,0,0,0,0,0,0,0,0,0,0,0,0,0,0,0,0,1,0,0,pre_legacy,0,0,0,1,1,1,1,0,0,0,0,0,0,0,0,1,0,none,k0p0,,,,,0,,,1,1,0,,,,,,,,,,,,,,,,,
P01597,K23,,2018,NIMH,pre_policy,0,1,1,1,0,1,1,0,0,1,0,0,1,0,1,0,0,1,1,0,1,1,1,1,1,0,0,1,0,0,0,1,1,0,1,pre_legacy,1,1,0,1,1,0,1,1,0,1,1,1,1,0,1,1,1,new_trial,k1p1,k1p1,k1p1,k1p1,k1p1,0,,,1,1,1,1,1,1,0,0,1,0,0,1,0,1,1,0,1,1,0,0
P01598,K23,,2018,NIMH,pre_policy,0,0,0,0,0,0,0,0,0,0,0,0,0,0,0,0,0,0,0,0,0,0,0,0,0,0,0,0,0,0,0,0,1,0,0,pre_legacy,0,0,0,1,0,0,0,0,0,0,0,0,0,0,0,0,0,none,k0p0,,,,,0,,,1,1,0,,,,,,,,,,,,,,,,,
P01599,K08,,2018,NIA,pre_policy,0,0,0,0,0,0,0,0,0,0,0,0,0,0,0,0,0,0,0,0,0,0,0,0,0,0,0,0,0,0,0,0,1,0,0,pre_legacy,0,0,0,1,0,0,0,0,0,0,0,0,0,0,0,0,0,none,k0p0,,,,,0,,,1,1,0,,,,,,,,,,,,,,,,,
P01600,K23,,2018,NIDA,pre_policy,0,1,0,0,0,0,0,0,0,0,0,0,0,0,0,0,0,0,0,0,0,0,0,0,0,0,0,0,0,0,0,0,1,0,0,pre_legacy,0,0,0,1,0,0,0,0,0,0,0,0,0,0,0,0,0,none,k0p0,,,,,1,1,1,1,1,1,0,0,0,0,0,0,0,0,0,0,0,0,0,0,0,0,0
P01601,K23,,2018,NIAAA,pre_policy,0,0,0,0,0,0,0,0,0,0,0,0,0,0,0,0,0,0,0,0,0,0,0,0,0,0,0,0,0,0,0,0,1,0,0,pre_legacy,0,0,0,1,0,0,0,0,0,0,0,0,0,0,0,0,0,none,k0p0,,,,,0,,,1,1,0,,,,,,,,,,,,,,,,,
P01602,K23,,2018,NIDA,pre_policy,0,1,1,1,0,1,1,0,0,0,0,0,1,1,1,1,0,0,1,1,1,0,0,0,0,0,1,0,0,1,0,0,1,0,1,pre_legacy,0,0,0,1,1,0,1,0,0,0,0,1,0,1,1,1,0,new_trial,k0p1,,,,,0,,,1,1,1,0,0,0,0,0,0,0,0,0,0,0,0,0,0,0,0,0
P01603,K23,,2018,NIA,pre_policy,0,1,0,1,0,0,0,0,0,1,0,0,0,0,0,0,0,1,0,0,0,0,1,1,0,0,0,0,0,0,0,0,1,0,0,pre_legacy,1,1,0,1,0,0,0,1,0,0,1,0,1,0,0,0,1,ktrial_only,k1p0,k1p0,k1p0,k1p0,k1p0,0,,,1,1,1,1,1,0,0,0,1,0,0,1,0,1,1,0,0,1,0,0
P01604,K23,,2018,NEI,pre_policy,0,0,1,1,1,1,0,0,0,0,0,0,1,1,1,0,0,0,1,1,0,0,0,0,0,0,0,0,0,0,0,0,1,0,0,pre_legacy,0,0,0,1,1,0,1,0,0,0,0,1,0,0,1,1,0,new_trial,k0p1,,,,,1,0,0,1,1,0,,,,,,,,,,,,,,,,,
P01605,K23,,2018,NIAAA,pre_policy,0,0,0,0,0,0,0,0,0,0,0,0,0,0,0,0,0,0,0,0,0,0,0,0,0,0,0,0,0,0,0,0,1,0,0,pre_legacy,0,0,0,1,0,0,0,0,0,0,0,0,0,0,0,0,0,none,k0p0,,,,,0,,,1,1,0,,,,,,,,,,,,,,,,,
P01606,K23,,2018,NINDS,pre_policy,0,0,0,0,0,0,0,0,0,0,0,0,0,0,0,0,0,0,0,0,0,0,0,0,0,0,0,0,0,0,0,0,1,0,0,pre_legacy,0,0,0,1,0,0,0,0,0,0,0,0,0,0,0,0,0,none,k0p0,,,,,0,,,1,1,0,,,,,,,,,,,,,,,,,
P01607,K08,,2018,NIGMS,pre_policy,0,0,0,0,0,0,0,0,0,0,0,0,0,0,0,0,0,0,0,0,0,0,0,0,0,0,0,0,0,0,0,0,1,0,0,pre_legacy,0,0,0,1,0,0,0,0,0,0,0,0,0,0,0,0,0,none,k0p0,,,,,0,,,1,1,0,,,,,,,,,,,,,,,,,
P01608,K08,,2018,NIAID,pre_policy,0,0,0,0,0,0,0,1,0,0,0,0,0,0,0,0,0,0,0,0,0,0,0,0,0,1,1,1,1,1,1,1,1,0,0,pre_legacy,0,0,0,1,0,0,0,0,0,0,0,0,0,0,0,0,0,none,k0p0,,,,,0,,,1,1,0,,,,,,,,,,,,,,,,,
P01609,K08,,2018,NIAID,pre_policy,0,0,0,0,0,0,0,0,0,0,0,0,0,0,0,0,0,0,0,0,0,0,0,0,0,0,0,0,0,0,0,0,1,0,0,pre_legacy,0,0,0,1,0,0,0,0,0,0,0,0,0,0,0,0,0,none,k0p0,,,,,0,,,1,1,0,,,,,,,,,,,,,,,,,
P01610,K08,,2018,NIAMS,pre_policy,0,0,0,0,0,0,0,1,0,0,0,0,0,0,0,0,0,0,0,0,0,0,0,0,0,1,1,1,1,1,1,1,1,0,0,pre_legacy,0,0,0,1,0,0,0,0,0,0,0,0,0,0,0,0,0,none,k0p0,,,,,0,,,1,1,0,,,,,,,,,,,,,,,,,
P01611,K23,,2018,NHLBI,pre_policy,0,1,0,0,0,0,0,0,0,0,0,0,0,0,0,0,0,0,0,0,0,0,0,0,0,0,0,0,0,0,0,0,1,0,0,pre_legacy,0,0,0,1,0,0,0,0,0,0,0,0,0,0,0,0,0,none,k0p0,,,,,0,,,1,1,1,0,0,0,0,0,0,0,0,0,0,0,0,0,0,0,0,0
P01612,K23,,2018,NHLBI,pre_policy,0,0,0,0,0,0,0,0,0,0,0,0,0,0,0,0,0,0,0,0,0,0,0,0,0,0,0,0,0,0,0,0,1,0,0,pre_legacy,0,0,0,1,0,0,0,0,0,0,0,0,0,0,0,0,0,none,k0p0,,,,,1,0,0,1,1,0,,,,,,,,,,,,,,,,,
P01613,K23,,2018,NINR,pre_policy,0,1,0,1,0,0,1,0,0,1,0,0,0,0,0,0,0,1,0,0,0,0,1,0,1,0,0,0,0,0,0,0,1,0,0,pre_legacy,1,0,0,1,0,0,0,0,0,1,1,0,1,0,0,0,0,ktrial_only,k1p0,,,,,0,,,1,1,1,1,0,1,0,0,1,0,0,0,0,1,1,1,0,0,1,1
P01614,K23,,2018,NIAID,pre_policy,0,0,0,0,0,0,0,1,0,0,0,0,0,0,0,0,0,0,0,0,0,0,0,0,0,1,1,1,1,1,1,1,1,0,0,pre_legacy,0,0,0,1,0,0,0,0,0,0,0,0,0,0,0,0,0,none,k0p0,,,,,0,,,1,1,0,,,,,,,,,,,,,,,,,
P01615,K08,,2018,NIAID,pre_policy,0,0,0,0,0,0,0,0,0,0,0,0,0,0,0,0,0,0,0,0,0,0,0,0,0,0,0,0,0,0,0,0,1,0,0,pre_legacy,0,0,0,1,0,0,0,0,0,0,0,0,0,0,0,0,0,none,k0p0,,,,,0,,,1,1,0,,,,,,,,,,,,,,,,,
P01616,K23,,2018,NIMH,pre_policy,0,0,0,0,0,0,0,0,1,0,0,0,0,0,0,0,0,0,0,0,0,0,0,0,0,0,0,0,0,0,0,0,1,0,0,pre_legacy,0,0,0,1,0,0,0,0,0,0,0,0,0,0,0,0,0,none,k0p0,,,,,0,,,1,1,0,,,,,,,,,,,,,,,,,
P01617,K23,,2018,NIDDK,pre_policy,0,0,1,1,1,0,0,0,0,0,0,1,1,1,1,1,0,0,1,1,0,0,0,0,0,0,0,0,0,0,0,0,1,0,0,pre_legacy,0,0,0,1,1,0,1,0,0,0,0,1,0,1,1,1,1,new_trial,k0p1,k0p1,k0p1,k0p1,k0p1,0,,,1,1,0,,,,,,,,,,,,,,,,,
P01618,K23,,2018,NHLBI,pre_policy,0,0,1,1,0,0,0,0,0,0,0,1,1,0,1,1,0,0,1,0,1,1,0,0,0,0,0,1,0,0,0,1,1,0,0,pre_legacy,0,0,0,1,1,0,1,0,0,0,0,1,0,1,1,1,0,new_trial,k0p1,,,,,0,,,1,1,0,,,,,,,,,,,,,,,,,
P01619,K08,,2018,NIDDK,pre_policy,0,0,0,0,0,0,0,1,0,0,0,0,0,0,0,0,0,0,0,0,0,0,0,0,0,1,1,1,1,1,1,1,1,0,0,pre_legacy,0,0,0,1,0,0,0,0,0,0,0,0,0,0,0,0,0,none,k0p0,,,,,0,,,1,1,0,,,,,,,,,,,,,,,,,
P01620,K08,,2018,NIDDK,pre_policy,0,0,0,0,0,0,0,0,0,0,0,0,0,0,0,0,0,0,0,0,0,0,0,0,0,0,0,0,0,0,0,0,1,0,0,pre_legacy,0,0,0,1,0,0,0,0,0,0,0,0,0,0,0,0,0,none,k0p0,,,,,0,,,1,1,0,,,,,,,,,,,,,,,,,
P01621,K23,,2018,NHLBI,pre_policy,0,1,0,1,0,0,0,0,0,1,0,0,0,0,0,0,0,1,0,0,0,0,1,1,0,0,0,0,0,0,0,0,1,0,0,pre_legacy,1,1,1,1,0,0,0,1,0,0,1,0,1,0,0,0,0,ktrial_only,k1p0,,,,,0,,,1,1,1,1,1,0,0,0,1,0,0,1,0,1,1,0,0,1,1,1
P01622,K23,,2018,NIDDK,pre_policy,0,0,0,0,0,0,0,1,0,0,0,0,0,0,0,0,0,0,0,0,0,0,0,0,0,1,1,1,1,1,1,1,1,0,0,pre_legacy,0,0,0,1,0,0,0,0,0,0,0,0,0,0,0,0,0,none,k0p0,,,,,0,,,1,1,0,,,,,,,,,,,,,,,,,
P01623,K08,,2018,NEI,pre_policy,0,0,0,0,0,0,0,1,0,0,0,0,0,0,0,0,0,0,0,0,0,0,0,0,0,1,1,1,1,1,1,1,1,0,0,pre_legacy,0,0,0,1,0,0,0,0,0,0,0,0,0,0,0,0,0,none,k0p0,,,,,0,,,1,1,0,,,,,,,,,,,,,,,,,
P01624,K23,,2018,NIGMS,pre_policy,0,1,0,1,0,0,0,0,0,1,1,0,0,0,0,0,0,1,0,0,0,0,1,0,1,0,0,1,0,0,0,1,1,0,0,pre_legacy,1,1,0,1,0,0,0,0,0,1,1,0,1,0,0,0,0,ktrial_only,k1p0,,,,,0,,,1,1,1,1,0,1,0,0,1,0,0,0,0,1,1,1,0,1,1,1
P01625,K23,,2018,NHLBI,pre_policy,0,0,0,0,0,0,0,0,0,0,0,0,0,0,0,0,0,0,0,0,0,0,0,0,0,0,0,0,0,0,0,0,1,0,0,pre_legacy,0,0,0,1,0,0,0,0,0,0,0,0,0,0,0,0,0,none,k0p0,,,,,0,,,1,1,0,,,,,,,,,,,,,,,,,
P01626,K23,,2018,NHLBI,pre_policy,0,0,0,0,0,0,1,0,0,0,0,0,0,0,0,0,0,0,0,0,0,0,0,0,0,0,0,0,0,0,0,0,1,0,1,pre_legacy,0,0,0,1,0,0,0,0,0,0,0,0,0,0,0,0,0,none,k0p0,,,,,0,,,1,1,0,,,,,,,,,,,,,,,,,
P01627,K08,,2018,NIDDK,pre_policy,0,0,1,1,1,1,1,1,0,0,0,0,1,1,1,1,0,0,1,1,0,0,0,0,0,1,1,1,1,1,1,1,1,0,1,pre_legacy,0,0,0,1,1,0,1,0,0,0,0,1,0,0,1,1,0,new_trial,k0p1,,,,,0,,,1,1,0,,,,,,,,,,,,,,,,,
P01628,K08,,2018,NIDDK,pre_policy,0,0,0,0,0,0,0,0,0,0,0,0,0,0,0,0,0,0,0,0,0,0,0,0,0,0,0,0,0,0,0,0,1,0,0,pre_legacy,0,0,0,1,0,0,0,0,0,0,0,0,0,0,0,0,0,none,k0p0,,,,,0,,,1,1,0,,,,,,,,,,,,,,,,,
P01629,K23,,2018,NIDA,pre_policy,0,1,1,1,1,1,0,0,0,1,1,0,1,0,1,1,0,1,1,0,1,1,1,1,1,1,1,1,1,1,1,1,1,0,0,pre_legacy,1,1,0,1,1,0,1,1,0,1,1,1,1,1,1,1,1,new_trial,k1p1,k1p1,k1p1,k1p1,k1p1,1,1,1,1,1,1,1,0,1,0,1,1,0,1,0,1,1,1,1,0,1,1,1
P01630,K08,,2018,NIAID,pre_policy,0,0,0,0,0,0,0,1,0,0,0,0,0,0,0,0,0,0,0,0,0,0,0,0,0,1,1,1,1,1,1,1,1,0,0,pre_legacy,0,0,0,1,0,0,0,0,0,0,0,0,0,0,0,0,0,none,k0p0,,,,,0,,,1,1,0,,,,,,,,,,,,,,,,,
P01631,K08,,2018,NIAID,pre_policy,0,0,0,0,0,0,0,0,0,0,0,0,0,0,0,0,0,0,0,0,0,0,0,0,0,0,0,0,0,0,0,0,1,0,0,pre_legacy,0,0,0,1,0,0,0,0,0,0,0,0,0,0,0,0,0,none,k0p0,,,,,0,,,1,1,0,,,,,,,,,,,,,,,,,
P01632,K23,,2018,NIAAA,pre_policy,0,1,0,0,0,0,0,1,0,0,0,0,0,0,0,0,0,0,0,0,0,0,0,0,0,1,1,1,1,1,1,1,1,0,0,pre_legacy,0,0,0,1,0,0,0,0,0,0,0,0,0,0,0,0,1,none,k0p0,k0p0,k0p0,k0p0,k0p0,0,,,1,1,1,0,0,0,0,0,0,0,0,0,0,0,0,0,0,0,0,0
P01633,K23,,2018,NHLBI,pre_policy,0,0,0,0,0,0,0,0,0,0,0,0,0,0,0,0,0,0,0,0,0,0,0,0,0,0,1,0,0,1,0,0,1,0,0,pre_legacy,0,0,0,1,1,1,1,0,0,0,0,0,0,0,0,1,0,none,k0p0,,,,,0,,,1,1,0,,,,,,,,,,,,,,,,,
P01634,K08,,2018,NIGMS,pre_policy,0,0,0,0,0,0,1,1,0,0,0,0,0,0,0,0,0,0,0,0,0,0,0,0,0,1,1,1,1,1,1,1,1,0,1,pre_legacy,0,0,0,1,0,0,0,0,0,0,0,0,0,0,0,0,0,none,k0p0,,,,,0,,,1,1,0,,,,,,,,,,,,,,,,,
P01635,K08,,2018,NIAID,pre_policy,0,0,0,0,0,0,0,0,0,0,0,0,0,0,0,0,0,0,0,0,0,0,0,0,0,1,1,1,1,1,1,1,1,0,0,pre_legacy,0,0,0,1,0,0,0,0,0,0,0,0,0,0,0,0,0,none,k0p0,,,,,0,,,1,1,0,,,,,,,,,,,,,,,,,
P01636,K23,,2018,NHLBI,pre_policy,0,0,0,0,0,0,0,0,0,0,0,0,0,0,0,0,0,0,0,0,0,0,0,0,0,0,1,0,0,1,0,0,1,0,0,pre_legacy,0,0,0,1,1,1,1,0,0,0,0,0,0,0,0,1,0,none,k0p0,,,,,0,,,1,1,0,,,,,,,,,,,,,,,,,
P01637,K23,,2018,NCCIH,pre_policy,0,1,1,1,1,0,1,1,0,1,0,1,0,0,1,1,0,1,1,0,0,0,1,1,0,1,1,1,1,1,1,1,1,0,1,pre_legacy,1,1,1,1,1,0,1,1,0,0,1,1,0,1,1,1,0,new_trial,k1p1,,,,,0,,,1,1,1,1,1,0,0,0,1,0,0,1,0,1,1,1,0,1,0,0
P01638,K23,,2018,NIMH,pre_policy,0,0,1,1,1,1,0,0,0,0,0,0,1,0,1,1,0,0,1,0,0,0,0,0,0,0,1,0,0,1,0,0,1,0,0,pre_legacy,0,0,0,1,1,0,1,0,0,0,0,1,0,1,1,1,1,new_trial,k0p1,k0p1,k0p1,k0p1,k0p1,0,,,1,1,0,,,,,,,,,,,,,,,,,
P01639,K08,,2018,NCI,pre_policy,0,0,0,0,0,0,0,0,0,0,0,0,0,0,0,0,0,0,0,0,0,0,0,0,0,0,0,0,0,0,0,0,1,0,0,pre_legacy,0,0,0,1,1,1,1,0,0,0,0,0,0,0,0,1,0,none,k0p0,,,,,0,,,1,1,0,,,,,,,,,,,,,,,,,
P01640,K23,,2018,NIMH,pre_policy,0,1,0,0,0,0,0,1,0,0,0,0,0,0,0,0,0,0,0,0,0,0,0,0,0,1,1,1,1,1,1,1,1,0,0,pre_legacy,0,0,0,1,1,1,1,0,0,0,0,0,0,0,0,1,0,none,k0p0,,,,,0,,,1,1,1,0,0,0,0,0,0,0,0,0,0,0,0,0,0,0,0,0
P01641,K23,,2018,NIMH,pre_policy,0,0,0,1,0,0,0,0,0,1,0,0,0,0,0,0,0,1,0,0,0,0,1,1,0,0,0,0,0,0,0,0,1,0,0,pre_legacy,1,1,0,1,0,0,0,1,0,0,1,0,1,0,0,0,1,ktrial_only,k1p0,k1p0,k1p0,k1p0,k1p0,0,,,1,1,0,,,,,,,,,,,,,,,,,
P01642,K23,,2018,NIDDK,pre_policy,0,0,0,0,0,0,0,1,0,0,0,0,0,0,0,0,0,0,0,0,0,0,0,0,0,1,1,1,1,1,1,1,1,0,0,pre_legacy,0,0,0,1,0,0,0,0,0,0,0,0,0,0,0,0,0,none,k0p0,,,,,0,,,1,1,0,,,,,,,,,,,,,,,,,
P01643,K08,,2018,NHLBI,pre_policy,0,0,1,1,0,1,0,1,0,0,0,0,1,0,1,1,0,0,1,0,0,0,0,0,0,1,1,1,1,1,1,1,1,0,0,pre_legacy,0,0,0,1,1,0,1,0,0,0,0,1,0,0,1,1,0,new_trial,k0p1,,,,,0,,,1,1,0,,,,,,,,,,,,,,,,,
P01644,K23,,2018,NIDA,pre_policy,0,1,0,0,0,0,0,1,0,0,0,0,0,0,0,0,0,0,0,0,0,0,0,0,0,1,1,1,1,1,1,1,1,0,0,pre_legacy,0,0,0,1,0,0,0,0,0,0,0,0,0,0,0,0,0,none,k0p0,,,,,1,1,1,1,1,1,0,0,0,0,0,0,0,0,0,0,0,0,0,0,0,0,0
P01645,K08,,2018,NCI,pre_policy,0,0,0,0,0,0,0,0,0,0,0,0,0,0,0,0,0,0,0,0,0,0,0,0,0,0,0,0,0,0,0,0,1,0,0,pre_legacy,0,0,0,1,1,1,1,0,0,0,0,0,0,0,0,1,0,none,k0p0,,,,,0,,,1,1,0,,,,,,,,,,,,,,,,,
P01646,K23,,2018,NIAAA,pre_policy,0,1,0,1,0,0,0,1,0,1,0,0,0,0,0,0,0,1,0,0,0,0,1,1,0,1,1,1,1,1,1,1,1,0,0,pre_legacy,1,1,0,1,0,0,0,1,0,0,1,0,0,0,0,0,0,ktrial_only,k1p0,,,,,0,,,1,1,1,1,1,0,0,0,1,0,0,1,0,1,1,1,0,1,1,1
P01647,K23,,2018,NIDDK,pre_policy,0,0,0,0,0,0,0,0,0,0,0,0,0,0,0,0,0,0,0,0,0,0,0,0,0,0,0,0,0,0,0,0,1,0,0,pre_legacy,0,0,0,1,0,0,0,0,0,0,0,0,0,0,0,0,0,none,k0p0,,,,,0,,,1,1,0,,,,,,,,,,,,,,,,,
P01648,K08,,2018,NIDDK,pre_policy,0,0,0,0,0,0,0,0,0,0,0,0,0,0,0,0,0,0,0,0,0,0,0,0,0,0,1,0,0,1,0,0,1,0,0,pre_legacy,0,0,0,1,0,0,0,0,0,0,0,0,0,0,0,0,0,none,k0p0,,,,,0,,,1,1,0,,,,,,,,,,,,,,,,,
P01649,K08,,2018,NHLBI,pre_policy,0,0,0,0,0,0,0,0,0,0,0,0,0,0,0,0,0,0,0,0,0,0,0,0,0,0,0,0,0,0,0,0,1,0,0,pre_legacy,0,0,0,1,0,0,0,0,0,0,0,0,0,0,0,0,0,none,k0p0,,,,,0,,,1,1,0,,,,,,,,,,,,,,,,,
P01650,K08,,2018,NIDDK,pre_policy,0,0,0,0,0,0,0,1,0,0,0,0,0,0,0,0,0,0,0,0,0,0,0,0,0,1,1,1,1,1,1,1,1,0,0,pre_legacy,0,0,0,1,0,0,0,0,0,0,0,0,0,0,0,0,0,none,k0p0,,,,,0,,,1,1,0,,,,,,,,,,,,,,,,,
P01651,K23,,2018,NIDDK,pre_policy,0,0,1,1,1,1,0,1,0,0,0,1,1,1,1,1,0,0,1,0,1,1,0,0,0,1,1,1,1,1,1,1,1,0,0,pre_legacy,0,0,0,1,1,0,1,0,0,0,0,1,0,1,1,1,1,new_trial,k0p1,k0p1,k0p1,k0p1,k0p1,0,,,1,1,0,,,,,,,,,,,,,,,,,
P01652,K08,,2018,NHLBI,pre_policy,0,0,0,0,0,0,0,1,0,0,0,0,0,0,0,0,0,0,0,0,0,0,0,0,0,1,1,1,1,1,1,1,1,0,0,pre_legacy,0,0,0,1,0,0,0,0,0,0,0,0,0,0,0,0,0,none,k0p0,,,,,0,,,1,1,0,,,,,,,,,,,,,,,,,
P01653,K08,,2018,NHLBI,pre_policy,0,0,0,0,0,0,0,0,0,0,0,0,0,0,0,0,0,0,0,0,0,0,0,0,0,0,1,0,0,1,0,0,1,0,0,pre_legacy,0,0,0,1,0,0,0,0,0,0,0,0,0,0,0,0,0,none,k0p0,,,,,0,,,1,1,0,,,,,,,,,,,,,,,,,
P01654,K23,,2018,NIA,pre_policy,0,1,0,1,0,0,0,0,0,1,0,0,0,0,0,0,0,1,0,0,0,0,1,1,0,0,0,0,0,0,0,0,1,0,0,pre_legacy,1,1,1,1,0,0,0,1,0,0,1,0,0,0,0,0,1,ktrial_only,k1p0,k1p0,k1p0,k1p0,k1p0,0,,,1,1,1,1,1,0,0,0,1,0,0,1,0,1,1,1,0,1,0,0
P01655,K23,,2018,NIDDK,pre_policy,0,0,0,0,0,0,0,1,0,0,0,0,0,0,0,0,0,0,0,0,0,0,0,0,0,1,1,1,1,1,1,1,1,0,0,pre_legacy,0,0,0,1,0,0,0,0,0,0,0,0,0,0,0,0,0,none,k0p0,,,,,1,0,0,1,1,0,,,,,,,,,,,,,,,,,
P01656,K08,,2018,NIDCR,pre_policy,0,0,0,0,0,0,0,0,0,0,0,0,0,0,0,0,0,0,0,0,0,0,0,0,0,0,0,0,0,0,0,0,1,0,0,pre_legacy,0,0,0,1,0,0,0,0,0,0,0,0,0,0,0,0,0,none,k0p0,,,,,0,,,1,1,0,,,,,,,,,,,,,,,,,
P01657,K08,,2018,NIDCR,pre_policy,0,0,0,0,0,0,0,0,0,0,0,0,0,0,0,0,0,0,0,0,0,0,0,0,0,0,0,0,0,0,0,0,1,0,0,pre_legacy,0,0,0,1,0,0,0,0,0,0,0,0,0,0,0,0,0,none,k0p0,,,,,0,,,1,1,0,,,,,,,,,,,,,,,,,
P01658,K08,,2018,NIMH,pre_policy,0,0,0,0,0,0,0,0,0,0,0,0,0,0,0,0,0,0,0,0,0,0,0,0,0,0,1,0,0,1,0,0,1,0,0,pre_legacy,0,0,0,1,0,0,0,0,0,0,0,0,0,0,0,0,0,none,k0p0,,,,,0,,,1,1,0,,,,,,,,,,,,,,,,,
P01659,K23,,2018,NIDDK,pre_policy,0,0,1,1,1,1,0,0,0,0,0,1,0,0,1,1,0,0,1,0,0,0,0,0,0,0,1,0,0,1,0,0,1,0,0,pre_legacy,0,0,0,1,1,0,1,0,0,0,0,1,0,1,1,1,0,new_trial,k0p1,,,,,0,,,1,1,0,,,,,,,,,,,,,,,,,
P01660,K23,,2018,NINDS,pre_policy,0,0,0,0,0,0,0,0,0,0,0,0,0,0,0,0,0,0,0,0,0,0,0,0,0,0,0,0,0,0,0,0,1,0,0,pre_legacy,0,0,0,1,0,0,0,0,0,0,0,0,0,0,0,0,0,none,k0p0,,,,,0,,,1,1,0,,,,,,,,,,,,,,,,,
P01661,K08,,2018,NEI,pre_policy,0,0,0,0,0,0,0,0,0,0,0,0,0,0,0,0,0,0,0,0,0,0,0,0,0,0,1,0,0,1,0,0,1,0,0,pre_legacy,0,0,0,1,0,0,0,0,0,0,0,0,0,0,0,0,0,none,k0p0,,,,,0,,,1,1,0,,,,,,,,,,,,,,,,,
P01662,K08,,2018,NIDDK,pre_policy,0,0,0,0,0,0,0,0,0,0,0,0,0,0,0,0,0,0,0,0,0,0,0,0,0,0,1,0,0,1,0,0,1,0,0,pre_legacy,0,0,0,1,0,0,0,0,0,0,0,0,0,0,0,0,0,none,k0p0,,,,,0,,,1,1,0,,,,,,,,,,,,,,,,,
P01663,K23,,2018,NICHD,pre_policy,0,1,0,0,0,0,0,0,0,0,0,0,0,0,0,0,0,0,0,0,0,0,0,0,0,0,0,0,0,0,0,0,1,0,0,pre_legacy,0,0,0,1,0,0,0,0,0,0,0,0,0,0,0,0,1,none,k0p0,k0p0,k0p0,k0p0,k0p0,0,,,1,1,1,0,0,0,0,0,0,0,0,0,0,0,0,0,0,0,0,0
P01664,K23,,2018,NINDS,pre_policy,0,0,0,0,0,0,0,0,0,0,0,0,0,0,0,0,0,0,0,0,0,0,0,0,0,0,1,0,0,1,0,0,1,0,0,pre_legacy,0,0,0,1,0,0,0,0,0,0,0,0,0,0,0,0,1,none,k0p0,k0p0,k0p0,k0p0,k0p0,0,,,1,1,0,,,,,,,,,,,,,,,,,
P01665,K23,,2018,NHLBI,pre_policy,0,0,0,0,0,0,0,0,0,0,0,0,0,0,0,0,0,0,0,0,0,0,0,0,0,0,1,0,0,1,0,0,1,0,0,pre_legacy,0,0,0,1,0,0,0,0,0,0,0,0,0,0,0,0,0,none,k0p0,,,,,0,,,1,1,0,,,,,,,,,,,,,,,,,
P01666,K23,,2018,NIDA,pre_policy,0,0,0,0,0,0,0,0,0,0,0,0,0,0,0,0,0,0,0,0,0,0,0,0,0,0,0,0,0,0,0,0,1,0,0,pre_legacy,0,0,0,1,0,0,0,0,0,0,0,0,0,0,0,0,0,none,k0p0,,,,,0,,,1,1,0,,,,,,,,,,,,,,,,,
P01667,K23,,2018,NIMH,pre_policy,0,0,0,0,0,0,0,0,0,0,0,0,0,0,0,0,0,0,0,0,0,0,0,0,0,0,0,0,0,0,0,0,1,0,0,pre_legacy,0,0,0,1,0,0,0,0,0,0,0,0,0,0,0,0,0,none,k0p0,,,,,1,0,0,1,1,0,,,,,,,,,,,,,,,,,
P01668,K23,,2018,NIDDK,pre_policy,0,1,1,1,0,1,0,0,0,1,0,0,1,0,1,1,0,1,1,0,0,0,1,1,0,0,0,0,0,0,0,0,1,0,0,pre_legacy,1,1,1,1,1,0,1,1,0,0,1,1,1,1,1,1,1,new_trial,k1p1,k1p1,k1p1,k1p1,k1p1,0,,,1,1,1,1,1,0,0,0,1,0,0,1,0,1,1,1,0,1,0,0
P01669,K08,,2018,NHLBI,pre_policy,0,0,0,0,0,0,0,0,0,0,0,0,0,0,0,0,0,0,0,0,0,0,0,0,0,0,0,0,0,1,0,0,1,0,0,pre_legacy,0,0,0,1,0,0,0,0,0,0,0,0,0,0,0,0,0,none,k0p0,,,,,0,,,1,1,0,,,,,,,,,,,,,,,,,
P01670,K23,,2018,NIDDK,pre_policy,0,0,0,0,0,0,0,0,0,0,0,0,0,0,0,0,0,0,0,0,0,0,0,0,0,0,1,0,0,1,0,0,1,0,0,pre_legacy,0,0,0,1,0,0,0,0,0,0,0,0,0,0,0,0,0,none,k0p0,,,,,0,,,1,1,0,,,,,,,,,,,,,,,,,
P01671,K23,,2018,NICHD,pre_policy,0,0,0,0,0,0,0,0,0,0,0,0,0,0,0,0,0,0,0,0,0,0,0,0,0,0,0,0,0,0,0,0,1,0,0,pre_legacy,0,0,0,1,0,0,0,0,0,0,0,0,0,0,0,0,0,none,k0p0,,,,,0,,,1,1,0,,,,,,,,,,,,,,,,,
P01672,K23,,2018,NICHD,pre_policy,0,0,0,0,0,0,0,1,0,0,0,0,0,0,0,0,0,0,0,0,0,0,0,0,0,1,1,1,1,1,1,1,1,0,0,pre_legacy,0,0,0,1,0,0,0,0,0,0,0,0,0,0,0,0,0,none,k0p0,,,,,0,,,1,1,0,,,,,,,,,,,,,,,,,
P01673,K08,,2018,NHLBI,pre_policy,0,0,0,0,0,0,0,0,0,0,0,0,0,0,0,0,0,0,0,0,0,0,0,0,0,0,0,0,0,0,0,0,1,0,0,pre_legacy,0,0,0,1,0,0,0,0,0,0,0,0,0,0,0,0,0,none,k0p0,,,,,0,,,1,1,0,,,,,,,,,,,,,,,,,
P01674,K23,,2018,NIMH,pre_policy,0,1,0,1,0,0,0,0,0,1,0,0,0,0,0,0,0,1,0,0,0,0,1,1,0,0,0,0,0,0,0,0,1,0,0,pre_legacy,1,1,1,1,0,0,0,1,0,0,1,0,0,0,0,0,0,ktrial_only,k1p0,,,,,1,1,1,1,1,1,1,0,1,0,0,1,0,0,0,1,1,1,1,0,1,1,1
P01675,K08,,2018,NIDDK,pre_policy,0,0,0,0,0,0,0,0,0,0,0,0,0,0,0,0,0,0,0,0,0,0,0,0,0,0,0,0,0,0,0,0,1,0,0,pre_legacy,0,0,0,1,0,0,0,0,0,0,0,0,0,0,0,0,0,none,k0p0,,,,,0,,,1,1,0,,,,,,,,,,,,,,,,,
P01676,K08,,2018,NHLBI,pre_policy,0,0,0,0,0,0,0,0,0,0,0,0,0,0,0,0,0,0,0,0,0,0,0,0,0,0,0,0,0,0,0,0,1,0,0,pre_legacy,0,0,0,1,0,0,0,0,0,0,0,0,0,0,0,0,0,none,k0p0,,,,,0,,,1,1,0,,,,,,,,,,,,,,,,,
P01677,K08,,2018,NIDDK,pre_policy,0,0,0,0,0,0,0,0,0,0,0,0,0,0,0,0,0,0,0,0,0,0,0,0,0,0,0,0,0,0,0,0,1,0,0,pre_legacy,0,0,0,1,0,0,0,0,0,0,0,0,0,0,0,0,0,none,k0p0,,,,,0,,,1,1,0,,,,,,,,,,,,,,,,,
P01678,K23,,2018,NINDS,pre_policy,0,0,0,0,0,0,0,0,0,0,0,0,0,0,0,0,0,0,0,0,0,0,0,0,0,0,0,0,0,0,0,0,1,0,0,pre_legacy,0,0,0,1,0,0,0,0,0,0,0,0,0,0,0,0,0,none,k0p0,,,,,0,,,1,1,0,,,,,,,,,,,,,,,,,
P01679,K08,,2018,NIDCR,pre_policy,0,0,0,0,0,0,0,0,0,0,0,0,0,0,0,0,0,0,0,0,0,0,0,0,0,0,0,0,0,0,0,0,1,0,0,pre_legacy,0,0,0,1,0,0,0,0,0,0,0,0,0,0,0,0,0,none,k0p0,,,,,0,,,1,1,0,,,,,,,,,,,,,,,,,
P01680,K23,,2018,NINDS,pre_policy,0,0,0,0,0,0,0,0,0,0,0,0,0,0,0,0,0,0,0,0,0,0,0,0,0,0,0,0,0,0,0,0,1,0,0,pre_legacy,0,0,0,1,0,0,0,0,0,0,0,0,0,0,0,0,0,none,k0p0,,,,,0,,,1,1,0,,,,,,,,,,,,,,,,,
P01681,K23,,2018,NHLBI,pre_policy,0,0,0,0,0,0,0,0,0,0,0,0,0,0,0,0,0,0,0,0,0,0,0,0,0,0,1,0,0,1,0,0,1,0,0,pre_legacy,0,0,0,1,0,0,0,0,0,0,0,0,0,0,0,0,0,none,k0p0,,,,,0,,,1,1,0,,,,,,,,,,,,,,,,,
P01682,K08,,2018,NCI,pre_policy,0,0,0,0,0,0,0,0,0,0,0,0,0,0,0,0,0,0,0,0,0,0,0,0,0,0,0,0,1,1,1,1,1,0,0,pre_legacy,0,0,0,1,0,0,0,0,0,0,0,0,0,0,0,0,0,none,k0p0,,,,,0,,,1,1,0,,,,,,,,,,,,,,,,,
P01683,K08,,2018,NIDDK,pre_policy,0,0,0,0,0,0,0,1,0,0,0,0,0,0,0,0,0,0,0,0,0,0,0,0,0,1,1,1,1,1,1,1,1,0,0,pre_legacy,0,0,0,1,0,0,0,0,0,0,0,0,0,0,0,0,0,none,k0p0,,,,,0,,,1,1,0,,,,,,,,,,,,,,,,,
P01684,K23,,2018,NIMH,pre_policy,0,1,0,1,0,0,0,0,0,1,0,0,0,0,0,0,0,1,0,0,0,0,1,1,0,0,0,0,0,0,0,0,1,0,0,pre_legacy,1,1,1,1,1,1,1,1,0,0,1,0,0,0,0,1,1,ktrial_only,k1p0,k1p0,k1p0,k1p0,k1p0,0,,,1,1,1,1,1,0,0,0,1,0,0,1,0,1,1,0,0,1,1,1
P01685,K08,,2018,NINDS,pre_policy,0,0,0,0,0,0,0,0,0,0,0,0,0,0,0,0,0,0,0,0,0,0,0,0,0,0,1,0,0,1,0,0,1,0,0,pre_legacy,0,0,0,1,0,0,0,0,0,0,0,0,0,0,0,0,0,none,k0p0,,,,,0,,,1,1,0,,,,,,,,,,,,,,,,,
P01686,K08,,2018,NCI,pre_policy,0,1,1,1,0,1,1,0,0,1,0,0,0,0,1,0,0,1,1,0,0,0,1,0,1,0,1,0,0,1,0,0,1,0,1,pre_legacy,0,0,0,1,1,0,1,0,0,1,1,1,0,1,1,1,0,new_trial,k1p1,,,,,0,,,1,1,0,,,,,,,,,,,,,,,,,
P01687,K23,,2018,NIMH,pre_policy,0,1,1,1,0,0,0,0,0,1,0,0,0,0,1,1,0,1,1,0,0,0,1,1,0,0,0,0,0,0,0,0,1,0,0,pre_legacy,1,1,1,1,1,0,1,1,0,0,1,1,1,1,1,1,0,new_trial,k1p1,,,,,0,,,1,1,1,1,1,0,0,0,1,0,0,1,0,1,1,0,0,1,0,0
P01688,K23,,2018,NIDDK,pre_policy,0,1,0,1,0,0,0,0,0,1,0,0,0,0,0,0,0,1,0,0,0,0,1,1,0,0,1,0,0,1,0,0,1,0,0,pre_legacy,1,0,0,1,1,1,1,1,0,0,1,0,1,0,0,1,1,ktrial_only,k1p0,k1p0,k1p0,k1p0,k1p0,0,,,1,1,1,1,1,0,0,0,1,0,0,1,0,1,1,0,0,0,1,1
P01689,K23,,2018,NINDS,pre_policy,0,0,0,0,0,0,0,1,0,0,0,0,0,0,0,0,0,0,0,0,0,0,0,0,0,1,1,1,1,1,1,1,1,0,0,pre_legacy,0,0,0,1,0,0,0,0,0,0,0,0,0,0,0,0,0,none,k0p0,,,,,0,,,1,1,0,,,,,,,,,,,,,,,,,
P01690,K23,,2018,NIMH,pre_policy,0,1,0,0,0,0,0,0,0,0,0,0,0,0,0,0,0,0,0,0,0,0,0,0,0,0,0,0,1,1,1,1,1,0,0,pre_legacy,0,0,0,1,0,0,0,0,0,0,0,0,0,0,0,0,0,none,k0p0,,,,,0,,,1,1,1,0,0,0,0,0,0,0,0,0,0,0,0,0,0,0,0,0
P01691,K23,,2018,NIAID,pre_policy,0,0,0,0,0,0,0,0,0,0,0,0,0,0,0,0,0,0,0,0,0,0,0,0,0,0,0,0,0,0,0,0,1,0,0,pre_legacy,0,0,0,1,0,0,0,0,0,0,0,0,0,0,0,0,0,none,k0p0,,,,,0,,,1,1,0,,,,,,,,,,,,,,,,,
P01692,K23,,2018,NINDS,pre_policy,0,1,0,1,0,0,0,0,0,1,1,0,0,0,0,0,0,1,0,0,0,0,1,1,0,0,0,0,0,0,0,0,1,0,0,pre_legacy,1,1,1,1,0,0,0,1,0,0,1,0,1,0,0,0,1,ktrial_only,k1p0,k1p0,k1p0,k1p0,k1p0,0,,,1,1,1,1,0,1,0,0,1,0,0,0,1,1,1,1,0,1,0,0
P01693,K23,,2018,NIAID,pre_policy,0,0,0,0,0,0,0,1,0,0,0,0,0,0,0,0,0,0,0,0,0,0,0,0,0,1,1,1,1,1,1,1,1,0,0,pre_legacy,0,0,0,1,0,0,0,0,0,0,0,0,0,0,0,0,0,none,k0p0,,,,,0,,,1,1,0,,,,,,,,,,,,,,,,,
P01694,K08,,2018,NIDDK,pre_policy,0,0,0,0,0,0,0,0,0,0,0,0,0,0,0,0,0,0,0,0,0,0,0,0,0,0,1,0,0,1,0,0,1,0,0,pre_legacy,0,0,0,1,0,0,0,0,0,0,0,0,0,0,0,0,0,none,k0p0,,,,,0,,,1,1,0,,,,,,,,,,,,,,,,,
P01695,K23,,2018,NIAID,pre_policy,0,0,1,1,1,1,0,0,0,0,0,1,1,0,1,1,0,0,1,0,0,0,0,0,0,0,0,0,0,0,0,0,1,0,0,pre_legacy,0,0,0,1,1,0,1,0,0,0,0,1,0,1,1,1,1,new_trial,k0p1,k0p1,k0p1,k0p1,k0p1,0,,,1,1,0,,,,,,,,,,,,,,,,,
P01696,K23,,2018,NIDCD,pre_policy,0,1,0,1,0,0,0,0,0,1,0,0,0,0,0,0,0,1,0,0,0,0,1,1,0,0,0,0,0,0,0,0,1,0,0,pre_legacy,0,0,0,1,0,0,0,1,0,0,1,0,0,0,0,0,0,ktrial_only,k1p0,,,,,1,1,1,1,1,1,1,1,0,0,0,1,0,0,1,0,1,0,0,0,0,0,0
P01697,K08,,2018,NCI,pre_policy,0,0,0,0,0,0,0,0,0,0,0,0,0,0,0,0,0,0,0,0,0,0,0,0,0,0,1,0,0,1,0,0,1,0,0,pre_legacy,0,0,0,1,0,0,0,0,0,0,0,0,0,0,0,0,0,none,k0p0,,,,,0,,,1,1,0,,,,,,,,,,,,,,,,,
P01698,K23,,2018,NIMH,pre_policy,0,1,0,0,0,0,0,1,0,0,0,0,0,0,0,0,0,0,0,0,0,0,0,0,0,1,1,1,1,1,1,1,1,0,0,pre_legacy,0,0,0,1,0,0,0,0,0,0,0,0,0,0,0,0,0,none,k0p0,,,,,0,,,1,1,1,0,0,0,0,0,0,0,0,0,0,0,0,0,0,0,0,0
P01699,K23,,2018,NIDDK,pre_policy,0,0,0,0,0,0,0,1,0,0,0,0,0,0,0,0,0,0,0,0,0,0,0,0,0,1,1,1,1,1,1,1,1,0,0,pre_legacy,0,0,0,1,0,0,0,0,0,0,0,0,0,0,0,0,0,none,k0p0,,,,,0,,,1,1,0,,,,,,,,,,,,,,,,,
P01700,K23,,2018,NIMH,pre_policy,0,1,0,0,0,0,0,0,0,0,0,0,0,0,0,0,0,0,0,0,0,0,0,0,0,0,0,0,0,0,0,0,1,0,0,pre_legacy,0,0,0,1,0,0,0,0,0,0,0,0,0,0,0,0,0,none,k0p0,,,,,0,,,1,1,1,0,0,0,0,0,0,0,0,0,0,0,0,0,0,0,0,0
P01701,K23,,2018,NHLBI,pre_policy,0,1,1,1,1,1,1,0,0,0,0,1,1,1,1,1,1,0,1,1,0,0,1,0,0,0,0,0,0,0,0,0,1,0,1,pre_legacy,0,0,0,1,1,0,1,0,0,0,0,1,0,1,1,1,0,new_trial,k0p1,,,,,0,,,1,1,1,0,0,0,0,0,0,0,0,0,0,0,0,0,0,0,0,0
P01702,K08,,2018,NIMH,pre_policy,0,0,0,0,0,0,0,0,0,0,0,0,0,0,0,0,0,0,0,0,0,0,0,0,0,0,0,0,0,0,0,0,1,0,0,pre_legacy,0,0,0,1,0,0,0,0,0,0,0,0,0,0,0,0,0,none,k0p0,,,,,0,,,1,1,0,,,,,,,,,,,,,,,,,
P01703,K08,,2018,NCI,pre_policy,0,0,0,0,0,0,0,0,0,0,0,0,0,0,0,0,0,0,0,0,0,0,0,0,0,0,0,0,0,0,0,0,1,0,0,pre_legacy,0,0,0,1,0,0,0,0,0,0,0,0,0,0,0,0,0,none,k0p0,,,,,0,,,1,1,0,,,,,,,,,,,,,,,,,
P01704,K23,,2018,NHLBI,pre_policy,0,0,0,0,0,0,0,1,0,0,0,0,0,0,0,0,0,0,0,0,0,0,0,0,0,1,1,1,1,1,1,1,1,0,0,pre_legacy,0,0,0,1,0,0,0,0,0,0,0,0,0,0,0,0,1,none,k0p0,k0p0,k0p0,k0p0,k0p0,0,,,1,1,0,,,,,,,,,,,,,,,,,
P01705,K08,,2018,NCI,pre_policy,0,1,0,1,0,0,0,1,0,1,0,0,0,0,0,0,0,1,0,0,0,0,1,1,0,1,1,1,1,1,1,1,1,0,0,pre_legacy,1,1,0,1,1,1,1,1,0,0,1,0,0,0,0,1,0,ktrial_only,k1p0,,,,,0,,,1,1,0,,,,,,,,,,,,,,,,,
P01706,K08,,2018,NCI,pre_policy,0,0,0,0,0,0,0,0,0,0,0,0,0,0,0,0,0,0,0,0,0,0,0,0,0,0,1,0,0,1,0,0,1,0,0,pre_legacy,0,0,0,1,0,0,0,0,0,0,0,0,0,0,0,0,0,none,k0p0,,,,,0,,,1,1,0,,,,,,,,,,,,,,,,,
P01707,K08,,2018,NCI,pre_policy,0,0,0,0,0,0,0,0,0,0,0,0,0,0,0,0,0,0,0,0,0,0,0,0,0,0,1,0,0,1,0,0,1,0,0,pre_legacy,0,0,0,1,0,0,0,0,0,0,0,0,0,0,0,0,0,none,k0p0,,,,,0,,,1,1,0,,,,,,,,,,,,,,,,,
P01708,K23,,2018,NIMH,pre_policy,0,0,0,0,0,0,0,0,0,0,0,0,0,0,0,0,0,0,0,0,0,0,0,0,0,0,1,0,0,1,0,0,1,0,0,pre_legacy,0,0,0,1,0,0,0,0,0,0,0,0,0,0,0,0,0,none,k0p0,,,,,1,0,0,1,1,0,,,,,,,,,,,,,,,,,
P01709,K23,,2018,NICHD,pre_policy,0,1,0,0,0,0,0,1,0,0,0,0,0,0,0,0,0,0,0,0,0,0,0,0,0,1,1,1,1,1,1,1,1,0,0,pre_legacy,0,0,0,1,0,0,0,0,0,0,0,0,0,0,0,0,1,none,k0p0,k0p0,k0p0,k0p0,k0p0,1,1,1,1,1,1,0,0,0,0,0,0,0,0,0,0,0,0,0,0,0,0,0
P01710,K08,,2018,NCI,pre_policy,0,0,0,0,0,0,0,0,0,0,0,0,0,0,0,0,0,0,0,0,0,0,0,0,0,0,1,0,0,1,0,0,1,0,0,pre_legacy,0,0,0,1,1,1,1,0,0,0,0,0,0,0,0,1,0,none,k0p0,,,,,0,,,1,1,0,,,,,,,,,,,,,,,,,
P01711,K08,,2018,NIDCR,pre_policy,0,0,0,0,0,0,0,0,0,0,0,0,0,0,0,0,0,0,0,0,0,0,0,0,0,0,0,0,0,0,0,0,1,0,0,pre_legacy,0,0,0,1,0,0,0,0,0,0,0,0,0,0,0,0,0,none,k0p0,,,,,0,,,1,1,0,,,,,,,,,,,,,,,,,
P01712,K08,,2018,NHLBI,pre_policy,0,0,0,0,0,0,0,0,0,0,0,0,0,0,0,0,0,0,0,0,0,0,0,0,0,0,1,0,0,1,0,0,1,0,0,pre_legacy,0,0,0,1,0,0,0,0,0,0,0,0,0,0,0,0,0,none,k0p0,,,,,0,,,1,1,0,,,,,,,,,,,,,,,,,
P01713,K23,,2018,NIAMS,pre_policy,0,0,1,1,0,1,1,0,0,1,0,1,1,0,1,0,0,1,1,0,0,0,1,1,0,0,0,0,0,0,0,0,1,0,1,pre_legacy,1,1,0,1,1,0,1,1,0,0,1,1,0,1,1,1,0,new_trial,k1p1,,,,,1,0,1,1,1,0,,,,,,,,,,,,,,,,,
P01714,K08,,2018,NINDS,pre_policy,0,0,0,0,0,0,0,0,0,0,0,0,0,0,0,0,0,0,0,0,0,0,0,0,0,0,0,0,0,0,0,0,1,0,0,pre_legacy,0,0,0,1,0,0,0,0,0,0,0,0,0,0,0,0,0,none,k0p0,,,,,0,,,1,1,0,,,,,,,,,,,,,,,,,
P01715,K08,,2018,NHLBI,pre_policy,0,0,0,0,0,0,0,0,0,0,0,0,0,0,0,0,0,0,0,0,0,0,0,0,0,0,0,0,0,0,0,0,1,0,0,pre_legacy,0,0,0,1,0,0,0,0,0,0,0,0,0,0,0,0,0,none,k0p0,,,,,0,,,1,1,0,,,,,,,,,,,,,,,,,
P01716,K08,,2018,NHLBI,pre_policy,0,0,0,0,0,0,0,1,0,0,0,0,0,0,0,0,0,0,0,0,0,0,0,0,0,1,1,1,1,1,1,1,1,0,0,pre_legacy,0,0,0,1,0,0,0,0,0,0,0,0,0,0,0,0,0,none,k0p0,,,,,0,,,1,1,0,,,,,,,,,,,,,,,,,
P01717,K23,,2018,NIDA,pre_policy,0,1,0,1,0,0,1,0,0,1,0,0,0,0,0,0,0,1,0,0,0,0,1,1,0,0,0,0,0,0,0,0,1,0,1,pre_legacy,1,1,1,1,0,0,0,1,0,0,1,0,1,0,0,0,1,ktrial_only,k1p0,k1p0,k1p0,k1p0,k1p0,0,,,1,1,1,1,0,1,0,0,1,0,0,0,1,1,1,0,0,1,0,0
P01718,K23,,2018,NIDA,pre_policy,0,1,1,1,0,1,0,0,0,1,0,0,1,1,1,0,0,1,1,1,1,1,1,1,0,0,0,1,0,0,0,1,1,0,0,pre_legacy,1,1,1,1,1,0,1,1,0,0,1,1,0,1,1,1,1,new_trial,k1p1,k1p0,k1p0,k1p0,k0p0,0,,,1,1,1,1,0,1,0,0,1,0,0,0,1,1,1,1,0,1,0,0
P01719,K23,,2018,NINDS,pre_policy,0,0,0,0,0,0,1,1,0,0,0,0,0,0,0,0,0,0,0,0,0,0,0,0,0,1,1,1,1,1,1,1,1,0,1,pre_legacy,0,0,0,1,1,1,1,0,0,0,0,0,0,0,0,1,0,none,k0p0,,,,,0,,,1,1,0,,,,,,,,,,,,,,,,,
P01720,K08,,2018,NCI,pre_policy,0,0,0,0,0,0,0,0,0,0,0,0,0,0,0,0,0,0,0,0,0,0,0,0,0,1,1,1,1,1,1,1,1,0,0,pre_legacy,0,0,0,1,0,0,0,0,0,0,0,0,0,0,0,0,0,none,k0p0,,,,,0,,,1,1,0,,,,,,,,,,,,,,,,,
P01721,K08,,2018,NINDS,pre_policy,0,0,0,0,0,0,0,1,0,0,0,0,0,0,0,0,0,0,0,0,0,0,0,0,0,1,1,1,1,1,1,1,1,0,0,pre_legacy,0,0,0,1,0,0,0,0,0,0,0,0,0,0,0,0,0,none,k0p0,,,,,0,,,1,1,0,,,,,,,,,,,,,,,,,
P01722,K08,,2018,NCI,pre_policy,0,0,0,0,0,0,0,0,0,0,0,0,0,0,0,0,0,0,0,0,0,0,0,0,0,0,1,0,0,1,0,0,1,0,0,pre_legacy,0,0,0,1,0,0,0,0,0,0,0,0,0,0,0,0,0,none,k0p0,,,,,0,,,1,1,0,,,,,,,,,,,,,,,,,
P01723,K23,,2018,NIDDK,pre_policy,0,0,0,0,0,0,0,0,0,0,0,0,0,0,0,0,0,0,0,0,0,0,0,0,0,0,0,0,0,0,0,0,1,0,0,pre_legacy,0,0,0,1,0,0,0,0,0,0,0,0,0,0,0,0,0,none,k0p0,,,,,0,,,1,1,0,,,,,,,,,,,,,,,,,
P01724,K23,,2018,NIDDK,pre_policy,0,0,0,0,0,0,1,0,0,0,0,0,0,0,0,0,0,0,0,0,0,0,0,0,0,0,0,0,0,0,0,0,1,0,1,pre_legacy,0,0,0,1,0,0,0,0,0,0,0,0,0,0,0,0,0,none,k0p0,,,,,1,0,0,1,1,0,,,,,,,,,,,,,,,,,
P01725,K23,,2018,NIAID,pre_policy,0,0,0,0,0,0,1,0,0,0,0,0,0,0,0,0,0,0,0,0,0,0,0,0,0,0,0,0,0,0,0,0,1,0,1,pre_legacy,0,0,0,1,0,0,0,0,0,0,0,0,0,0,0,0,0,none,k0p0,,,,,0,,,1,1,0,,,,,,,,,,,,,,,,,
P01726,K23,,2018,NIAID,pre_policy,0,1,0,0,0,0,0,0,0,0,0,0,0,0,0,0,0,0,0,0,0,0,0,0,0,0,0,0,0,0,0,0,1,0,0,pre_legacy,0,0,0,1,0,0,0,0,0,0,0,0,0,0,0,0,1,none,k0p0,k0p0,k0p0,k0p0,k0p0,0,,,1,1,1,0,0,0,0,0,0,0,0,0,0,0,0,0,0,0,0,0
P01727,K23,,2018,NINR,pre_policy,0,0,0,0,0,0,0,0,0,0,0,0,0,0,0,0,0,0,0,0,0,0,0,0,0,0,1,0,0,1,0,0,1,0,0,pre_legacy,0,0,0,1,1,1,1,0,0,0,0,0,0,0,0,1,0,none,k0p0,,,,,0,,,1,1,0,,,,,,,,,,,,,,,,,
P01728,K23,,2018,NHLBI,pre_policy,0,0,0,0,0,0,0,0,0,0,0,0,0,0,0,0,0,0,0,0,0,0,0,0,0,0,0,0,0,0,0,0,1,0,0,pre_legacy,0,0,0,1,0,0,0,0,0,0,0,0,0,0,0,0,0,none,k0p0,,,,,0,,,1,1,0,,,,,,,,,,,,,,,,,
P01729,K08,,2018,NHLBI,pre_policy,0,0,0,0,0,0,0,1,0,0,0,0,0,0,0,0,0,0,0,0,0,0,0,0,0,1,1,1,1,1,1,1,1,0,0,pre_legacy,0,0,0,1,0,0,0,0,0,0,0,0,0,0,0,0,0,none,k0p0,,,,,0,,,1,1,0,,,,,,,,,,,,,,,,,
P01730,K23,,2018,NIDDK,pre_policy,0,1,1,1,1,1,1,0,0,0,0,0,0,0,1,0,0,0,1,0,0,0,1,0,0,0,1,0,0,1,0,0,1,0,0,pre_legacy,0,0,0,1,1,0,1,0,0,0,0,1,0,0,1,1,0,new_trial,k0p1,,,,,0,,,1,1,1,0,0,0,0,0,0,0,0,0,0,0,0,0,0,0,0,0
P01731,K08,,2018,NHLBI,pre_policy,0,0,0,0,0,0,0,0,0,0,0,0,0,0,0,0,0,0,0,0,0,0,0,0,0,0,0,0,0,0,0,0,1,0,0,pre_legacy,0,0,0,1,0,0,0,0,0,0,0,0,0,0,0,0,0,none,k0p0,,,,,0,,,1,1,0,,,,,,,,,,,,,,,,,
P01732,K23,,2018,NIMH,pre_policy,0,1,0,1,0,0,0,1,0,1,0,0,0,0,0,0,0,1,0,0,0,0,1,1,0,1,1,1,1,1,1,1,1,0,0,pre_legacy,1,1,0,1,1,1,1,1,0,0,1,0,0,0,0,1,0,ktrial_only,k1p0,,,,,0,,,1,1,1,1,1,0,0,0,1,0,0,1,0,1,1,1,0,1,1,1
P01733,K23,,2018,NICHD,pre_policy,0,0,0,0,0,0,0,0,0,0,0,0,0,0,0,0,0,0,0,0,0,0,0,0,0,0,0,0,0,0,0,0,1,0,0,pre_legacy,0,0,0,1,1,1,1,0,0,0,0,0,0,0,0,1,0,none,k0p0,,,,,0,,,1,1,0,,,,,,,,,,,,,,,,,
P01734,K23,,2018,NICHD,pre_policy,0,1,1,1,0,1,0,0,0,0,0,0,1,0,1,1,0,0,1,0,0,0,0,0,0,0,0,0,0,0,0,0,1,0,0,pre_legacy,0,0,0,1,1,0,1,0,0,0,0,1,0,1,1,1,0,new_trial,k0p1,,,,,0,,,1,1,1,0,0,0,0,0,0,0,0,0,0,0,0,0,0,0,0,0
P01735,K08,,2018,NIDA,pre_policy,0,0,0,0,0,0,0,0,0,0,0,0,0,0,0,0,0,0,0,0,0,0,0,0,0,0,0,0,0,0,0,0,1,0,0,pre_legacy,0,0,0,1,0,0,0,0,0,0,0,0,0,0,0,0,0,none,k0p0,,,,,0,,,1,1,0,,,,,,,,,,,,,,,,,
P01736,K23,,2018,NIDA,pre_policy,0,0,0,0,0,0,1,0,1,0,0,0,0,0,0,0,0,0,0,0,0,0,0,0,0,0,1,0,0,1,0,0,1,0,1,pre_legacy,0,0,0,1,1,1,1,0,0,0,0,0,0,0,0,1,0,none,k0p0,,,,,0,,,1,1,0,,,,,,,,,,,,,,,,,
P01737,K08,,2018,NIMH,pre_policy,0,0,1,1,0,1,0,1,0,0,0,0,0,0,1,1,0,0,1,0,0,0,0,0,0,1,1,1,1,1,1,1,1,0,0,pre_legacy,0,0,0,1,1,0,1,0,0,0,0,1,0,0,1,1,0,new_trial,k0p1,,,,,0,,,1,1,0,,,,,,,,,,,,,,,,,
P01738,K08,,2018,NIGMS,pre_policy,0,0,0,0,0,0,0,0,0,0,0,0,0,0,0,0,0,0,0,0,0,0,0,0,0,0,0,0,0,0,0,0,1,0,0,pre_legacy,0,0,0,1,0,0,0,0,0,0,0,0,0,0,0,0,0,none,k0p0,,,,,0,,,1,1,0,,,,,,,,,,,,,,,,,
P01739,K23,,2018,NIDDK,pre_policy,0,1,1,1,0,1,0,1,0,1,1,1,1,0,1,1,0,1,1,0,1,1,1,1,0,1,1,1,1,1,1,1,1,0,0,pre_legacy,0,0,0,1,1,0,1,1,0,0,1,1,0,1,1,1,0,new_trial,k1p1,,,,,1,1,1,1,1,1,1,1,0,0,0,1,0,0,1,0,1,0,0,0,0,0,0
P01740,K23,,2018,NIDDK,pre_policy,0,0,0,0,0,0,0,0,0,0,0,0,0,0,0,0,0,0,0,0,0,0,0,0,0,0,1,0,0,1,0,0,1,0,0,pre_legacy,0,0,0,1,0,0,0,0,0,0,0,0,0,0,0,0,0,none,k0p0,,,,,0,,,1,1,0,,,,,,,,,,,,,,,,,
P01741,K23,,2018,NICHD,pre_policy,0,0,0,0,0,0,0,0,0,0,0,0,0,0,0,0,0,0,0,0,0,0,0,0,0,0,0,0,0,0,0,0,1,0,0,pre_legacy,0,0,0,1,0,0,0,0,0,0,0,0,0,0,0,0,0,none,k0p0,,,,,0,,,1,1,0,,,,,,,,,,,,,,,,,
P01742,K08,,2018,NCI,pre_policy,0,0,0,0,0,0,0,1,0,0,0,0,0,0,0,0,0,0,0,0,0,0,0,0,0,1,1,1,1,1,1,1,1,0,0,pre_legacy,0,0,0,1,0,0,0,0,0,0,0,0,0,0,0,0,0,none,k0p0,,,,,0,,,1,1,0,,,,,,,,,,,,,,,,,
P01743,K23,,2018,NHLBI,pre_policy,0,0,0,0,0,0,0,0,0,0,0,0,0,0,0,0,0,0,0,0,0,0,0,0,0,0,1,0,1,1,1,1,1,0,0,pre_legacy,0,0,0,1,0,0,0,0,0,0,0,0,0,0,0,0,0,none,k0p0,,,,,0,,,1,1,0,,,,,,,,,,,,,,,,,
P01744,K23,,2018,NIAMS,pre_policy,0,0,0,0,0,0,0,0,0,0,0,0,0,0,0,0,0,0,0,0,0,0,0,0,0,0,0,0,0,0,0,0,1,0,0,pre_legacy,0,0,0,1,0,0,0,0,0,0,0,0,0,0,0,0,0,none,k0p0,,,,,1,0,0,1,1,0,,,,,,,,,,,,,,,,,
P01745,K23,,2018,NIAMS,pre_policy,0,0,0,0,0,0,0,0,0,0,0,0,0,0,0,0,0,0,0,0,0,0,0,0,0,0,0,0,0,0,0,0,1,0,0,pre_legacy,0,0,0,1,0,0,0,0,0,0,0,0,0,0,0,0,0,none,k0p0,,,,,0,,,1,1,0,,,,,,,,,,,,,,,,,
P01746,K23,,2018,NIBIB,pre_policy,0,0,1,1,0,1,1,1,0,0,0,0,1,0,1,1,0,0,1,0,0,0,1,0,0,1,1,1,1,1,1,1,1,0,0,pre_legacy,0,0,0,1,1,0,1,0,0,0,0,1,0,0,1,1,1,new_trial,k0p1,k0p0,k0p0,k0p1,k0p0,0,,,1,1,0,,,,,,,,,,,,,,,,,
P01747,K08,,2018,NIAMS,pre_policy,0,0,0,0,0,0,0,0,0,0,0,0,0,0,0,0,0,0,0,0,0,0,0,0,0,0,1,0,0,1,0,0,1,0,0,pre_legacy,0,0,0,1,0,0,0,0,0,0,0,0,0,0,0,0,0,none,k0p0,,,,,0,,,1,1,0,,,,,,,,,,,,,,,,,
P01748,K23,,2018,NIDDK,pre_policy,0,1,1,1,1,1,0,0,0,0,0,0,0,0,1,0,0,0,1,0,0,0,0,0,0,0,0,0,0,0,0,0,1,1,0,pre_legacy,0,0,0,1,1,0,1,0,0,0,0,1,0,1,1,1,0,new_trial,k0p1,,,,,0,,,1,1,0,,,,,,,,,,,,,,,,,
P01749,K23,,2018,NIAMS,pre_policy,0,0,0,0,0,0,0,1,0,0,0,0,0,0,0,0,0,0,0,0,0,0,0,0,0,1,1,1,1,1,1,1,1,0,0,pre_legacy,0,0,0,1,0,0,0,0,0,0,0,0,0,0,0,0,0,none,k0p0,,,,,0,,,1,1,0,,,,,,,,,,,,,,,,,
P01750,K23,,2018,NHLBI,pre_policy,0,0,0,0,0,0,0,0,0,0,0,0,0,0,0,0,0,0,0,0,0,0,0,0,0,0,0,0,0,0,0,0,1,0,0,pre_legacy,0,0,0,1,0,0,0,0,0,0,0,0,0,0,0,0,0,none,k0p0,,,,,1,0,0,1,1,0,,,,,,,,,,,,,,,,,
P01751,K08,,2018,NCI,pre_policy,0,0,0,0,0,0,0,0,0,0,0,0,0,0,0,0,0,0,0,0,0,0,0,0,0,0,0,0,1,1,1,1,1,0,0,pre_legacy,0,0,0,1,0,0,0,0,0,0,0,0,0,0,0,0,0,none,k0p0,,,,,0,,,1,1,0,,,,,,,,,,,,,,,,,
P01752,K08,,2018,NCI,pre_policy,0,1,1,1,0,0,1,0,0,0,0,0,0,0,1,1,0,0,1,0,0,0,1,0,0,0,0,0,0,0,0,0,1,0,0,pre_legacy,0,0,0,1,1,0,1,0,0,0,0,1,0,1,1,1,0,new_trial,k0p1,,,,,0,,,1,1,0,,,,,,,,,,,,,,,,,
P01753,K08,,2018,NIGMS,pre_policy,0,0,0,0,0,0,0,0,0,0,0,0,0,0,0,0,0,0,0,0,0,0,0,0,0,0,0,0,0,0,0,0,1,0,0,pre_legacy,0,0,0,1,0,0,0,0,0,0,0,0,0,0,0,0,0,none,k0p0,,,,,0,,,1,1,0,,,,,,,,,,,,,,,,,
P01754,K23,,2018,NHLBI,pre_policy,0,0,0,0,0,0,0,0,0,0,0,0,0,0,0,0,0,0,0,0,0,0,0,0,0,0,0,0,0,0,0,0,1,0,0,pre_legacy,0,0,0,1,0,0,0,0,0,0,0,0,0,0,0,0,0,none,k0p0,,,,,0,,,1,1,0,,,,,,,,,,,,,,,,,
P01755,K08,,2018,NCI,pre_policy,0,0,0,0,0,0,0,0,0,0,0,0,0,0,0,0,0,0,0,0,0,0,0,0,0,0,0,0,0,0,0,0,1,0,0,pre_legacy,0,0,0,1,0,0,0,0,0,0,0,0,0,0,0,0,0,none,k0p0,,,,,0,,,1,1,0,,,,,,,,,,,,,,,,,
P01756,K23,,2018,NHLBI,pre_policy,0,0,0,0,0,0,0,1,0,0,0,0,0,0,0,0,0,0,0,0,0,0,0,0,0,1,1,1,1,1,1,1,1,0,0,pre_legacy,0,0,0,1,0,0,0,0,0,0,0,0,0,0,0,0,0,none,k0p0,,,,,0,,,1,1,0,,,,,,,,,,,,,,,,,
P01757,K23,,2018,NIDDK,pre_policy,0,1,1,1,1,1,1,0,0,1,0,0,1,1,1,0,0,1,1,1,0,0,1,1,0,0,1,0,0,1,0,0,1,0,1,pre_legacy,1,1,1,1,1,0,1,1,0,0,1,1,1,0,1,1,0,new_trial,k1p1,,,,,0,,,1,1,1,1,1,1,0,0,1,0,0,1,1,1,1,0,0,1,0,0
P01758,K08,,2018,NIAMS,pre_policy,0,0,0,0,0,0,0,0,0,0,0,0,0,0,0,0,0,0,0,0,0,0,0,0,0,0,1,0,0,1,0,0,1,0,0,pre_legacy,0,0,0,1,0,0,0,0,0,0,0,0,0,0,0,0,0,none,k0p0,,,,,0,,,1,1,0,,,,,,,,,,,,,,,,,
P01759,K08,,2018,NHLBI,pre_policy,0,0,0,0,0,0,0,0,0,0,0,0,0,0,0,0,0,0,0,0,0,0,0,0,0,0,0,0,0,0,0,0,1,0,0,pre_legacy,0,0,0,1,0,0,0,0,0,0,0,0,0,0,0,0,0,none,k0p0,,,,,0,,,1,1,0,,,,,,,,,,,,,,,,,
P01760,K23,,2018,NCCIH,pre_policy,0,1,1,1,0,1,0,1,0,1,0,0,1,0,1,1,0,1,1,0,1,0,1,1,0,1,1,1,1,1,1,1,1,0,0,pre_legacy,1,1,1,1,1,0,1,1,0,0,1,1,1,1,1,1,0,new_trial,k1p1,,,,,1,1,1,1,1,1,1,1,0,0,0,1,0,0,1,0,1,1,0,0,1,1,0
P01761,K23,,2018,NIDA,pre_policy,0,1,0,1,0,0,1,0,0,1,1,0,0,0,0,0,0,1,0,0,0,0,1,1,1,0,0,0,0,0,0,0,1,0,1,pre_legacy,1,1,0,1,0,0,0,1,0,1,1,0,1,0,0,0,0,ktrial_only,k1p0,,,,,0,,,1,1,1,1,1,1,0,0,1,0,0,1,0,1,1,0,1,1,0,0
P01762,K23,,2018,NINDS,pre_policy,0,0,0,0,0,0,0,0,0,0,0,0,0,0,0,0,0,0,0,0,0,0,0,0,0,0,1,0,1,1,1,1,1,0,0,pre_legacy,0,0,0,1,0,0,0,0,0,0,0,0,0,0,0,0,0,none,k0p0,,,,,0,,,1,1,0,,,,,,,,,,,,,,,,,
P01763,K08,,2018,NIDDK,pre_policy,0,0,0,0,0,0,0,0,0,0,0,0,0,0,1,0,0,0,0,0,0,0,0,0,0,0,0,0,0,0,0,0,1,0,0,pre_legacy,0,0,0,1,0,0,0,0,0,0,0,0,0,0,0,0,0,none,k0p0,,,,,0,,,1,1,0,,,,,,,,,,,,,,,,,
P01764,K08,,2018,NIDDK,pre_policy,0,0,1,1,1,1,0,0,0,0,0,0,0,0,1,0,0,0,1,0,0,0,0,0,0,0,0,0,0,1,0,0,1,0,0,pre_legacy,0,0,0,1,1,0,1,0,0,0,0,1,0,1,1,1,0,new_trial,k0p1,,,,,0,,,1,1,0,,,,,,,,,,,,,,,,,
P01765,K23,,2018,NIDCR,pre_policy,0,0,1,1,0,1,0,1,0,0,0,0,1,0,1,0,0,0,1,0,0,0,0,0,0,1,1,1,1,1,1,1,1,0,0,pre_legacy,0,0,0,1,1,0,1,0,0,0,0,1,0,0,1,1,1,new_trial,k0p1,k0p1,k0p1,k0p1,k0p1,0,,,1,1,0,,,,,,,,,,,,,,,,,
P01766,K23,,2018,NHLBI,pre_policy,0,0,0,0,0,0,1,0,0,0,0,0,0,0,0,0,0,0,0,0,0,0,1,0,0,0,0,0,0,0,0,0,1,0,1,pre_legacy,0,0,0,1,1,1,1,0,0,0,0,0,0,0,0,1,0,none,k0p0,,,,,0,,,1,1,0,,,,,,,,,,,,,,,,,
P01767,K23,,2018,NIGMS,pre_policy,0,1,1,1,1,1,1,1,0,0,0,0,1,1,1,1,0,0,1,0,1,1,0,0,0,1,1,1,1,1,1,1,1,0,1,pre_legacy,0,0,0,1,1,0,1,0,0,0,0,1,0,1,1,1,0,new_trial,k0p1,,,,,0,,,1,1,1,0,0,0,0,0,0,0,0,0,0,0,0,0,0,0,0,0
P01768,K23,,2018,NHLBI,pre_policy,0,0,0,0,0,0,0,1,0,0,0,0,0,0,0,0,0,0,0,0,0,0,0,0,0,1,1,1,1,1,1,1,1,0,0,pre_legacy,0,0,0,1,0,0,0,0,0,0,0,0,0,0,0,0,1,none,k0p0,k0p0,k0p0,k0p0,k0p0,0,,,1,1,0,,,,,,,,,,,,,,,,,
P01769,K08,,2018,NCI,pre_policy,0,0,0,0,0,0,0,0,0,0,0,0,0,0,0,0,0,0,0,0,0,0,0,0,0,0,1,0,0,1,0,0,1,0,0,pre_legacy,0,0,0,1,0,0,0,0,0,0,0,0,0,0,0,0,0,none,k0p0,,,,,0,,,1,1,0,,,,,,,,,,,,,,,,,
P01770,K23,,2018,NIDCD,pre_policy,0,0,0,0,0,0,0,1,0,0,0,0,0,0,0,0,0,0,0,0,0,0,0,0,0,1,1,1,1,1,1,1,1,0,0,pre_legacy,0,0,0,1,0,0,0,0,0,0,0,0,0,0,0,0,1,none,k0p0,k0p0,k0p0,k0p0,k0p0,0,,,1,1,0,,,,,,,,,,,,,,,,,
P01771,K08,,2018,NIEHS,pre_policy,0,0,0,0,0,0,0,0,0,0,0,0,0,0,0,0,0,0,0,0,0,0,0,0,0,0,0,0,0,0,0,0,1,0,0,pre_legacy,0,0,0,1,0,0,0,0,0,0,0,0,0,0,0,0,0,none,k0p0,,,,,0,,,1,1,0,,,,,,,,,,,,,,,,,
P01772,K08,,2018,NIAID,pre_policy,0,0,0,0,0,0,0,0,0,0,0,0,0,0,0,0,0,0,0,0,0,0,0,0,0,0,0,0,0,0,0,0,1,0,0,pre_legacy,0,0,0,1,0,0,0,0,0,0,0,0,0,0,0,0,0,none,k0p0,,,,,0,,,1,1,0,,,,,,,,,,,,,,,,,
P01773,K23,,2018,NIAMS,pre_policy,0,0,0,0,0,0,0,0,0,0,0,0,0,0,0,0,0,0,0,0,0,0,0,0,0,0,1,0,0,1,0,0,1,0,0,pre_legacy,0,0,0,1,1,1,1,0,0,0,0,0,0,0,0,1,0,none,k0p0,,,,,0,,,1,1,0,,,,,,,,,,,,,,,,,
P01774,K08,,2018,NHLBI,pre_policy,0,0,0,0,0,0,0,1,0,0,0,0,0,0,0,0,0,0,0,0,0,0,0,0,0,1,1,1,1,1,1,1,1,0,0,pre_legacy,0,0,0,1,0,0,0,0,0,0,0,0,0,0,0,0,0,none,k0p0,,,,,0,,,1,1,0,,,,,,,,,,,,,,,,,
P01775,K08,,2018,NHLBI,pre_policy,0,0,0,0,0,0,0,1,0,0,0,0,0,0,0,0,0,0,0,0,0,0,0,0,0,1,1,1,1,1,1,1,1,0,0,pre_legacy,0,0,0,1,0,0,0,0,0,0,0,0,0,0,0,0,0,none,k0p0,,,,,0,,,1,1,0,,,,,,,,,,,,,,,,,
P01776,K23,,2018,NHLBI,pre_policy,0,0,0,0,0,0,0,1,0,0,0,0,0,0,0,0,0,0,0,0,0,0,0,0,0,1,1,1,1,1,1,1,1,0,0,pre_legacy,0,0,0,1,0,0,0,0,0,0,0,0,0,0,0,0,0,none,k0p0,,,,,0,,,1,1,0,,,,,,,,,,,,,,,,,
P01777,K23,,2018,NICHD,pre_policy,0,0,0,0,0,0,0,0,0,0,0,0,0,0,0,0,0,0,0,0,0,0,0,0,0,0,0,0,0,0,0,0,1,0,0,pre_legacy,0,0,0,1,0,0,0,0,0,0,0,0,0,0,0,0,0,none,k0p0,,,,,0,,,1,1,0,,,,,,,,,,,,,,,,,
P01778,K08,,2018,NICHD,pre_policy,0,0,0,0,0,0,0,1,0,0,0,0,0,0,0,0,0,0,0,0,0,0,0,0,0,1,1,1,1,1,1,1,1,0,0,pre_legacy,0,0,0,1,0,0,0,0,0,0,0,0,0,0,0,0,0,none,k0p0,,,,,0,,,1,1,0,,,,,,,,,,,,,,,,,
P01779,K08,,2018,NIMH,pre_policy,0,0,0,0,0,0,0,1,0,0,0,0,0,0,0,0,0,0,0,0,0,0,0,0,0,1,1,1,1,1,1,1,1,0,0,pre_legacy,0,0,0,1,1,1,1,0,0,0,0,0,0,0,0,1,0,none,k0p0,,,,,0,,,1,1,0,,,,,,,,,,,,,,,,,
P01780,K08,,2018,NCI,pre_policy,0,0,1,1,1,1,0,0,0,0,0,0,0,0,1,1,0,0,1,0,1,0,0,0,0,0,0,0,0,0,0,0,1,0,0,pre_legacy,0,0,0,1,1,0,1,0,0,0,0,1,0,0,1,1,0,new_trial,k0p1,,,,,0,,,1,1,0,,,,,,,,,,,,,,,,,
P01781,K08,,2018,NHLBI,pre_policy,0,0,0,0,0,0,0,0,0,0,0,0,0,0,0,0,0,0,0,0,0,0,0,0,0,0,0,0,0,0,0,0,1,0,0,pre_legacy,0,0,0,1,0,0,0,0,0,0,0,0,0,0,0,0,0,none,k0p0,,,,,0,,,1,1,0,,,,,,,,,,,,,,,,,
P01782,K08,,2018,NCI,pre_policy,0,0,0,0,0,0,0,0,0,0,0,0,0,0,0,0,0,0,0,0,0,0,0,0,0,1,1,1,1,1,1,1,1,0,0,pre_legacy,0,0,0,1,0,0,0,0,0,0,0,0,0,0,0,0,0,none,k0p0,,,,,0,,,1,1,0,,,,,,,,,,,,,,,,,
P01783,K23,,2018,NIMH,pre_policy,0,1,0,1,0,0,0,0,0,1,0,0,0,0,0,0,0,1,0,0,0,0,1,0,1,0,0,0,0,0,0,0,1,0,0,pre_legacy,0,0,0,1,0,0,0,0,0,1,1,0,0,0,0,0,0,ktrial_only,k1p0,,,,,0,,,1,1,1,1,0,1,0,0,1,0,0,0,0,1,0,0,0,0,0,0
P01784,K08,,2018,NIAID,pre_policy,0,0,0,0,0,0,0,1,0,0,0,0,0,0,0,0,0,0,0,0,0,0,0,0,0,1,1,1,1,1,1,1,1,0,0,pre_legacy,0,0,0,1,0,0,0,0,0,0,0,0,0,0,0,0,0,none,k0p0,,,,,0,,,1,1,0,,,,,,,,,,,,,,,,,
P01785,K23,,2018,NIDA,pre_policy,0,1,0,1,0,0,0,0,0,1,0,0,0,0,0,0,0,1,0,0,0,0,1,1,0,0,0,0,0,0,0,0,1,0,0,pre_legacy,0,0,0,1,0,0,0,1,0,0,1,0,0,0,0,0,1,ktrial_only,k1p0,k1p0,k1p0,k1p0,k1p0,0,,,1,1,1,1,1,0,0,0,1,0,0,1,0,1,0,0,1,1,0,0
P01786,K23,,2018,NIA,pre_policy,0,1,0,0,0,0,0,0,0,0,0,0,0,0,0,0,0,0,0,0,0,0,0,0,0,0,1,0,0,1,0,0,1,0,0,pre_legacy,0,0,0,1,0,0,0,0,0,0,0,0,0,0,0,0,0,none,k0p0,,,,,0,,,1,1,1,0,0,0,0,0,0,0,0,0,0,0,0,0,0,0,0,0
P01787,K08,,2018,NIDDK,pre_policy,0,0,0,0,0,0,0,0,0,0,0,0,0,0,0,0,0,0,0,0,0,0,0,0,0,0,1,0,0,1,0,0,1,0,0,pre_legacy,0,0,0,1,0,0,0,0,0,0,0,0,0,0,0,0,0,none,k0p0,,,,,0,,,1,1,0,,,,,,,,,,,,,,,,,
P01788,K08,,2018,NHLBI,pre_policy,0,0,1,1,1,1,0,0,0,0,0,0,0,0,1,1,0,0,1,0,0,0,0,0,0,0,1,0,0,1,0,0,1,0,0,pre_legacy,0,0,0,1,1,0,1,0,0,0,0,1,0,1,1,1,0,new_trial,k0p1,,,,,0,,,1,1,0,,,,,,,,,,,,,,,,,
P01789,K08,,2018,NIMH,pre_policy,0,0,0,0,0,0,0,0,0,0,0,0,0,0,0,0,0,0,0,0,0,0,0,0,0,0,0,0,0,0,0,0,1,0,0,pre_legacy,0,0,0,1,0,0,0,0,0,0,0,0,0,0,0,0,0,none,k0p0,,,,,0,,,1,1,0,,,,,,,,,,,,,,,,,
P01790,K23,,2018,NIA,pre_policy,0,1,0,0,0,0,0,1,0,0,0,0,0,0,0,0,0,0,0,0,0,0,0,0,0,1,1,1,1,1,1,1,1,0,0,pre_legacy,0,0,0,1,0,0,0,0,0,0,0,0,0,0,0,0,1,none,k0p0,k0p0,k0p0,k0p0,k0p0,0,,,1,1,1,0,0,0,0,0,0,0,0,0,0,0,0,0,0,0,0,0
P01791,K23,,2018,NCCIH,pre_policy,0,1,0,0,0,0,0,0,0,0,0,0,0,0,0,0,0,0,0,0,0,0,0,0,0,0,0,0,0,0,0,0,1,0,0,pre_legacy,0,0,0,1,0,0,0,0,0,0,0,0,0,0,0,0,1,none,k0p0,,,,,0,,,1,1,1,0,0,0,0,0,0,0,0,0,0,0,0,0,0,0,0,0
P01792,K23,,2018,NIA,pre_policy,0,0,1,1,1,1,0,0,0,0,0,0,0,0,1,1,0,0,1,0,0,0,0,0,0,0,0,0,0,0,0,0,1,0,0,pre_legacy,0,0,0,1,1,0,1,0,0,0,0,1,0,1,1,1,0,new_trial,k0p1,,,,,1,0,0,1,1,0,,,,,,,,,,,,,,,,,
P01793,K23,,2018,NCCIH,pre_policy,0,1,1,1,0,1,1,0,0,1,0,0,1,1,1,1,0,1,1,0,1,0,1,0,1,0,0,0,0,0,0,0,1,0,0,pre_legacy,1,1,1,1,1,0,1,0,0,1,1,1,0,0,1,1,1,new_trial,k1p1,k1p1,k1p1,k1p1,k1p1,1,1,1,1,1,1,1,0,1,0,0,1,0,0,0,0,1,1,1,0,1,1,0
P01794,K23,,2018,NHLBI,pre_policy,0,0,0,0,0,0,0,0,0,0,0,0,0,0,0,0,0,0,0,0,0,0,0,0,0,0,1,0,0,1,0,0,1,0,0,pre_legacy,0,0,0,1,0,0,0,0,0,0,0,0,0,0,0,0,0,none,k0p0,,,,,0,,,1,1,0,,,,,,,,,,,,,,,,,
P01795,K23,,2018,NIA,pre_policy,0,0,0,0,0,0,0,1,0,0,0,0,0,0,0,0,0,0,0,0,0,0,0,0,0,1,1,1,1,1,1,1,1,0,0,pre_legacy,0,0,0,1,0,0,0,0,0,0,0,0,0,0,0,0,0,none,k0p0,,,,,1,0,0,1,1,0,,,,,,,,,,,,,,,,,
P01796,K23,,2018,NHLBI,pre_policy,0,0,1,1,0,1,0,0,0,0,0,0,0,0,1,0,0,0,1,0,0,0,0,0,0,0,0,0,0,0,0,0,1,0,0,pre_legacy,0,0,0,1,1,0,1,0,0,0,0,1,0,1,1,1,1,new_trial,k0p1,k0p1,k0p1,k0p1,k0p1,0,,,1,1,0,,,,,,,,,,,,,,,,,
P01797,K08,,2018,NHLBI,pre_policy,0,0,0,0,0,0,0,1,0,0,0,0,0,0,0,0,0,0,0,0,0,0,0,0,0,1,1,1,1,1,1,1,1,0,0,pre_legacy,0,0,0,1,0,0,0,0,0,0,0,0,0,0,0,0,0,none,k0p0,,,,,0,,,1,1,0,,,,,,,,,,,,,,,,,
P01798,K08,,2018,NCI,pre_policy,0,0,0,0,0,0,0,0,0,0,0,0,0,0,0,0,0,0,0,0,0,0,0,0,0,1,1,1,1,1,1,1,1,0,0,pre_legacy,0,0,0,1,0,0,0,0,0,0,0,0,0,0,0,0,0,none,k0p0,,,,,0,,,1,1,0,,,,,,,,,,,,,,,,,
P01799,K23,,2018,NIDDK,pre_policy,0,1,1,1,1,1,1,1,0,0,0,0,1,1,1,1,0,0,1,0,0,0,1,0,0,1,1,1,1,1,1,1,1,0,0,pre_legacy,0,0,0,1,1,0,1,0,0,0,0,1,0,1,1,1,0,new_trial,k0p1,,,,,0,,,1,1,1,0,0,0,0,0,0,0,0,0,0,0,0,0,0,0,0,0
P01800,K23,,2018,NIMH,pre_policy,0,0,0,0,0,0,0,0,0,0,0,0,0,0,0,0,0,0,0,0,0,0,0,0,0,0,0,0,0,0,0,0,1,0,0,pre_legacy,0,0,0,1,0,0,0,0,0,0,0,0,0,0,0,0,0,none,k0p0,,,,,0,,,1,1,0,,,,,,,,,,,,,,,,,
P01801,K23,,2018,NHLBI,pre_policy,0,1,1,1,0,1,1,0,0,0,0,1,1,0,1,0,0,0,1,0,0,0,0,0,0,0,0,0,0,0,0,0,1,0,1,pre_legacy,0,0,0,1,1,0,1,0,0,0,0,1,0,1,1,1,0,new_trial,k0p1,,,,,1,1,1,1,1,1,0,0,0,0,0,0,0,0,0,0,0,0,0,0,0,0,0
P01802,K23,,2018,NIBIB,pre_policy,0,0,0,0,0,0,0,1,0,0,0,0,0,0,0,0,0,0,0,0,0,0,0,0,0,1,1,1,1,1,1,1,1,0,0,pre_legacy,0,0,0,1,0,0,0,0,0,0,0,0,0,0,0,0,0,none,k0p0,,,,,0,,,1,1,0,,,,,,,,,,,,,,,,,
P01803,K08,,2018,NIAID,pre_policy,0,0,0,0,0,0,0,0,0,0,0,0,0,0,0,0,0,0,0,0,0,0,0,0,0,0,0,0,0,0,0,0,1,0,0,pre_legacy,0,0,0,1,0,0,0,0,0,0,0,0,0,0,0,0,0,none,k0p0,,,,,0,,,1,1,0,,,,,,,,,,,,,,,,,
P01804,K23,,2018,NIMH,pre_policy,0,0,1,1,0,1,0,1,0,0,0,0,0,0,1,0,0,0,1,0,1,1,0,0,0,1,1,1,1,1,1,1,1,0,0,pre_legacy,0,0,0,1,1,0,1,0,0,0,0,1,0,0,1,1,0,new_trial,k0p1,,,,,0,,,1,1,0,,,,,,,,,,,,,,,,,
P01805,K08,,2018,NIDDK,pre_policy,0,0,0,0,0,0,0,0,0,0,0,0,0,0,0,0,0,0,0,0,0,0,0,0,0,0,0,0,0,0,0,0,1,0,0,pre_legacy,0,0,0,1,0,0,0,0,0,0,0,0,0,0,0,0,0,none,k0p0,,,,,0,,,1,1,0,,,,,,,,,,,,,,,,,
P01806,K08,,2018,NICHD,pre_policy,0,0,0,0,0,0,0,0,0,0,0,0,0,0,0,0,0,0,0,0,0,0,0,0,0,0,1,0,0,1,0,0,1,0,0,pre_legacy,0,0,0,1,0,0,0,0,0,0,0,0,0,0,0,0,0,none,k0p0,,,,,0,,,1,1,0,,,,,,,,,,,,,,,,,
P01807,K23,,2018,NIAID,pre_policy,0,0,0,0,0,0,0,0,0,0,0,0,0,0,0,0,0,0,0,0,0,0,0,0,0,0,0,0,0,0,0,0,1,0,0,pre_legacy,0,0,0,1,0,0,0,0,0,0,0,0,0,0,0,0,0,none,k0p0,,,,,0,,,1,1,0,,,,,,,,,,,,,,,,,
P01808,K08,,2018,NIDDK,pre_policy,0,0,0,0,0,0,0,1,0,0,0,0,0,0,0,0,0,0,0,0,0,0,0,0,0,1,1,1,1,1,1,1,1,0,0,pre_legacy,0,0,0,1,0,0,0,0,0,0,0,0,0,0,0,0,0,none,k0p0,,,,,0,,,1,1,0,,,,,,,,,,,,,,,,,
P01809,K08,,2018,NCI,pre_policy,0,0,1,1,0,1,0,0,0,0,0,0,0,0,1,0,0,0,1,0,1,0,0,0,0,1,1,1,1,1,1,1,1,0,0,pre_legacy,0,0,0,1,1,0,1,0,0,0,0,1,0,1,1,1,0,new_trial,k0p1,,,,,0,,,1,1,0,,,,,,,,,,,,,,,,,
P01810,K08,,2018,NEI,pre_policy,0,0,0,0,0,0,1,0,0,0,0,0,0,0,0,0,0,0,0,0,0,0,0,0,0,0,1,0,0,1,0,0,1,0,1,pre_legacy,0,0,0,1,0,0,0,0,0,0,0,0,0,0,0,0,0,none,k0p0,,,,,0,,,1,1,0,,,,,,,,,,,,,,,,,
P01811,K23,,2018,NICHD,pre_policy,0,1,1,1,0,1,0,1,0,0,0,1,0,0,1,0,0,0,1,0,0,0,0,0,0,1,1,1,1,1,1,1,1,0,0,pre_legacy,0,0,0,1,1,0,1,0,0,0,0,1,0,1,1,1,1,new_trial,k0p1,k0p1,k0p1,k0p1,k0p1,0,,,1,1,1,0,0,0,0,0,0,0,0,0,0,0,0,0,0,0,0,0
P01812,K23,,2018,NIDDK,pre_policy,0,0,1,1,0,1,1,1,0,0,0,0,1,1,1,1,0,0,1,1,1,1,0,0,0,1,1,1,1,1,1,1,1,0,1,pre_legacy,0,0,0,1,1,0,1,0,0,0,0,1,0,1,1,1,0,new_trial,k0p1,,,,,0,,,1,1,0,,,,,,,,,,,,,,,,,
P01813,K23,,2018,NICHD,pre_policy,0,1,0,1,0,0,0,0,0,1,0,0,0,0,0,0,0,1,0,0,0,0,1,1,0,0,0,0,0,0,0,0,1,0,0,pre_legacy,1,1,0,1,0,0,0,1,0,0,1,0,0,0,0,0,1,ktrial_only,k1p0,k1p0,k1p0,k1p0,k1p0,0,,,1,1,1,1,1,0,0,0,1,0,0,1,0,1,1,1,0,1,0,0
P01814,K23,,2018,NIDDK,pre_policy,0,0,0,0,0,0,0,0,0,0,0,0,0,0,0,0,0,0,0,0,0,0,0,0,0,0,0,0,0,0,0,0,1,0,0,pre_legacy,0,0,0,1,0,0,0,0,0,0,0,0,0,0,0,0,0,none,k0p0,,,,,0,,,1,1,0,,,,,,,,,,,,,,,,,
P01815,K08,,2018,NIGMS,pre_policy,0,0,0,0,0,0,0,0,0,0,0,0,0,0,0,0,0,0,0,0,0,0,0,0,0,1,1,1,1,1,1,1,1,0,0,pre_legacy,0,0,0,1,0,0,0,0,0,0,0,0,0,0,0,0,0,none,k0p0,,,,,0,,,1,1,0,,,,,,,,,,,,,,,,,
P01816,K23,,2018,NICHD,pre_policy,0,0,0,0,0,0,0,0,0,0,0,0,0,0,0,0,0,0,0,0,0,0,0,0,0,0,0,0,0,0,0,0,1,0,0,pre_legacy,0,0,0,1,0,0,0,0,0,0,0,0,0,0,0,0,0,none,k0p0,,,,,0,,,1,1,0,,,,,,,,,,,,,,,,,
P01817,K23,,2018,NEI,pre_policy,0,0,0,0,0,0,0,0,0,0,0,0,0,0,0,0,0,0,0,0,0,0,0,0,0,0,0,0,0,0,0,0,1,0,0,pre_legacy,0,0,0,1,0,0,0,0,0,0,0,0,0,0,0,0,0,none,k0p0,,,,,1,0,0,1,1,0,,,,,,,,,,,,,,,,,
P01818,K23,,2018,NIDDK,pre_policy,0,1,0,0,0,0,0,0,0,0,0,0,0,0,0,0,0,0,0,0,0,0,0,0,0,0,0,0,0,0,0,0,1,0,0,pre_legacy,0,0,0,1,0,0,0,0,0,0,0,0,0,0,0,0,1,none,k0p0,k0p0,k0p0,k0p0,k0p0,0,,,1,1,1,0,0,0,0,0,0,0,0,0,0,0,0,0,0,0,0,0
P01819,K08,,2018,NEI,pre_policy,0,0,0,0,0,0,0,0,0,0,0,0,0,0,0,0,0,0,0,0,0,0,0,0,0,0,1,0,0,1,0,0,1,0,0,pre_legacy,0,0,0,1,0,0,0,0,0,0,0,0,0,0,0,0,0,none,k0p0,,,,,0,,,1,1,0,,,,,,,,,,,,,,,,,
P01820,K23,,2018,NIDDK,pre_policy,0,0,0,0,0,0,0,0,0,0,0,0,0,0,0,0,0,0,0,0,0,0,0,0,0,0,0,0,0,0,0,0,1,0,0,pre_legacy,0,0,0,1,1,1,1,0,0,0,0,0,0,0,0,1,1,none,k0p0,k0p0,k0p0,k0p0,k0p0,0,,,1,1,0,,,,,,,,,,,,,,,,,
P01821,K23,,2018,NIA,pre_policy,0,0,0,0,0,0,0,0,0,0,0,0,0,0,0,0,0,0,0,0,0,0,0,0,0,0,0,0,1,1,1,1,1,0,0,pre_legacy,0,0,0,1,0,0,0,0,0,0,0,0,0,0,0,0,0,none,k0p0,,,,,0,,,1,1,0,,,,,,,,,,,,,,,,,
P01822,K23,,2018,NIGMS,pre_policy,0,0,1,1,1,0,0,1,0,0,0,0,0,0,1,1,0,0,1,0,1,1,0,0,0,1,1,1,1,1,1,1,1,0,0,pre_legacy,0,0,0,1,1,0,1,0,0,0,0,1,0,1,1,1,0,new_trial,k0p1,,,,,0,,,1,1,0,,,,,,,,,,,,,,,,,
P01823,K23,,2018,NIGMS,pre_policy,0,0,1,1,1,1,0,0,0,0,0,0,0,0,1,0,0,0,1,0,0,0,0,0,0,0,0,0,0,0,0,0,1,0,0,pre_legacy,0,0,0,1,1,0,1,0,0,0,0,1,0,0,1,1,1,new_trial,k0p1,k0p1,k0p1,k0p1,k0p1,0,,,1,1,0,,,,,,,,,,,,,,,,,
P01824,K08,,2018,NIAID,pre_policy,0,0,0,0,0,0,0,0,0,0,0,0,0,0,0,0,0,0,0,0,0,0,0,0,0,0,0,0,0,0,0,0,1,0,0,pre_legacy,0,0,0,1,0,0,0,0,0,0,0,0,0,0,0,0,0,none,k0p0,,,,,0,,,1,1,0,,,,,,,,,,,,,,,,,
P01825,K23,,2018,NIA,pre_policy,0,0,0,0,0,0,0,1,0,0,0,0,0,0,0,0,0,0,0,0,0,0,0,0,0,1,1,1,1,1,1,1,1,0,0,pre_legacy,0,0,0,1,0,0,0,0,0,0,0,0,0,0,0,0,0,none,k0p0,,,,,0,,,1,1,0,,,,,,,,,,,,,,,,,
P01826,K23,,2018,NIDDK,pre_policy,0,1,1,1,0,0,0,1,0,0,0,0,1,0,1,1,0,0,1,0,1,1,0,0,0,1,1,1,1,1,1,1,1,0,0,pre_legacy,0,0,0,1,1,0,1,0,0,0,0,1,0,1,1,1,1,new_trial,k0p1,k0p1,k0p1,k0p1,k0p1,0,,,1,1,1,0,0,0,0,0,0,0,0,0,0,0,0,0,0,0,0,0
P01827,K23,,2018,NINDS,pre_policy,0,0,0,0,0,0,0,1,0,0,0,0,0,0,0,0,0,0,0,0,0,0,0,0,0,1,1,1,1,1,1,1,1,0,0,pre_legacy,0,0,0,1,0,0,0,0,0,0,0,0,0,0,0,0,0,none,k0p0,,,,,0,,,1,1,0,,,,,,,,,,,,,,,,,
P01828,K08,,2018,NCI,pre_policy,0,0,0,0,0,0,0,0,0,0,0,0,0,0,0,0,0,0,0,0,0,0,0,0,0,0,0,0,0,0,0,0,1,0,0,pre_legacy,0,0,0,1,0,0,0,0,0,0,0,0,0,0,0,0,0,none,k0p0,,,,,0,,,1,1,0,,,,,,,,,,,,,,,,,
P01829,K08,,2018,NIDDK,pre_policy,0,0,0,0,0,0,0,0,0,0,0,0,0,0,0,0,0,0,0,0,0,0,0,0,0,0,0,0,0,0,0,0,1,0,0,pre_legacy,0,0,0,1,0,0,0,0,0,0,0,0,0,0,0,0,0,none,k0p0,,,,,0,,,1,1,0,,,,,,,,,,,,,,,,,
P01830,K23,,2018,NIA,pre_policy,0,0,0,0,0,0,0,1,0,0,0,0,0,0,0,0,0,0,0,0,0,0,0,0,0,1,1,1,1,1,1,1,1,0,0,pre_legacy,0,0,0,1,1,1,1,0,0,0,0,0,0,0,0,1,0,none,k0p0,,,,,0,,,1,1,0,,,,,,,,,,,,,,,,,
P01831,K08,,2018,NIGMS,pre_policy,0,0,0,0,0,0,0,0,0,0,0,0,0,0,0,0,0,0,0,0,0,0,0,0,0,0,0,0,0,0,0,0,1,0,0,pre_legacy,0,0,0,1,0,0,0,0,0,0,0,0,0,0,0,0,0,none,k0p0,,,,,0,,,1,1,0,,,,,,,,,,,,,,,,,
P01832,K08,,2018,NEI,pre_policy,0,0,0,0,0,0,0,1,0,0,0,0,0,0,0,0,0,0,0,0,0,0,0,0,0,1,1,1,1,1,1,1,1,0,0,pre_legacy,0,0,0,1,0,0,0,0,0,0,0,0,0,0,0,0,0,none,k0p0,,,,,0,,,1,1,0,,,,,,,,,,,,,,,,,
P01833,K23,,2018,NIDDK,pre_policy,0,0,0,0,0,0,0,1,0,0,0,0,0,0,0,0,0,0,0,0,0,0,0,0,0,1,1,1,1,1,1,1,1,0,0,pre_legacy,0,0,0,1,1,1,1,0,0,0,0,0,0,0,0,1,0,none,k0p0,,,,,0,,,1,1,0,,,,,,,,,,,,,,,,,
P01834,K08,,2018,NIDDK,pre_policy,0,0,0,0,0,0,0,1,0,0,0,0,0,0,0,0,0,0,0,0,0,0,0,0,0,1,1,1,1,1,1,1,1,0,0,pre_legacy,0,0,0,1,0,0,0,0,0,0,0,0,0,0,0,0,0,none,k0p0,,,,,0,,,1,1,0,,,,,,,,,,,,,,,,,
P01835,K08,,2018,NINDS,pre_policy,0,0,0,0,0,0,0,0,0,0,0,0,0,0,0,0,0,0,0,0,0,0,0,0,0,0,0,0,0,0,0,0,1,0,0,pre_legacy,0,0,0,1,0,0,0,0,0,0,0,0,0,0,0,0,0,none,k0p0,,,,,0,,,1,1,0,,,,,,,,,,,,,,,,,
P01836,K08,,2018,NIGMS,pre_policy,0,0,0,0,0,0,0,0,0,0,0,0,0,0,0,0,0,0,0,0,0,0,0,0,0,0,0,0,0,0,0,0,1,0,0,pre_legacy,0,0,0,1,0,0,0,0,0,0,0,0,0,0,0,0,0,none,k0p0,,,,,0,,,1,1,0,,,,,,,,,,,,,,,,,
P01837,K08,,2018,NIDDK,pre_policy,0,0,0,0,0,0,0,1,0,0,0,0,0,0,0,0,0,0,0,0,0,0,0,0,0,1,1,1,1,1,1,1,1,0,0,pre_legacy,0,0,0,1,0,0,0,0,0,0,0,0,0,0,0,0,0,none,k0p0,,,,,0,,,1,1,0,,,,,,,,,,,,,,,,,
P01838,K23,,2018,NIA,pre_policy,0,1,0,1,0,0,0,1,0,1,1,0,0,0,0,0,0,1,0,0,0,0,1,0,1,1,1,1,1,1,1,1,1,0,0,pre_legacy,1,0,0,1,0,0,0,0,0,1,1,0,0,0,0,0,1,ktrial_only,k1p0,k1p0,k1p0,k1p0,k1p0,0,,,1,1,1,1,0,0,0,1,0,0,1,0,1,1,1,0,0,0,0,0
P01839,K08,,2018,NIMH,pre_policy,0,0,0,0,0,0,0,1,0,0,0,0,0,0,0,0,0,0,0,0,0,0,0,0,0,1,1,1,1,1,1,1,1,0,0,pre_legacy,0,0,0,1,0,0,0,0,0,0,0,0,0,0,0,0,0,none,k0p0,,,,,0,,,1,1,0,,,,,,,,,,,,,,,,,
P01840,K08,,2018,NIAMS,pre_policy,0,0,1,1,0,1,1,0,0,0,0,0,1,1,1,0,0,0,1,0,0,0,0,0,0,0,0,0,0,0,0,0,1,0,1,pre_legacy,0,0,0,1,1,0,1,0,0,0,0,1,0,1,1,1,0,new_trial,k0p1,,,,,0,,,1,1,0,,,,,,,,,,,,,,,,,
P01841,K23,,2018,NIMH,pre_policy,0,1,0,1,0,0,0,0,0,1,0,0,0,0,0,0,0,1,0,0,0,0,1,0,1,0,1,0,0,1,0,0,1,0,0,pre_legacy,1,1,1,1,0,0,0,0,0,1,1,0,0,0,0,0,1,ktrial_only,k1p0,k1p0,k1p0,k1p0,k1p0,0,,,1,1,1,1,0,1,0,0,1,0,0,0,0,1,1,1,0,1,1,1
P01842,K23,,2018,NICHD,pre_policy,0,0,0,0,0,0,0,0,0,0,0,0,0,0,0,0,0,0,0,0,0,0,0,0,0,0,0,0,0,0,0,0,1,0,0,pre_legacy,0,0,0,1,0,0,0,0,0,0,0,0,0,0,0,0,0,none,k0p0,,,,,0,,,1,1,0,,,,,,,,,,,,,,,,,
P01843,K23,,2018,NICHD,pre_policy,0,1,1,1,1,1,1,0,0,0,0,0,0,0,1,0,0,0,1,0,0,0,1,0,0,0,0,0,0,0,0,0,1,0,1,pre_legacy,0,0,0,1,1,0,1,0,0,0,0,1,0,1,1,1,1,new_trial,k0p1,k0p1,k0p1,k0p1,k0p1,1,1,1,1,1,1,0,0,0,0,0,0,0,0,0,0,0,0,0,0,0,0,0
P01844,K23,,2018,NICHD,pre_policy,0,1,1,1,0,1,1,0,0,1,0,0,1,1,1,1,0,1,1,0,1,1,1,1,0,0,0,0,0,0,0,0,1,0,0,pre_legacy,1,1,0,1,1,0,1,1,0,0,1,1,1,1,1,1,0,new_trial,k1p1,,,,,0,,,1,1,1,1,1,0,0,0,1,0,0,1,0,1,1,1,0,1,0,0
P01845,K23,,2018,NIDA,pre_policy,0,0,0,0,0,0,1,0,0,0,0,0,0,0,1,0,0,0,0,0,0,0,0,0,0,0,0,0,0,0,0,0,1,0,1,pre_legacy,0,0,0,1,0,0,0,0,0,0,0,0,0,0,0,0,0,none,k0p0,,,,,0,,,1,1,0,,,,,,,,,,,,,,,,,
P01846,K08,,2018,NCI,pre_policy,0,0,0,0,0,0,0,0,0,0,0,0,0,0,0,0,0,0,0,0,0,0,0,0,0,0,1,0,0,1,0,0,1,0,0,pre_legacy,0,0,0,1,0,0,0,0,0,0,0,0,0,0,0,0,0,none,k0p0,,,,,0,,,1,1,0,,,,,,,,,,,,,,,,,
P01847,K23,,2018,NHLBI,pre_policy,0,0,0,0,0,0,1,1,0,0,0,0,0,0,0,0,0,0,0,0,0,0,0,0,0,1,1,1,1,1,1,1,1,0,1,pre_legacy,0,0,0,1,1,1,1,0,0,0,0,0,0,0,0,1,0,none,k0p0,,,,,0,,,1,1,0,,,,,,,,,,,,,,,,,
P01848,K23,,2018,NIA,pre_policy,0,0,1,1,1,1,1,0,0,0,0,0,1,0,1,1,0,0,1,0,0,0,0,0,0,0,0,0,0,0,0,0,1,0,1,pre_legacy,0,0,0,1,1,0,1,0,0,0,0,1,0,1,1,1,0,new_trial,k0p1,,,,,0,,,1,1,0,,,,,,,,,,,,,,,,,
P01849,K23,,2018,NINR,pre_policy,0,0,0,0,0,0,0,0,0,0,0,0,0,0,0,0,0,0,0,0,0,0,0,0,0,0,0,0,0,0,0,0,1,0,0,pre_legacy,0,0,0,1,0,0,0,0,0,0,0,0,0,0,0,0,0,none,k0p0,,,,,0,,,1,1,0,,,,,,,,,,,,,,,,,
P01850,K08,,2018,NHGRI,pre_policy,0,0,1,1,0,0,0,0,0,0,0,0,0,0,1,1,0,0,1,0,1,0,0,0,0,0,0,0,0,0,0,0,1,0,0,pre_legacy,0,0,0,1,1,0,1,0,0,0,0,1,0,1,1,1,0,new_trial,k0p1,,,,,0,,,1,1,0,,,,,,,,,,,,,,,,,
P01851,K23,,2018,NINR,pre_policy,0,1,0,1,0,0,0,0,0,1,0,0,0,0,0,0,0,1,0,0,0,0,1,1,0,0,0,0,0,0,0,0,1,0,0,pre_legacy,1,1,1,1,0,0,0,1,0,0,1,0,1,0,0,0,0,ktrial_only,k1p0,,,,,0,,,1,1,1,1,1,0,0,0,1,0,0,1,0,1,1,1,0,1,1,1
P01852,K23,,2018,NINR,pre_policy,0,0,1,1,0,1,0,1,0,0,0,1,1,1,1,0,0,0,1,1,1,1,0,0,0,1,1,1,1,1,1,1,1,0,0,pre_legacy,0,0,0,1,1,0,1,0,0,0,0,1,0,1,1,1,0,new_trial,k0p1,,,,,0,,,1,1,0,,,,,,,,,,,,,,,,,
P01853,K08,,2018,NINDS,pre_policy,0,0,0,0,0,0,0,0,0,0,0,0,0,0,0,0,0,0,0,0,0,0,0,0,0,0,0,0,0,0,0,0,1,0,0,pre_legacy,0,0,0,1,0,0,0,0,0,0,0,0,0,0,0,0,0,none,k0p0,,,,,0,,,1,1,0,,,,,,,,,,,,,,,,,
P01854,K23,,2018,NEI,pre_policy,0,0,0,0,0,0,0,0,0,0,0,0,0,0,0,0,0,0,0,0,0,0,0,0,0,0,0,0,0,0,0,0,1,0,0,pre_legacy,0,0,0,1,0,0,0,0,0,0,0,0,0,0,0,0,0,none,k0p0,,,,,0,,,1,1,0,,,,,,,,,,,,,,,,,
P01855,K23,,2018,NEI,pre_policy,0,0,0,0,0,0,0,0,0,0,0,0,0,0,0,0,0,0,0,0,0,0,0,0,0,0,1,0,0,1,0,0,1,0,0,pre_legacy,0,0,0,1,0,0,0,0,0,0,0,0,0,0,0,0,0,none,k0p0,,,,,0,,,1,1,0,,,,,,,,,,,,,,,,,
P01856,K08,,2018,NEI,pre_policy,0,0,0,0,0,0,0,0,0,0,0,0,0,0,0,0,0,0,0,0,0,0,0,0,0,0,0,0,0,0,0,0,1,0,0,pre_legacy,0,0,0,1,0,0,0,0,0,0,0,0,0,0,0,0,0,none,k0p0,,,,,0,,,1,1,0,,,,,,,,,,,,,,,,,
P01857,K23,,2019,NIDA,pre_policy,0,1,1,1,0,0,0,0,0,1,0,0,1,0,1,1,0,1,1,0,1,1,1,1,0,0,0,0,0,0,0,0,1,0,0,pre_legacy,1,1,0,1,1,0,1,1,0,0,1,1,0,1,1,1,0,new_trial,k1p1,,,,,1,1,1,1,1,1,1,1,0,0,0,1,0,0,1,0,1,1,1,0,1,0,0
P01858,K23,,2019,NIAAA,pre_policy,0,1,0,0,0,0,1,0,0,0,0,0,0,0,0,0,0,0,0,0,0,0,0,0,0,0,0,0,0,0,0,0,1,1,1,pre_legacy,0,0,0,1,0,0,0,0,0,0,0,0,0,0,0,0,0,none,k0p0,,,,,0,,,1,1,0,,,,,,,,,,,,,,,,,
P01859,K23,,2019,NIDA,pre_policy,0,1,0,0,0,0,0,0,0,0,0,0,0,0,0,0,0,0,0,0,0,0,0,0,0,0,0,0,0,0,0,0,1,0,0,pre_legacy,0,0,0,1,0,0,0,0,0,0,0,0,0,0,0,0,0,none,k0p0,,,,,0,,,1,1,1,0,0,0,0,0,0,0,0,0,0,0,0,0,0,0,0,0
P01860,K23,,2019,NIAAA,pre_policy,0,0,0,0,0,0,0,0,0,0,0,0,0,0,0,0,0,0,0,0,0,0,0,0,0,0,0,0,0,0,0,0,1,0,0,pre_legacy,0,0,0,1,0,0,0,0,0,0,0,0,0,0,0,0,0,none,k0p0,,,,,0,,,1,1,0,,,,,,,,,,,,,,,,,
